experiment,instance,seed,algorithm,budget,n,m0,initial_colours,updates,samples,mean_colours,max_colours,final_colours,mean_recoloured,max_recoloured,total_recoloured,share_updates_recolouring,mean_time_us,median_time_us,p95_time_us,max_time_us,wall_s,file,conflict_rate,new_colour_rate,eliminations,max_recolourings_per_vertex,gini_recolourings,ks_plans,ks_plans_found,ks_migrations_done,ks_migrations_abandoned,ks_plans_stale,ks_planned_moves,ks_tabu_iterations,ks_search_nodes,tabu_iterations
E2,DSJC125.5,0,DSATUR-Recompute,,125,3113,14,5000,500,17.654,19,17,15.3,96,,0.304,3379.471582,3072.464001,5197.4501,5584.457,3.574140108,DSJC125.5__DSATUR-Recompute__s0.json,,,,,,,,,,,,,,
E2,DSJC125.5,1,DSATUR-Recompute,,125,3113,14,5000,500,17.71,20,18,14.038,92,,0.282,3618.418074,3226.661501,5160.639349,34647.765,3.709455644,DSJC125.5__DSATUR-Recompute__s1.json,,,,,,,,,,,,,,
E2,DSJC125.5,2,DSATUR-Recompute,,125,3113,14,5000,500,17.528,19,18,14.474,92,,0.286,3314.367976,3062.8035,4931.460701,31152.458,3.415001418,DSJC125.5__DSATUR-Recompute__s2.json,,,,,,,,,,,,,,
E2,DSJC125.5,3,DSATUR-Recompute,,125,3113,14,5000,500,17.698,20,17,14.56,94,,0.28,4206.33708,3189.797,7649.7107,14500.608,4.409985064,DSJC125.5__DSATUR-Recompute__s3.json,,,,,,,,,,,,,,
E2,DSJC125.5,4,DSATUR-Recompute,,125,3113,14,5000,500,17.678,19,18,14.65,91,,0.284,3975.636318,3234.7385,5471.637501,32811.823,4.086671699,DSJC125.5__DSATUR-Recompute__s4.json,,,,,,,,,,,,,,
E2,DSJC125.5,0,FF-Repair,,125,3113,14,5000,,21.8392,23,23,0.019,1,95,0.019,1.8690246,1.555,2.41715,36.787,0.047236388,DSJC125.5__FF-Repair__s0.json,0.019,0.0018,0,5,0.6613894737,,,,,,,,,
E2,DSJC125.5,1,FF-Repair,,125,3113,14,5000,,20.7112,23,23,0.0144,1,72,0.0144,2.215855,1.67,3.3861,83.115,0.054705303,DSJC125.5__FF-Repair__s1.json,0.0144,0.0018,0,3,0.6664444444,,,,,,,,,
E2,DSJC125.5,2,FF-Repair,,125,3113,14,5000,,22.1428,24,24,0.0222,1,111,0.0222,1.910328,1.549,2.5964,86.486,0.048679411,DSJC125.5__FF-Repair__s2.json,0.0222,0.002,0,6,0.6139099099,,,,,,,,,
E2,DSJC125.5,3,FF-Repair,,125,3113,14,5000,,21.7184,24,24,0.0176,1,88,0.0176,2.0841996,1.631,3.0741,134.344,0.051394382,DSJC125.5__FF-Repair__s3.json,0.0176,0.002,0,4,0.6787272727,,,,,,,,,
E2,DSJC125.5,4,FF-Repair,,125,3113,14,5000,,21.0038,23,23,0.0164,1,82,0.0164,1.9674734,1.583,2.8181,100.737,0.05226878,DSJC125.5__FF-Repair__s4.json,0.0164,0.0018,0,4,0.6271219512,,,,,,,,,
E2,DSJC125.5,0,KERB-R10,10,125,3113,14,5000,,16.3144,18,16,0.193,10,965,0.0652,1251.521205,102.767,5823.3217,75427.448,6.316699058,DSJC125.5__KERB-R10__s0.json,0.0418,0.0066,31,17,0.2530487047,52,46,25,19,1,304,19301,961011,
E2,DSJC125.5,1,KERB-R10,10,125,3113,14,5000,,16.3902,18,16,0.1956,10,978,0.0654,1149.599552,105.496,5460.10385,76198.445,5.806238537,DSJC125.5__KERB-R10__s1.json,0.0436,0.0062,29,15,0.2336523517,47,41,22,18,0,299,20057,897057,
E2,DSJC125.5,2,KERB-R10,10,125,3113,14,5000,,15.824,17,16,0.1846,10,923,0.061,1239.611328,63.278,5477.9391,54180.613,6.257683416,DSJC125.5__KERB-R10__s2.json,0.038,0.0068,32,16,0.2441430119,55,36,22,13,0,275,29255,936193,
E2,DSJC125.5,3,KERB-R10,10,125,3113,14,5000,,16.4448,18,17,0.2256,10,1128,0.0694,1294.8874,99.7095,5627.26095,56530.526,6.537673675,DSJC125.5__KERB-R10__s3.json,0.0452,0.0086,40,18,0.2039858156,55,44,29,14,0,320,24397,1014727,
E2,DSJC125.5,4,KERB-R10,10,125,3113,14,5000,,16.2252,17,17,0.2058,10,1029,0.0658,1356.221187,89.273,6233.7774,75034.434,6.846918055,DSJC125.5__KERB-R10__s4.json,0.0402,0.008,37,19,0.2305306122,60,47,28,19,0,349,26755,983722,
E2,DSJC125.5,0,KERB-R1,1,125,3113,14,5000,,18.4686,21,19,0.088,1,440,0.088,43.554372,20.752,67.63415,30081.816,0.264083313,DSJC125.5__KERB-R1__s0.json,0.03,0.0062,26,12,0.3647636364,55,54,22,30,1,282,2022,976,
E2,DSJC125.5,1,KERB-R1,1,125,3113,14,5000,,18.116,20,20,0.1038,1,519,0.1038,40.505684,20.6875,68.20925,8717.855,0.247087653,DSJC125.5__KERB-R1__s1.json,0.0346,0.008,34,11,0.3434913295,65,65,33,32,0,337,1875,1004,
E2,DSJC125.5,2,KERB-R1,1,125,3113,14,5000,,17.9618,20,19,0.1184,1,592,0.1184,54.4523412,23.605,82.6352,40322.797,0.319192837,DSJC125.5__KERB-R1__s2.json,0.0348,0.0072,31,12,0.2758378378,62,61,31,29,0,413,3075,918,
E2,DSJC125.5,3,KERB-R1,1,125,3113,14,5000,,18.1256,20,18,0.1034,1,517,0.1034,80.104109,28.194,145.9005,57632.429,0.456076485,DSJC125.5__KERB-R1__s3.json,0.0324,0.007,31,11,0.3243636364,58,56,28,27,0,348,3679,1749,
E2,DSJC125.5,4,KERB-R1,1,125,3113,14,5000,,18.6656,21,19,0.0932,1,466,0.0932,59.567535,22.3045,98.03855,33022.76,0.343217723,DSJC125.5__KERB-R1__s4.json,0.0348,0.0074,32,11,0.3492532189,59,56,29,25,1,287,4401,2695,
E2,DSJC125.5,0,KERB-R25,25,125,3113,14,5000,,16.5398,18,17,0.2198,18,1099,0.0684,1279.215129,96.024,5941.03875,72506.05,6.458542943,DSJC125.5__KERB-R25__s0.json,0.0444,0.008,37,20,0.2501182894,54,49,27,19,2,365,19636,989493,
E2,DSJC125.5,1,KERB-R25,25,125,3113,14,5000,,16.1994,18,17,0.1808,24,904,0.058,1224.996179,75.3685,5428.58195,67758.087,6.183321921,DSJC125.5__KERB-R25__s1.json,0.038,0.0056,25,17,0.2692920354,49,39,20,18,0,308,21930,965006,
E2,DSJC125.5,2,KERB-R25,25,125,3113,14,5000,,16.1452,17,16,0.2048,21,1024,0.0628,1324.153847,106.7105,6458.92665,52655.883,6.689796667,DSJC125.5__KERB-R25__s2.json,0.0438,0.0068,32,17,0.207296875,51,43,21,21,0,288,23184,945656,
E2,DSJC125.5,3,KERB-R25,25,125,3113,14,5000,,16.358,18,16,0.2114,19,1057,0.0656,1281.392267,93.7045,5946.7912,56319.891,6.467820391,DSJC125.5__KERB-R25__s3.json,0.0414,0.0082,39,21,0.2392582781,62,52,34,17,0,335,25614,963321,
E2,DSJC125.5,4,KERB-R25,25,125,3113,14,5000,,16.27,18,17,0.2106,20,1053,0.0618,1577.448531,97.384,6192.4366,58259.82,7.958949499,DSJC125.5__KERB-R25__s4.json,0.0414,0.0068,31,21,0.2480987654,55,41,24,17,0,334,29576,1219749,
E2,DSJC125.5,0,KERB-R2,2,125,3113,14,5000,,17.5592,20,17,0.2016,2,1008,0.1274,139.0150238,41.6365,381.1566,30321.596,0.74848159,DSJC125.5__KERB-R2__s0.json,0.0388,0.0072,33,18,0.2233174603,57,53,32,20,0,627,8235,30544,
E2,DSJC125.5,1,KERB-R2,2,125,3113,14,5000,,16.921,19,17,0.1728,2,864,0.1092,121.835697,51.0795,373.51875,21152.867,0.660329777,DSJC125.5__KERB-R2__s1.json,0.0342,0.0048,21,17,0.2581111111,44,44,20,23,0,518,4709,31984,
E2,DSJC125.5,2,KERB-R2,2,125,3113,14,5000,,16.7788,19,19,0.23,2,1150,0.1464,268.5987818,43.046,420.06075,83282.705,1.415529009,DSJC125.5__KERB-R2__s2.json,0.0382,0.0082,36,17,0.2156521739,56,52,32,20,0,726,11059,33706,
E2,DSJC125.5,3,KERB-R2,2,125,3113,14,5000,,17.435,19,18,0.2166,2,1083,0.1368,154.846163,38.9145,341.90145,88484.269,0.827810498,DSJC125.5__KERB-R2__s3.json,0.036,0.0072,32,20,0.2278559557,48,45,27,17,0,651,9156,32240,
E2,DSJC125.5,4,KERB-R2,2,125,3113,14,5000,,17.0508,19,18,0.1978,2,989,0.1252,172.3548924,47.0335,378.4268,55416.686,0.915543694,DSJC125.5__KERB-R2__s4.json,0.037,0.0068,30,16,0.2221557128,52,45,30,14,0,589,11325,27328,
E2,DSJC125.5,0,KERB-R3,3,125,3113,14,5000,,16.8324,19,17,0.2852,3,1426,0.1318,266.1428794,60.9905,930.8734,34177.027,1.460626832,DSJC125.5__KERB-R3__s0.json,0.0388,0.0058,26,23,0.1935259467,45,41,25,16,0,727,12652,132067,
E2,DSJC125.5,1,KERB-R3,3,125,3113,14,5000,,16.4572,18,17,0.3286,3,1643,0.1496,346.9319238,60.9215,1159.4331,54031.502,1.863959861,DSJC125.5__KERB-R3__s1.json,0.0414,0.0094,44,28,0.189458308,68,57,42,14,0,823,21378,152581,
E2,DSJC125.5,2,KERB-R3,3,125,3113,14,5000,,16.4574,18,17,0.3456,3,1728,0.1604,363.6695828,67.249,1150.45805,48538.169,1.948905188,DSJC125.5__KERB-R3__s2.json,0.0452,0.0096,45,27,0.1968148148,63,51,43,7,0,856,21693,159679,
E2,DSJC125.5,3,KERB-R3,3,125,3113,14,5000,,16.687,18,16,0.398,3,1990,0.1756,376.848879,69.6025,1138.40305,56699.309,2.014220117,DSJC125.5__KERB-R3__s3.json,0.0458,0.0072,33,30,0.1864040201,59,47,34,12,0,966,23455,151779,
E2,DSJC125.5,4,KERB-R3,3,125,3113,14,5000,,16.6236,18,17,0.3054,3,1527,0.1406,268.5312342,49.3375,1015.4735,39638.011,1.47071282,DSJC125.5__KERB-R3__s4.json,0.044,0.0068,31,25,0.199827112,50,45,29,16,0,762,12118,135837,
E2,DSJC125.5,0,KERB-R5,5,125,3113,14,5000,,16.2788,17,16,0.352,5,1760,0.1126,1040.284321,87.453,5027.5567,47619.122,5.260295809,DSJC125.5__KERB-R5__s0.json,0.047,0.008,38,26,0.1996272727,62,46,35,10,0,648,31105,768618,
E2,DSJC125.5,1,KERB-R5,5,125,3113,14,5000,,16.306,18,17,0.3122,5,1561,0.103,1017.738266,83.0175,4712.9226,66586.773,5.143664914,DSJC125.5__KERB-R5__s1.json,0.0442,0.007,32,27,0.1742882767,54,40,28,11,0,556,25325,829363,
E2,DSJC125.5,2,KERB-R5,5,125,3113,14,5000,,16.0106,18,16,0.3338,5,1669,0.1136,990.0276194,77.0395,4906.9395,57786.511,5.007427545,DSJC125.5__KERB-R5__s2.json,0.0478,0.0084,40,25,0.1757603355,61,42,37,4,0,605,31282,710112,
E2,DSJC125.5,3,KERB-R5,5,125,3113,14,5000,,16.1988,18,16,0.298,5,1490,0.1,1048.085724,87.834,5211.8694,64043.488,5.302716469,DSJC125.5__KERB-R5__s3.json,0.0458,0.0072,34,26,0.2185020134,64,44,28,16,0,545,32029,700718,
E2,DSJC125.5,4,KERB-R5,5,125,3113,14,5000,,16.4818,18,17,0.3932,5,1966,0.1244,1025.599325,89.057,4853.0875,41945.861,5.188725472,DSJC125.5__KERB-R5__s4.json,0.048,0.0058,26,29,0.1753652085,43,36,23,12,0,712,18646,821918,
E2,DSJC125.5,0,KERB-direct,3,125,3113,14,5000,,17.9424,20,18,0.1014,3,507,0.0684,55.1898548,29.191,82.0774,31097.895,0.326772758,DSJC125.5__KERB-direct__s0.json,0.0304,0.006,26,11,0.3346745562,55,54,25,28,0,348,2418,0,
E2,DSJC125.5,1,KERB-direct,3,125,3113,14,5000,,17.9046,20,17,0.1002,3,501,0.065,53.93493,26.336,100.1523,15591.583,0.315088336,DSJC125.5__KERB-direct__s1.json,0.031,0.0068,31,11,0.3841596806,63,63,28,32,2,324,2856,0,
E2,DSJC125.5,2,KERB-direct,3,125,3113,14,5000,,18.2578,20,18,0.0962,3,481,0.0658,46.384679,20.7985,79.0029,25434.566,0.277509655,DSJC125.5__KERB-direct__s2.json,0.0328,0.0064,28,13,0.3577879418,57,56,25,30,1,303,2583,0,
E2,DSJC125.5,3,KERB-direct,3,125,3113,14,5000,,18.1304,20,19,0.1096,3,548,0.0712,58.6684458,22.4175,71.991,56571.366,0.340204615,DSJC125.5__KERB-direct__s3.json,0.0332,0.0074,32,10,0.3007883212,66,64,31,32,0,367,3684,0,
E2,DSJC125.5,4,KERB-direct,3,125,3113,14,5000,,17.7286,20,19,0.104,3,520,0.069,91.2134724,31.9745,135.11985,46693.142,0.51854034,DSJC125.5__KERB-direct__s4.json,0.033,0.0074,31,12,0.3385538462,59,56,28,27,0,337,4702,0,
E2,DSJC125.5,0,KERB-kempe,3,125,3113,14,5000,,18.3108,20,18,0.113,3,565,0.0724,45.6980704,20.0755,89.4007,28999.937,0.273997314,DSJC125.5__KERB-kempe__s0.json,0.0326,0.0068,30,9,0.3004884956,64,63,30,32,0,389,2405,0,
E2,DSJC125.5,1,KERB-kempe,3,125,3113,14,5000,,17.724,19,18,0.1054,3,527,0.0678,54.377984,28.3965,103.90535,23762.026,0.317543436,DSJC125.5__KERB-kempe__s1.json,0.0338,0.0058,25,12,0.3643870968,56,56,24,31,0,336,2993,0,
E2,DSJC125.5,2,KERB-kempe,3,125,3113,14,5000,,17.8922,20,18,0.116,3,580,0.0754,55.4976976,24.481,95.6377,32158.18,0.326398613,DSJC125.5__KERB-kempe__s2.json,0.039,0.0074,33,10,0.2691310345,63,62,32,30,0,357,2872,0,
E2,DSJC125.5,3,KERB-kempe,3,125,3113,14,5000,,18.3872,21,18,0.0872,3,436,0.058,53.5500012,22.0595,76.3351,54973.088,0.311939787,DSJC125.5__KERB-kempe__s3.json,0.0306,0.0052,22,11,0.3827155963,53,51,21,29,0,268,3021,0,
E2,DSJC125.5,4,KERB-kempe,3,125,3113,14,5000,,18.1414,21,19,0.089,3,445,0.0608,97.1907938,36.465,150.0802,61215.772,0.547844162,DSJC125.5__KERB-kempe__s4.json,0.0308,0.0064,27,11,0.3279101124,60,57,27,29,0,270,4784,0,
E2,DSJC125.5,0,KERB-noElim,3,125,3113,14,5000,,16.8972,19,17,0.3076,3,1538,0.1392,241.6349278,47.2295,859.72865,49177.594,1.261220804,DSJC125.5__KERB-noElim__s0.json,0.041,0.0064,29,23,0.1891391417,50,42,29,12,0,789,13873,95691,
E2,DSJC125.5,1,KERB-noElim,3,125,3113,14,5000,,16.4934,18,16,0.2908,3,1454,0.1298,260.425081,43.3285,890.4304,54617.439,1.35502571,DSJC125.5__KERB-noElim__s1.json,0.0406,0.0058,27,26,0.222173315,53,45,27,17,0,741,15326,113585,
E2,DSJC125.5,2,KERB-noElim,3,125,3113,14,5000,,16.6902,18,18,0.2594,3,1297,0.1174,179.2036554,30.3495,655.935,46805.296,0.946344271,DSJC125.5__KERB-noElim__s2.json,0.037,0.0048,20,22,0.2038673863,39,34,20,13,0,679,9973,75395,
E2,DSJC125.5,3,KERB-noElim,3,125,3113,14,5000,,16.8068,19,18,0.3478,3,1739,0.1576,313.4433672,52.1725,930.49015,54918.808,1.620970635,DSJC125.5__KERB-noElim__s3.json,0.0424,0.0072,31,30,0.186746406,55,46,32,13,0,927,18465,143340,
E2,DSJC125.5,4,KERB-noElim,3,125,3113,14,5000,,16.9774,18,17,0.2766,3,1383,0.1304,195.7530328,49.262,773.5632,38944.485,1.034421852,DSJC125.5__KERB-noElim__s4.json,0.0454,0.004,17,19,0.1887722343,36,33,17,15,0,681,8545,87172,
E2,DSJC125.5,0,KERB-noMig,3,125,3113,14,5000,,17.816,19,18,0.0394,3,197,0.0244,21.1146996,6.6035,13.0696,2893.653,0.14620416,DSJC125.5__KERB-noMig__s0.json,0.0242,0.0012,2,4,0.4285888325,0,0,0,0,0,0,0,14822,
E2,DSJC125.5,1,KERB-noMig,3,125,3113,14,5000,,17.3582,19,18,0.0384,3,192,0.0256,19.5539468,6.53,16.10705,3243.069,0.140111313,DSJC125.5__KERB-noMig__s1.json,0.0254,0.001,1,6,0.5358333333,0,0,0,0,0,0,0,12075,
E2,DSJC125.5,2,KERB-noMig,3,125,3113,14,5000,,18.6288,19,19,0.0368,3,184,0.0264,17.9087418,6.662,25.92745,3208.724,0.132186685,DSJC125.5__KERB-noMig__s2.json,0.0264,0.001,0,6,0.5074782609,0,0,0,0,0,0,0,9418,
E2,DSJC125.5,3,KERB-noMig,3,125,3113,14,5000,,18.4302,19,19,0.037,3,185,0.025,20.0122746,6.708,13.92045,3519.796,0.140735193,DSJC125.5__KERB-noMig__s3.json,0.025,0.001,0,5,0.4281945946,0,0,0,0,0,0,0,12914,
E2,DSJC125.5,4,KERB-noMig,3,125,3113,14,5000,,18.4344,19,19,0.0374,3,187,0.0244,19.6033828,6.793,18.596,3630.699,0.14544397,DSJC125.5__KERB-noMig__s4.json,0.0244,0.001,0,6,0.4510802139,0,0,0,0,0,0,0,10486,
E2,DSJC125.5,0,KERB-tabu,3,125,3113,14,5000,,16.431,19,17,0.2646,3,1323,0.1208,1374.761789,55.732,8557.53915,48971.024,6.93452836,DSJC125.5__KERB-tabu__s0.json,0.0372,0.0058,26,20,0.2092940287,53,39,25,13,1,639,233168,153707,
E2,DSJC125.5,1,KERB-tabu,3,125,3113,14,5000,,16.6912,18,17,0.2972,3,1486,0.1346,990.7862942,64.4305,7671.3742,41217.103,5.01250035,DSJC125.5__KERB-tabu__s1.json,0.0402,0.0062,28,23,0.1980080754,49,42,27,14,0,732,150400,154645,
E2,DSJC125.5,2,KERB-tabu,3,125,3113,14,5000,,16.5832,18,17,0.3704,3,1852,0.1668,1361.173964,67.917,8056.5662,48850.017,6.867388361,DSJC125.5__KERB-tabu__s2.json,0.0486,0.008,37,32,0.1791792657,61,50,34,15,0,908,231352,176952,
E2,DSJC125.5,3,KERB-tabu,3,125,3113,14,5000,,16.5286,18,16,0.3312,3,1656,0.1518,1200.655383,71.5665,8278.4378,62476.26,6.066488625,DSJC125.5__KERB-tabu__s3.json,0.041,0.0078,37,25,0.1833333333,60,51,35,15,0,890,187269,151315,
E2,DSJC125.5,4,KERB-tabu,3,125,3113,14,5000,,16.5082,18,16,0.3348,3,1674,0.1528,1079.260045,59.626,8075.25075,42694.777,5.454904994,DSJC125.5__KERB-tabu__s4.json,0.0422,0.0084,40,29,0.2048841099,60,47,39,7,0,865,177267,132304,
E2,DSJC125.5,0,Tabu-WarmStart,,125,3113,14,5000,,15.101,16,15,0.7328,90,3664,0.0566,1388.292542,2.002,120.69635,111154.295,6.993226796,DSJC125.5__Tabu-WarmStart__s0.json,0.0518,0.005,24,47,0.1361921397,,,,,,,,,191266
E2,DSJC125.5,1,Tabu-WarmStart,,125,3113,14,5000,,14.8802,16,15,0.7182,87,3591,0.0524,1514.245419,2.1535,70.02245,143136.313,7.625337636,DSJC125.5__Tabu-WarmStart__s1.json,0.0482,0.0048,23,48,0.1260840991,,,,,,,,,198078
E2,DSJC125.5,2,Tabu-WarmStart,,125,3113,14,5000,,14.862,16,15,0.74,87,3700,0.0576,1458.190163,2.127,91.77505,133349.525,7.344613239,DSJC125.5__Tabu-WarmStart__s2.json,0.0534,0.0048,23,46,0.1258810811,,,,,,,,,197895
E2,DSJC125.5,3,Tabu-WarmStart,,125,3113,14,5000,,15.0546,16,15,0.841,86,4205,0.0556,1374.813604,2.0045,143.5303,119497.078,6.933404821,DSJC125.5__Tabu-WarmStart__s3.json,0.0502,0.0058,28,53,0.1137388823,,,,,,,,,189935
E2,DSJC125.5,4,Tabu-WarmStart,,125,3113,14,5000,,14.9612,16,15,0.8274,103,4137,0.0542,1407.714545,2.077,110.0949,107319.586,7.091735529,DSJC125.5__Tabu-WarmStart__s4.json,0.0494,0.0052,25,52,0.1223572637,,,,,,,,,199727
E2,DSJC250.5,0,DSATUR-Recompute,,250,12534,24,5000,500,29.48,32,29,24.916,196,,0.238,17078.04104,14342.518,25962.30085,61981.391,17.47570322,DSJC250.5__DSATUR-Recompute__s0.json,,,,,,,,,,,,,,
E2,DSJC250.5,1,DSATUR-Recompute,,250,12534,24,5000,500,29.58,31,30,24.558,194,,0.22,15801.76289,14677.1695,23619.4116,32309.45,17.75682735,DSJC250.5__DSATUR-Recompute__s1.json,,,,,,,,,,,,,,
E2,DSJC250.5,2,DSATUR-Recompute,,250,12534,24,5000,500,29.636,31,31,26.598,196,,0.232,17012.8695,14466.4185,26811.91485,62478.224,17.46543857,DSJC250.5__DSATUR-Recompute__s2.json,,,,,,,,,,,,,,
E2,DSJC250.5,3,DSATUR-Recompute,,250,12534,24,5000,500,29.566,31,29,21.68,193,,0.212,16697.3896,14161.207,31374.1692,56282.217,16.97272316,DSJC250.5__DSATUR-Recompute__s3.json,,,,,,,,,,,,,,
E2,DSJC250.5,4,DSATUR-Recompute,,250,12534,24,5000,500,29.808,32,29,21.04,195,,0.202,16779.84724,14472.71,27197.6915,63350.228,17.32700328,DSJC250.5__DSATUR-Recompute__s4.json,,,,,,,,,,,,,,
E2,DSJC250.5,0,FF-Repair,,250,12534,24,5000,,32.099,36,36,0.0188,1,94,0.0188,2.1553004,1.712,3.05995,40.728,0.084954968,DSJC250.5__FF-Repair__s0.json,0.0188,0.0024,0,2,0.7136170213,,,,,,,,,
E2,DSJC250.5,1,FF-Repair,,250,12534,24,5000,,32.0018,35,35,0.021,1,105,0.021,2.109626,1.64,3.1335,37.948,0.083884223,DSJC250.5__FF-Repair__s1.json,0.021,0.0022,0,4,0.7045714286,,,,,,,,,
E2,DSJC250.5,2,FF-Repair,,250,12534,24,5000,,32.0176,35,35,0.0184,1,92,0.0184,2.145144,1.6695,3.1361,45.373,0.087910469,DSJC250.5__FF-Repair__s2.json,0.0184,0.0022,0,3,0.7555652174,,,,,,,,,
E2,DSJC250.5,3,FF-Repair,,250,12534,24,5000,,33.6054,37,37,0.0204,1,102,0.0204,2.4079986,1.7185,3.77175,262.85,0.09134021,DSJC250.5__FF-Repair__s3.json,0.0204,0.0026,0,3,0.7029803922,,,,,,,,,
E2,DSJC250.5,4,FF-Repair,,250,12534,24,5000,,32.0906,35,35,0.0184,1,92,0.0184,2.4141766,1.7445,3.7586,137.068,0.096421786,DSJC250.5__FF-Repair__s4.json,0.0184,0.0022,0,2,0.7033043478,,,,,,,,,
E2,DSJC250.5,0,KERB-R10,10,250,12534,24,5000,,26.944,29,26,0.1892,10,946,0.0552,1606.518065,126.901,7200.9796,68995.387,8.138724169,DSJC250.5__KERB-R10__s0.json,0.0286,0.0056,26,11,0.3585369979,51,42,21,20,0,443,18220,942235,
E2,DSJC250.5,1,KERB-R10,10,250,12534,24,5000,,26.2664,28,27,0.1546,10,773,0.0472,1590.494951,109.0415,7098.00385,103217.381,8.054099295,DSJC250.5__KERB-R10__s1.json,0.0274,0.0048,21,11,0.3874825356,49,36,14,21,0,323,23969,874441,
E2,DSJC250.5,2,KERB-R10,10,250,12534,24,5000,,26.5302,28,27,0.138,10,690,0.0432,1484.116815,124.6565,7080.7459,95121.26,7.523961011,DSJC250.5__KERB-R10__s2.json,0.0276,0.0032,13,10,0.4047768116,41,31,11,20,0,332,19547,843998,
E2,DSJC250.5,3,KERB-R10,10,250,12534,24,5000,,26.8292,29,27,0.1546,10,773,0.047,1467.066413,140.615,7471.3559,76689.564,7.439749418,DSJC250.5__KERB-R10__s3.json,0.0268,0.0038,16,10,0.3972315653,40,36,13,22,0,338,14153,822108,
E2,DSJC250.5,4,KERB-R10,10,250,12534,24,5000,,26.5998,28,26,0.1492,10,746,0.0444,1516.869956,119.0955,7833.03275,93490.055,7.692443971,DSJC250.5__KERB-R10__s4.json,0.0246,0.0042,19,9,0.3933404826,42,34,17,17,0,333,15962,820590,
E2,DSJC250.5,0,KERB-R1,1,250,12534,24,5000,,28.5724,31,29,0.094,1,470,0.094,104.0042328,42.054,151.94285,57086.305,0.616277165,DSJC250.5__KERB-R1__s0.json,0.0262,0.0054,22,8,0.4954042553,53,52,22,30,0,337,2887,1061,
E2,DSJC250.5,1,KERB-R1,1,250,12534,24,5000,,27.5652,31,31,0.097,1,485,0.097,111.6951386,37.101,132.37145,76701.861,0.640750348,DSJC250.5__KERB-R1__s1.json,0.0224,0.005,18,8,0.4753731959,49,48,18,29,0,370,4184,708,
E2,DSJC250.5,2,KERB-R1,1,250,12534,24,5000,,28.0386,31,31,0.1132,1,566,0.1132,168.7093728,34.0655,210.8246,69721.664,0.939098776,DSJC250.5__KERB-R1__s2.json,0.025,0.0066,26,9,0.4399575972,60,56,26,30,0,439,8050,840,
E2,DSJC250.5,3,KERB-R1,1,250,12534,24,5000,,28.4832,31,29,0.1068,1,534,0.1068,111.6037646,31.9405,232.0606,45422.211,0.652818965,DSJC250.5__KERB-R1__s3.json,0.0268,0.0068,29,7,0.4582322097,58,58,27,31,0,394,2682,1257,
E2,DSJC250.5,4,KERB-R1,1,250,12534,24,5000,,28.229,31,28,0.0868,1,434,0.0868,125.4970112,31.9185,148.27065,73210.169,0.718075757,DSJC250.5__KERB-R1__s4.json,0.0204,0.0054,23,9,0.4937142857,56,52,23,29,0,330,5898,931,
E2,DSJC250.5,0,KERB-R25,25,250,12534,24,5000,,26.3002,28,26,0.1732,21,866,0.0448,1654.246012,159.222,7944.57625,83572.62,8.377668522,DSJC250.5__KERB-R25__s0.json,0.0244,0.0058,27,12,0.3845080831,52,40,23,17,0,400,26121,828418,
E2,DSJC250.5,1,KERB-R25,25,250,12534,24,5000,,26.4632,28,28,0.1656,21,828,0.0454,1469.117263,142.802,7279.27775,79165.759,7.451939332,DSJC250.5__KERB-R25__s1.json,0.0282,0.0052,22,10,0.3883961353,43,38,20,18,0,390,15455,836077,
E2,DSJC250.5,2,KERB-R25,25,250,12534,24,5000,,26.637,28,27,0.1624,24,812,0.045,1805.281405,100.775,9068.63265,130187.883,9.146367437,DSJC250.5__KERB-R25__s2.json,0.027,0.0038,16,11,0.3760394089,47,36,15,21,0,393,19929,955302,
E2,DSJC250.5,3,KERB-R25,25,250,12534,24,5000,,26.7558,28,26,0.1302,17,651,0.041,1515.121235,97.612,7167.40025,76690.749,7.685094691,DSJC250.5__KERB-R25__s3.json,0.0272,0.0034,15,10,0.4339969278,44,36,12,24,0,280,17739,857173,
E2,DSJC250.5,4,KERB-R25,25,250,12534,24,5000,,26.773,29,27,0.16,24,800,0.0464,1459.440156,123.236,7061.141,78058.258,7.39863531,DSJC250.5__KERB-R25__s4.json,0.026,0.0058,26,12,0.42074,47,37,20,17,0,375,18660,819217,
E2,DSJC250.5,0,KERB-R2,2,250,12534,24,5000,,27.0194,29,27,0.186,2,930,0.1138,279.8671484,89.381,671.174,59257.637,1.500187354,DSJC250.5__KERB-R2__s0.json,0.023,0.0048,21,10,0.3505548387,43,41,19,21,0,641,8645,41733,
E2,DSJC250.5,1,KERB-R2,2,250,12534,24,5000,,26.5162,28,28,0.198,2,990,0.12,333.6128932,83.1265,771.64105,84117.213,1.764608418,DSJC250.5__KERB-R2__s1.json,0.0248,0.006,26,12,0.3840646465,51,44,24,19,0,708,13119,51734,
E2,DSJC250.5,2,KERB-R2,2,250,12534,24,5000,,27.5136,29,28,0.1898,2,949,0.1154,283.9131556,77.7305,828.46735,71515.615,1.517979705,DSJC250.5__KERB-R2__s2.json,0.0248,0.0054,22,11,0.3654330875,46,41,22,19,0,653,10591,47332,
E2,DSJC250.5,3,KERB-R2,2,250,12534,24,5000,,26.7048,28,26,0.2402,2,1201,0.1454,330.850545,55.798,724.2179,78926.301,1.747024882,DSJC250.5__KERB-R2__s3.json,0.0282,0.0068,32,14,0.3012922565,56,50,29,21,0,871,14179,46869,
E2,DSJC250.5,4,KERB-R2,2,250,12534,24,5000,,27.3706,29,28,0.2002,2,1001,0.1226,287.2747774,63.6945,851.30255,62755.537,1.534222031,DSJC250.5__KERB-R2__s4.json,0.0242,0.0066,29,13,0.3766753247,57,53,28,24,0,718,9957,50305,
E2,DSJC250.5,0,KERB-R3,3,250,12534,24,5000,,26.448,28,27,0.2932,3,1466,0.1304,609.0760376,113.5405,2411.65785,69948.704,3.402140291,DSJC250.5__KERB-R3__s0.json,0.0282,0.0054,24,18,0.3209113233,48,41,23,17,0,873,17440,242513,
E2,DSJC250.5,1,KERB-R3,3,250,12534,24,5000,,26.3446,28,27,0.2178,3,1089,0.0954,628.0592614,80.002,2027.2765,100947.108,3.531821865,DSJC250.5__KERB-R3__s1.json,0.0228,0.0036,15,14,0.3303617998,46,34,15,18,0,658,20459,191887,
E2,DSJC250.5,2,KERB-R3,3,250,12534,24,5000,,26.4292,28,27,0.2784,3,1392,0.123,678.835429,71.3165,2123.63535,91253.063,3.810308739,DSJC250.5__KERB-R3__s2.json,0.028,0.0068,30,17,0.3263850575,61,47,30,16,0,851,24309,203696,
E2,DSJC250.5,3,KERB-R3,3,250,12534,24,5000,,26.3814,28,27,0.2536,3,1268,0.1134,626.1396154,88.6195,2409.5923,91116.746,3.566604355,DSJC250.5__KERB-R3__s3.json,0.0254,0.0056,25,15,0.3542649842,44,35,21,14,0,723,17368,203064,
E2,DSJC250.5,4,KERB-R3,3,250,12534,24,5000,,26.4908,28,27,0.2492,3,1246,0.1094,724.6181844,74.4415,2596.0936,102308.246,4.035228717,DSJC250.5__KERB-R3__s4.json,0.026,0.0062,27,17,0.3325072231,56,42,27,14,0,724,24336,210884,
E2,DSJC250.5,0,KERB-R5,5,250,12534,24,5000,,26.0372,28,26,0.2036,5,1018,0.0636,1304.883282,57.5095,6699.7458,112309.006,6.629412198,DSJC250.5__KERB-R5__s0.json,0.0236,0.0046,21,11,0.3423811395,54,33,19,13,0,493,29010,651339,
E2,DSJC250.5,1,KERB-R5,5,250,12534,24,5000,,25.8114,27,26,0.1524,5,762,0.0484,1062.09845,63.542,6459.91435,118417.051,5.407943242,DSJC250.5__KERB-R5__s1.json,0.0204,0.003,13,12,0.3888503937,50,29,13,15,0,378,28551,464535,
E2,DSJC250.5,2,KERB-R5,5,250,12534,24,5000,,26.4076,28,27,0.2166,5,1083,0.0724,1331.040851,95.3955,7011.37435,97443.364,6.769112601,DSJC250.5__KERB-R5__s2.json,0.0312,0.0044,19,15,0.3430655586,51,34,19,14,0,515,27156,642149,
E2,DSJC250.5,3,KERB-R5,5,250,12534,24,5000,,26.4918,28,28,0.1828,5,914,0.0616,1233.894871,109.559,6529.77465,65435.221,6.271634819,DSJC250.5__KERB-R5__s3.json,0.0256,0.0036,14,11,0.3533041575,45,33,14,18,0,417,24066,638630,
E2,DSJC250.5,4,KERB-R5,5,250,12534,24,5000,,26.5012,28,27,0.195,5,975,0.0644,1295.472641,70.271,6758.2145,74774.125,6.580296256,DSJC250.5__KERB-R5__s4.json,0.025,0.0046,20,12,0.3438482051,46,31,17,13,0,454,25448,634843,
E2,DSJC250.5,0,KERB-direct,3,250,12534,24,5000,,28.3638,31,30,0.1132,3,566,0.0652,140.9276072,43.1545,263.52965,45862.044,0.795818297,DSJC250.5__KERB-direct__s0.json,0.0262,0.007,29,9,0.4351378092,62,61,29,31,0,422,4618,0,
E2,DSJC250.5,1,KERB-direct,3,250,12534,24,5000,,27.7906,30,29,0.0974,3,487,0.0614,154.2136428,55.397,219.95695,94500.716,0.883942294,DSJC250.5__KERB-direct__s1.json,0.0254,0.0054,22,8,0.4983080082,55,54,22,32,0,355,4256,0,
E2,DSJC250.5,2,KERB-direct,3,250,12534,24,5000,,28.5286,30,30,0.1218,3,609,0.0694,135.6507166,41.4595,204.4919,60077.743,0.768882061,DSJC250.5__KERB-direct__s2.json,0.0264,0.0066,27,8,0.4081247947,58,57,25,31,0,466,5091,0,
E2,DSJC250.5,3,KERB-direct,3,250,12534,24,5000,,28.4468,31,30,0.1086,3,543,0.0652,132.1747248,43.4575,196.7404,53986.769,0.755608232,DSJC250.5__KERB-direct__s3.json,0.026,0.0066,27,9,0.4417900552,59,58,26,31,0,400,4642,0,
E2,DSJC250.5,4,KERB-direct,3,250,12534,24,5000,,28.5452,31,30,0.1008,3,504,0.0612,201.560759,47.291,234.4491,63201.806,1.119984821,DSJC250.5__KERB-direct__s4.json,0.0246,0.0066,27,9,0.4676825397,62,56,27,28,0,368,9031,0,
E2,DSJC250.5,0,KERB-kempe,3,250,12534,24,5000,,28.2776,31,29,0.1116,3,558,0.0656,126.2845836,40.016,220.21165,41401.509,0.716885606,DSJC250.5__KERB-kempe__s0.json,0.0258,0.0062,26,8,0.4492043011,58,57,25,30,1,419,5107,0,
E2,DSJC250.5,1,KERB-kempe,3,250,12534,24,5000,,27.5322,30,28,0.109,3,545,0.0634,140.1258772,37.2945,174.63525,128921.347,0.798416043,DSJC250.5__KERB-kempe__s1.json,0.025,0.0054,23,9,0.4666495413,58,56,23,32,0,412,4595,0,
E2,DSJC250.5,2,KERB-kempe,3,250,12534,24,5000,,28.53,31,30,0.1234,3,617,0.07,154.5005428,52.5635,239.2856,52769.948,0.877318253,DSJC250.5__KERB-kempe__s2.json,0.0266,0.0068,28,8,0.4024051864,59,58,26,31,0,471,5098,0,
E2,DSJC250.5,3,KERB-kempe,3,250,12534,24,5000,,28.4788,30,30,0.1056,3,528,0.067,131.2234782,41.558,221.76505,55397.776,0.758097566,DSJC250.5__KERB-kempe__s3.json,0.0274,0.0072,30,10,0.4878333333,63,62,30,32,0,378,4098,0,
E2,DSJC250.5,4,KERB-kempe,3,250,12534,24,5000,,28.3682,31,29,0.101,3,505,0.0608,176.9611402,45.4075,192.5252,78359.339,0.970912099,DSJC250.5__KERB-kempe__s4.json,0.0242,0.0066,28,8,0.4757623762,61,55,27,28,0,368,9240,0,
E2,DSJC250.5,0,KERB-noElim,3,250,12534,24,5000,,26.6306,28,27,0.295,3,1475,0.1282,438.5984248,66.5015,1840.0775,79947.737,2.293172123,DSJC250.5__KERB-noElim__s0.json,0.0282,0.0048,21,16,0.3178223729,43,38,21,16,0,892,12626,168074,
E2,DSJC250.5,1,KERB-noElim,3,250,12534,24,5000,,26.013,28,26,0.2694,3,1347,0.1154,601.2675148,46.1085,1623.91145,96219.285,3.09810532,DSJC250.5__KERB-noElim__s1.json,0.0268,0.005,23,15,0.3043177431,55,37,23,14,0,837,27720,136891,
E2,DSJC250.5,2,KERB-noElim,3,250,12534,24,5000,,26.8114,28,27,0.2378,3,1189,0.1068,622.9917606,99.913,2276.619,99341.441,3.212018545,DSJC250.5__KERB-noElim__s2.json,0.0236,0.0044,19,13,0.3242422204,47,37,19,17,0,733,19527,215862,
E2,DSJC250.5,3,KERB-noElim,3,250,12534,24,5000,,26.739,28,27,0.3128,3,1564,0.1366,467.9245456,77.844,1954.8455,76225.244,2.44132402,DSJC250.5__KERB-noElim__s3.json,0.028,0.0048,21,16,0.2784296675,41,37,21,15,0,932,12718,168952,
E2,DSJC250.5,4,KERB-noElim,3,250,12534,24,5000,,26.9764,29,26,0.2852,3,1426,0.125,619.1363998,68.9315,2108.9436,127655.522,3.189534906,DSJC250.5__KERB-noElim__s4.json,0.0296,0.0064,29,15,0.3286339411,56,42,30,11,0,865,21588,199447,
E2,DSJC250.5,0,KERB-noMig,3,250,12534,24,5000,,29.1032,30,30,0.0388,3,194,0.025,38.0540554,9.1925,37.91585,5666.029,0.270774598,DSJC250.5__KERB-noMig__s0.json,0.025,0.0012,0,4,0.5936082474,0,0,0,0,0,0,0,21375,
E2,DSJC250.5,1,KERB-noMig,3,250,12534,24,5000,,27.9286,29,29,0.036,3,180,0.0222,31.5745536,8.766,21.79015,5851.628,0.240263707,DSJC250.5__KERB-noMig__s1.json,0.0222,0.001,0,4,0.5808444444,0,0,0,0,0,0,0,16595,
E2,DSJC250.5,2,KERB-noMig,3,250,12534,24,5000,,28.7698,30,30,0.0374,3,187,0.0236,49.7432394,9.314,38.22575,6055.928,0.33242203,DSJC250.5__KERB-noMig__s2.json,0.0232,0.0016,2,5,0.6518716578,0,0,0,0,0,0,0,29352,
E2,DSJC250.5,3,KERB-noMig,3,250,12534,24,5000,,28.9924,30,30,0.0352,3,176,0.0236,32.7574952,9.076,33.0099,6083.636,0.242177701,DSJC250.5__KERB-noMig__s3.json,0.0236,0.0012,0,4,0.6228636364,0,0,0,0,0,0,0,16991,
E2,DSJC250.5,4,KERB-noMig,3,250,12534,24,5000,,28.0698,29,29,0.0296,3,148,0.0208,31.6693394,8.9595,22.8224,3991.306,0.239356771,DSJC250.5__KERB-noMig__s4.json,0.0208,0.001,0,4,0.6408648649,0,0,0,0,0,0,0,15061,
E2,DSJC250.5,0,KERB-tabu,3,250,12534,24,5000,,26.0874,28,28,0.2912,3,1456,0.1264,1703.243676,72.0655,13596.37935,112204.788,8.62015481,DSJC250.5__KERB-tabu__s0.json,0.0248,0.0058,25,20,0.3152582418,55,39,24,14,0,901,139072,196513,
E2,DSJC250.5,1,KERB-tabu,3,250,12534,24,5000,,25.886,28,25,0.2382,3,1191,0.1058,1616.018739,63.728,13385.0096,111804.674,8.182619069,DSJC250.5__KERB-tabu__s1.json,0.0244,0.0056,27,15,0.3364802687,61,38,26,12,0,700,138594,168183,
E2,DSJC250.5,2,KERB-tabu,3,250,12534,24,5000,,26.7112,28,26,0.2584,3,1292,0.1128,1480.663732,90.2555,13248.0651,85338.752,7.510420914,DSJC250.5__KERB-tabu__s2.json,0.0272,0.0042,19,15,0.2981176471,43,36,18,18,0,744,117459,207317,
E2,DSJC250.5,3,KERB-tabu,3,250,12534,24,5000,,26.582,29,26,0.3196,3,1598,0.1376,2567.742791,118.0685,15810.92915,111235.074,12.95665871,DSJC250.5__KERB-tabu__s3.json,0.0294,0.0054,25,18,0.3075644556,47,41,25,15,0,968,214142,226658,
E2,DSJC250.5,4,KERB-tabu,3,250,12534,24,5000,,26.7096,28,27,0.2724,3,1362,0.122,1949.922027,76.883,14853.68865,71168.29,9.853858681,DSJC250.5__KERB-tabu__s4.json,0.0276,0.005,22,15,0.2941967695,44,35,19,16,0,787,169952,236300,
E2,DSJC250.5,0,Tabu-WarmStart,,250,12534,24,5000,,24.5502,26,24,0.5262,137,2631,0.0352,2510.24289,2.438,34.84495,235330.548,12.64999264,DSJC250.5__Tabu-WarmStart__s0.json,0.0292,0.006,30,21,0.2283587989,,,,,,,,,187773
E2,DSJC250.5,1,Tabu-WarmStart,,250,12534,24,5000,,24.4972,25,24,0.5328,126,2664,0.0352,2267.419503,2.373,33.0347,235600.701,11.43054909,DSJC250.5__Tabu-WarmStart__s1.json,0.0288,0.0066,33,23,0.2130930931,,,,,,,,,184126
E2,DSJC250.5,2,Tabu-WarmStart,,250,12534,24,5000,,24.9022,26,25,0.6252,121,3126,0.0388,2324.036354,2.417,57.31865,214866.437,11.71528526,DSJC250.5__Tabu-WarmStart__s2.json,0.0332,0.0058,28,28,0.2041996161,,,,,,,,,188761
E2,DSJC250.5,3,Tabu-WarmStart,,250,12534,24,5000,,24.3642,25,24,0.5918,106,2959,0.0356,2488.507501,2.45,30.4311,267959.953,12.5464343,DSJC250.5__Tabu-WarmStart__s3.json,0.0284,0.0076,38,23,0.2149550524,,,,,,,,,183421
E2,DSJC250.5,4,Tabu-WarmStart,,250,12534,24,5000,,25.032,26,25,0.5308,116,2654,0.0346,2499.659279,2.429,56.23855,262023.825,12.59440719,DSJC250.5__Tabu-WarmStart__s4.json,0.0314,0.0034,16,23,0.2142155237,,,,,,,,,198786
E2,DSJC500.1,0,DSATUR-Recompute,,500,9966,11,5000,500,13.208,14,13,54.606,419,,0.284,15353.07899,12231.8495,43439.30155,64044.554,15.5995857,DSJC500.1__DSATUR-Recompute__s0.json,,,,,,,,,,,,,,
E2,DSJC500.1,1,DSATUR-Recompute,,500,9966,11,5000,500,13.286,14,14,57.404,423,,0.292,14252.74234,11806.7275,38115.6261,52623.986,14.51249707,DSJC500.1__DSATUR-Recompute__s1.json,,,,,,,,,,,,,,
E2,DSJC500.1,2,DSATUR-Recompute,,500,9966,12,5000,500,13.244,14,13,56.55,418,,0.246,14772.93763,11983.9005,39111.63065,61848.287,15.23623821,DSJC500.1__DSATUR-Recompute__s2.json,,,,,,,,,,,,,,
E2,DSJC500.1,3,DSATUR-Recompute,,500,9966,11,5000,500,13.218,14,13,60.378,426,,0.302,15341.24556,12274.6985,42188.06505,65975.878,15.47128159,DSJC500.1__DSATUR-Recompute__s3.json,,,,,,,,,,,,,,
E2,DSJC500.1,4,DSATUR-Recompute,,500,9966,11,5000,500,13.316,15,13,53.052,425,,0.278,15730.18303,12639.4205,44374.6621,57674.005,15.82804589,DSJC500.1__DSATUR-Recompute__s4.json,,,,,,,,,,,,,,
E2,DSJC500.1,0,FF-Repair,,500,9966,11,5000,,14.8794,16,16,0.0252,1,126,0.0252,2.282696,1.8205,4.4192,32.833,0.113952125,DSJC500.1__FF-Repair__s0.json,0.0252,0.001,0,3,0.795015873,,,,,,,,,
E2,DSJC500.1,1,FF-Repair,,500,9966,11,5000,,14.8008,16,16,0.0272,1,136,0.0272,2.315936,1.788,4.4061,75.273,0.11711787,DSJC500.1__FF-Repair__s1.json,0.0272,0.001,0,2,0.7581176471,,,,,,,,,
E2,DSJC500.1,2,FF-Repair,,500,9966,12,5000,,15.7116,17,17,0.0282,1,141,0.0282,2.2289336,1.786,4.46815,37.214,0.112574831,DSJC500.1__FF-Repair__s2.json,0.0282,0.001,0,3,0.7938865248,,,,,,,,,
E2,DSJC500.1,3,FF-Repair,,500,9966,11,5000,,15.6784,17,17,0.0298,1,149,0.0298,3.101867,2.05,5.89705,243.498,0.142606445,DSJC500.1__FF-Repair__s3.json,0.0298,0.0012,0,3,0.7665100671,,,,,,,,,
E2,DSJC500.1,4,FF-Repair,,500,9966,11,5000,,15.0952,16,16,0.0286,1,143,0.0286,2.2699874,1.826,4.387,74.774,0.112723958,DSJC500.1__FF-Repair__s4.json,0.0286,0.001,0,3,0.789048951,,,,,,,,,
E2,DSJC500.1,0,KERB-R10,10,500,9966,11,5000,,12.303,13,12,0.1166,10,583,0.0408,560.7024606,10.5285,1029.0194,82483.488,2.921360979,DSJC500.1__KERB-R10__s0.json,0.0338,0.0026,12,6,0.5504528302,38,10,9,1,0,153,28949,192188,
E2,DSJC500.1,1,KERB-R10,10,500,9966,11,5000,,12.4162,13,13,0.1864,10,932,0.058,856.5487776,11.3465,4859.21635,111397.583,4.407652405,DSJC500.1__KERB-R10__s1.json,0.0432,0.0036,16,7,0.4369227468,49,18,13,5,0,338,34188,369944,
E2,DSJC500.1,2,KERB-R10,10,500,9966,12,5000,,12.4924,14,12,0.1634,10,817,0.0492,993.428428,11.0245,4832.1261,149024.94,5.084074839,DSJC500.1__KERB-R10__s2.json,0.0344,0.0026,13,8,0.473250918,48,18,12,6,0,284,32954,459592,
E2,DSJC500.1,3,KERB-R10,10,500,9966,11,5000,,12.388,13,13,0.1388,10,694,0.0478,674.756646,10.528,4142.39195,123509.85,3.496433719,DSJC500.1__KERB-R10__s3.json,0.039,0.002,8,7,0.5224841499,40,12,7,5,0,229,29656,258402,
E2,DSJC500.1,4,KERB-R10,10,500,9966,11,5000,,12.3946,14,12,0.1408,10,704,0.0476,577.2219636,10.0005,2289.2553,86431.936,3.002001988,DSJC500.1__KERB-R10__s4.json,0.0384,0.0026,12,6,0.5160397727,36,10,9,1,0,253,27758,231421,
E2,DSJC500.1,0,KERB-R1,1,500,9966,11,5000,,13.1258,15,13,0.12,1,600,0.12,198.7846156,21.971,84.38905,106296.43,1.117390006,DSJC500.1__KERB-R1__s0.json,0.0302,0.0034,15,7,0.5489466667,51,40,14,25,0,446,13136,378,
E2,DSJC500.1,1,KERB-R1,1,500,9966,11,5000,,13.3426,14,14,0.1468,1,734,0.1468,80.2906944,29.6375,91.5385,39956.085,0.51181202,DSJC500.1__KERB-R1__s1.json,0.0366,0.003,12,7,0.5501362398,41,38,10,27,0,548,6719,374,
E2,DSJC500.1,2,KERB-R1,1,500,9966,12,5000,,13.5838,14,14,0.1648,1,824,0.1648,136.3626502,61.849,254.28735,22918.028,0.860454171,DSJC500.1__KERB-R1__s2.json,0.0376,0.0036,16,9,0.5352038835,42,42,15,26,0,635,4685,335,
E2,DSJC500.1,3,KERB-R1,1,500,9966,11,5000,,13.491,14,14,0.1182,1,591,0.1182,88.1760726,23.194,96.15995,53024.462,0.563827012,DSJC500.1__KERB-R1__s3.json,0.0332,0.0022,8,6,0.5893367174,41,38,8,29,0,425,5710,152,
E2,DSJC500.1,4,KERB-R1,1,500,9966,11,5000,,13.4414,15,14,0.1276,1,638,0.1276,69.507702,22.683,144.2427,31717.703,0.460832349,DSJC500.1__KERB-R1__s4.json,0.0356,0.0022,8,6,0.5529341693,39,37,8,28,0,460,4839,200,
E2,DSJC500.1,0,KERB-R25,25,500,9966,11,5000,,12.3928,13,12,0.117,24,585,0.04,660.7023448,11.493,4819.76825,84027.414,3.424755282,DSJC500.1__KERB-R25__s0.json,0.035,0.0024,11,6,0.5305264957,30,6,6,0,0,139,24626,330892,
E2,DSJC500.1,1,KERB-R25,25,500,9966,11,5000,,12.5044,13,12,0.1602,25,801,0.0486,905.020208,13.687,5088.3154,85801.04,4.643784993,DSJC500.1__KERB-R25__s1.json,0.039,0.0018,8,7,0.4998526841,38,20,6,14,0,312,22838,617422,
E2,DSJC500.1,2,KERB-R25,25,500,9966,12,5000,,12.5518,13,13,0.1684,25,842,0.0456,1057.244494,11.832,4937.84005,118885.021,5.413300665,DSJC500.1__KERB-R25__s2.json,0.0344,0.004,19,10,0.4745178147,57,21,14,6,0,336,40192,388861,
E2,DSJC500.1,3,KERB-R25,25,500,9966,11,5000,,12.415,13,13,0.1498,24,749,0.0454,921.6281238,11.587,4849.1055,142125.61,4.733543357,DSJC500.1__KERB-R25__s3.json,0.0386,0.0026,11,7,0.4824539386,48,14,11,2,0,252,35929,364592,
E2,DSJC500.1,4,KERB-R25,25,500,9966,11,5000,,12.5322,13,13,0.1584,25,792,0.0494,1015.34731,17.3755,5256.05315,191232.126,5.222428426,DSJC500.1__KERB-R25__s4.json,0.0398,0.003,13,9,0.4962525253,44,17,10,6,0,310,29467,476208,
E2,DSJC500.1,0,KERB-R2,2,500,9966,11,5000,,12.7674,14,13,0.1606,2,803,0.1028,323.2855078,13.7945,187.60405,109660.94,1.736952415,DSJC500.1__KERB-R2__s0.json,0.0334,0.003,13,8,0.5096811955,51,30,12,17,0,542,23054,13081,
E2,DSJC500.1,1,KERB-R2,2,500,9966,11,5000,,12.7282,14,13,0.2102,2,1051,0.133,412.7003606,13.8575,220.2112,139343.757,2.178483983,DSJC500.1__KERB-R2__s1.json,0.0412,0.004,18,8,0.4574862036,63,38,18,20,0,742,29695,13252,
E2,DSJC500.1,2,KERB-R2,2,500,9966,12,5000,,12.8886,14,13,0.2404,2,1202,0.1488,464.3771794,34.6175,360.55675,104136.15,2.453486279,DSJC500.1__KERB-R2__s2.json,0.0386,0.0042,20,10,0.4235407654,64,41,19,22,0,866,28092,20094,
E2,DSJC500.1,3,KERB-R2,2,500,9966,11,5000,,12.7602,14,13,0.187,2,935,0.1196,399.0125028,12.71,213.1759,85466.777,2.107304192,DSJC500.1__KERB-R2__s3.json,0.0418,0.0038,17,8,0.4745561497,62,34,17,17,0,623,30880,14254,
E2,DSJC500.1,4,KERB-R2,2,500,9966,11,5000,,12.8512,14,13,0.2046,2,1023,0.1286,251.648831,26.344,224.9555,77631.417,1.370077629,DSJC500.1__KERB-R2__s4.json,0.042,0.0028,12,8,0.4606158358,48,32,12,20,0,718,19060,16972,
E2,DSJC500.1,0,KERB-R3,3,500,9966,11,5000,,12.3,14,12,0.211,3,1055,0.0988,612.136926,10.8365,498.17555,175271.716,3.318458307,DSJC500.1__KERB-R3__s0.json,0.0346,0.0042,20,8,0.4302161137,67,28,20,8,0,666,43145,35092,
E2,DSJC500.1,1,KERB-R3,3,500,9966,11,5000,,12.663,14,13,0.1766,3,883,0.0866,463.0476116,13.7315,503.6401,103989.814,2.523649837,DSJC500.1__KERB-R3__s1.json,0.0386,0.0034,15,8,0.4725096263,58,31,15,15,0,530,30793,57490,
E2,DSJC500.1,2,KERB-R3,3,500,9966,12,5000,,12.6268,14,12,0.2708,3,1354,0.1226,606.5685178,11.801,640.49225,83763.1,3.270065098,DSJC500.1__KERB-R3__s2.json,0.04,0.0048,24,10,0.3993412112,70,34,21,13,0,876,40439,56887,
E2,DSJC500.1,3,KERB-R3,3,500,9966,11,5000,,12.5844,13,12,0.1828,3,914,0.0916,640.2756772,11.4525,500.291,113087.015,3.418241322,DSJC500.1__KERB-R3__s3.json,0.0374,0.004,19,7,0.4593916849,65,27,19,8,0,535,40336,48756,
E2,DSJC500.1,4,KERB-R3,3,500,9966,11,5000,,12.6404,14,13,0.183,3,915,0.09,421.5018342,11.4325,430.65905,89342.604,2.314638483,DSJC500.1__KERB-R3__s4.json,0.0372,0.0028,12,9,0.4824546448,51,24,12,12,0,555,29591,43706,
E2,DSJC500.1,0,KERB-R5,5,500,9966,11,5000,,12.3768,13,13,0.1156,5,578,0.0452,524.522688,10.9325,497.1439,124398.246,2.757070346,DSJC500.1__KERB-R5__s0.json,0.032,0.0018,7,6,0.5334048443,35,9,7,2,0,220,27301,93508,
E2,DSJC500.1,1,KERB-R5,5,500,9966,11,5000,,12.3294,13,12,0.1368,5,684,0.0538,646.747891,10.227,881.50275,109860.884,3.34961216,DSJC500.1__KERB-R5__s1.json,0.035,0.0028,13,8,0.5345146199,48,13,12,1,0,265,36777,122291,
E2,DSJC500.1,2,KERB-R5,5,500,9966,12,5000,,12.4234,13,12,0.1986,5,993,0.0666,845.5496234,11.338,2513.27065,120041.23,4.356044018,DSJC500.1__KERB-R5__s2.json,0.0354,0.0034,17,7,0.4660080564,58,23,16,7,0,430,37688,209204,
E2,DSJC500.1,3,KERB-R5,5,500,9966,11,5000,,12.352,13,12,0.1366,5,683,0.0502,584.5750426,10.9965,821.8702,125991.518,3.049753618,DSJC500.1__KERB-R5__s3.json,0.0342,0.002,9,7,0.5081434846,40,10,8,2,0,247,30934,115487,
E2,DSJC500.1,4,KERB-R5,5,500,9966,11,5000,,12.3714,13,12,0.177,5,885,0.0642,651.048681,10.311,986.8799,126079.696,3.379050766,DSJC500.1__KERB-R5__s4.json,0.0378,0.0024,11,9,0.4646259887,44,13,11,2,0,390,33800,117830,
E2,DSJC500.1,0,KERB-direct,3,500,9966,11,5000,,13.5298,15,14,0.112,3,560,0.0684,151.4554348,24.39,160.1694,61372.281,0.892573028,DSJC500.1__KERB-direct__s0.json,0.0338,0.003,12,7,0.5983,46,38,12,25,0,385,10016,0,
E2,DSJC500.1,1,KERB-direct,3,500,9966,11,5000,,13.4582,15,13,0.1448,3,724,0.0786,124.5019074,22.9825,111.62435,74263.896,0.741936744,DSJC500.1__KERB-direct__s1.json,0.0338,0.0028,12,7,0.5330607735,45,39,11,27,0,549,9963,0,
E2,DSJC500.1,2,KERB-direct,3,500,9966,12,5000,,13.87,15,14,0.145,3,725,0.079,67.4984776,29.7215,121.41445,18448.542,0.46322837,DSJC500.1__KERB-direct__s2.json,0.0352,0.0028,12,7,0.5194510345,42,42,11,30,0,545,3126,0,
E2,DSJC500.1,3,KERB-direct,3,500,9966,11,5000,,13.7272,14,14,0.143,3,715,0.0792,79.7100664,24.6085,98.4022,44973.135,0.507878062,DSJC500.1__KERB-direct__s3.json,0.0366,0.0024,9,8,0.5224251748,43,40,9,30,0,528,5337,0,
E2,DSJC500.1,4,KERB-direct,3,500,9966,11,5000,,13.5998,15,13,0.1344,3,672,0.0756,72.1032864,24.1455,158.16365,23580.942,0.472953304,DSJC500.1__KERB-direct__s4.json,0.0362,0.002,8,7,0.5317142857,42,40,8,31,0,489,4581,0,
E2,DSJC500.1,0,KERB-kempe,3,500,9966,11,5000,,13.253,14,14,0.1256,3,628,0.0704,83.714571,25.3275,83.84365,58051.738,0.527833808,DSJC500.1__KERB-kempe__s0.json,0.0348,0.0022,8,8,0.5671974522,42,37,7,29,0,439,6995,0,
E2,DSJC500.1,1,KERB-kempe,3,500,9966,11,5000,,13.0808,14,13,0.1392,3,696,0.0752,175.264701,46.145,135.4192,80767.979,1.006018792,DSJC500.1__KERB-kempe__s1.json,0.0316,0.0032,14,8,0.5327068966,48,40,13,27,0,526,13443,0,
E2,DSJC500.1,2,KERB-kempe,3,500,9966,12,5000,,13.705,15,13,0.176,3,880,0.0908,98.3190248,31.5355,205.02295,24443.334,0.619702848,DSJC500.1__KERB-kempe__s2.json,0.037,0.003,14,9,0.4808636364,45,45,14,30,0,678,4853,0,
E2,DSJC500.1,3,KERB-kempe,3,500,9966,11,5000,,13.4686,14,13,0.1612,3,806,0.0844,134.426607,38.755,194.7312,75513.197,0.814384215,DSJC500.1__KERB-kempe__s3.json,0.035,0.003,13,7,0.5041935484,45,42,13,28,0,623,7294,0,
E2,DSJC500.1,4,KERB-kempe,3,500,9966,11,5000,,13.472,14,13,0.149,3,745,0.0798,115.908882,21.6925,141.0498,40591.405,0.690458486,DSJC500.1__KERB-kempe__s4.json,0.0356,0.0032,14,9,0.5134577181,48,41,13,27,0,557,10899,0,
E2,DSJC500.1,0,KERB-noElim,3,500,9966,11,5000,,12.613,14,12,0.1448,3,724,0.0724,344.7270854,3.2835,328.3933,76857.621,1.838427908,DSJC500.1__KERB-noElim__s0.json,0.031,0.0028,13,8,0.5334640884,53,28,13,15,0,440,26996,34302,
E2,DSJC500.1,1,KERB-noElim,3,500,9966,11,5000,,12.5296,14,12,0.175,3,875,0.0868,524.4505506,3.17,377.28955,102578.55,2.74543292,DSJC500.1__KERB-noElim__s1.json,0.0354,0.0046,22,9,0.4654011429,67,32,21,11,0,547,37591,32582,
E2,DSJC500.1,2,KERB-noElim,3,500,9966,12,5000,,12.7336,14,12,0.2124,3,1062,0.1008,525.5682038,3.2935,455.6847,98134.52,2.744558241,DSJC500.1__KERB-noElim__s2.json,0.0366,0.0048,24,10,0.4359020716,72,39,24,15,0,714,36155,34135,
E2,DSJC500.1,3,KERB-noElim,3,500,9966,11,5000,,12.5022,13,12,0.173,3,865,0.0858,509.2034582,2.838,133.24805,127996.746,2.661257338,DSJC500.1__KERB-noElim__s3.json,0.039,0.0038,18,8,0.4661294798,65,26,18,8,0,513,41080,16545,
E2,DSJC500.1,4,KERB-noElim,3,500,9966,11,5000,,12.52,13,12,0.1366,3,683,0.0716,523.220115,2.9205,137.5395,94156.186,2.737263444,DSJC500.1__KERB-noElim__s4.json,0.0342,0.0032,15,9,0.550363104,57,22,15,7,0,407,36696,25266,
E2,DSJC500.1,0,KERB-noMig,3,500,9966,11,5000,,13.3448,14,14,0.0334,3,167,0.0266,15.6867088,7.969,21.9855,1550.58,0.201042673,DSJC500.1__KERB-noMig__s0.json,0.0266,0.0006,0,4,0.7588143713,0,0,0,0,0,0,0,5545,
E2,DSJC500.1,1,KERB-noMig,3,500,9966,11,5000,,13.2784,14,14,0.0418,3,209,0.0308,18.8059278,10.608,27.9892,2778.352,0.231147143,DSJC500.1__KERB-noMig__s1.json,0.0308,0.0006,0,4,0.7109952153,0,0,0,0,0,0,0,4102,
E2,DSJC500.1,2,KERB-noMig,3,500,9966,12,5000,,14.191,15,15,0.039,3,195,0.0314,15.792551,7.862,26.9036,2701.769,0.202248923,DSJC500.1__KERB-noMig__s2.json,0.0314,0.0006,0,5,0.7384307692,0,0,0,0,0,0,0,5035,
E2,DSJC500.1,3,KERB-noMig,3,500,9966,11,5000,,13.6486,14,14,0.0428,3,214,0.0322,17.5257506,8.6145,26.68325,2085.537,0.240382429,DSJC500.1__KERB-noMig__s3.json,0.0322,0.0006,0,4,0.7105607477,0,0,0,0,0,0,0,4270,
E2,DSJC500.1,4,KERB-noMig,3,500,9966,11,5000,,13.5476,14,14,0.0386,3,193,0.031,12.6523526,7.2575,18.1621,1284.761,0.169358994,DSJC500.1__KERB-noMig__s4.json,0.031,0.0006,0,3,0.7343523316,0,0,0,0,0,0,0,3846,
E2,DSJC500.1,0,KERB-tabu,3,500,9966,11,5000,,12.4414,13,12,0.159,3,795,0.0798,981.2522956,11.0205,5618.62675,117351.326,5.034074231,DSJC500.1__KERB-tabu__s0.json,0.037,0.0054,26,7,0.5223572327,77,32,25,7,0,450,121963,34255,
E2,DSJC500.1,1,KERB-tabu,3,500,9966,11,5000,,12.6976,14,13,0.1958,3,979,0.098,812.1166688,11.7505,5575.99415,84408.997,4.177155394,DSJC500.1__KERB-tabu__s1.json,0.041,0.0046,21,9,0.4825311542,63,34,19,14,0,603,119443,66582,
E2,DSJC500.1,2,KERB-tabu,3,500,9966,12,5000,,12.683,13,12,0.2234,3,1117,0.1058,1054.872784,12.431,6047.88635,104113.909,5.413898338,DSJC500.1__KERB-tabu__s2.json,0.0394,0.0056,28,9,0.4220680394,75,36,27,9,0,727,125482,48250,
E2,DSJC500.1,3,KERB-tabu,3,500,9966,11,5000,,12.6378,13,13,0.199,3,995,0.0964,884.0117346,13.252,5835.6101,103794.909,4.548847926,DSJC500.1__KERB-tabu__s3.json,0.0384,0.0032,14,9,0.4311577889,56,26,14,12,0,608,113803,54776,
E2,DSJC500.1,4,KERB-tabu,3,500,9966,11,5000,,12.61,13,12,0.202,3,1010,0.0948,862.6762452,11.5935,5596.4807,134161.409,4.4358893,DSJC500.1__KERB-tabu__s4.json,0.036,0.0044,21,8,0.4256475248,68,33,21,12,0,643,113700,39495,
E2,DSJC500.1,0,Tabu-WarmStart,,500,9966,11,5000,,11.8462,12,12,0.4288,221,2144,0.0444,1829.983859,2.555,44.56905,374532.154,9.274482011,DSJC500.1__Tabu-WarmStart__s0.json,0.0418,0.0028,13,12,0.3227201493,,,,,,,,,200021
E2,DSJC500.1,1,Tabu-WarmStart,,500,9966,11,5000,,11.9804,12,12,0.327,133,1635,0.0448,1997.01706,2.6015,48.16955,215541.034,10.10654191,DSJC500.1__Tabu-WarmStart__s1.json,0.0436,0.0014,6,13,0.3640697248,,,,,,,,,201885
E2,DSJC500.1,2,Tabu-WarmStart,,500,9966,12,5000,,12,12,12,0.3226,58,1613,0.0372,2418.652847,2.539,48.77145,172046.187,12.21889054,DSJC500.1__Tabu-WarmStart__s2.json,0.0372,0,0,10,0.3517309361,,,,,,,,,204847
E2,DSJC500.1,3,Tabu-WarmStart,,500,9966,11,5000,,11.7874,12,11,0.5498,216,2749,0.0486,2085.173448,2.535,50.29765,331122.545,10.54596981,DSJC500.1__Tabu-WarmStart__s3.json,0.0446,0.004,20,18,0.282213896,,,,,,,,,194660
E2,DSJC500.1,4,Tabu-WarmStart,,500,9966,11,5000,,11.9592,12,12,0.3188,167,1594,0.0406,2380.762176,2.556,48.1401,311192.35,12.02660694,DSJC500.1__Tabu-WarmStart__s4.json,0.0404,0.0004,1,13,0.3821129235,,,,,,,,,205061
E2,DSJR500.1,0,DSATUR-Recompute,,500,2844,8,5000,500,8.44,10,8,33.424,358,,0.492,3377.106838,3075.776501,5250.80825,9399.666,3.53018545,DSJR500.1__DSATUR-Recompute__s0.json,,,,,,,,,,,,,,
E2,DSJR500.1,1,DSATUR-Recompute,,500,2844,9,5000,500,8.972,10,9,37.566,364,,0.506,3556.237184,3193.8485,5281.8978,15528.692,3.730441304,DSJR500.1__DSATUR-Recompute__s1.json,,,,,,,,,,,,,,
E2,DSJR500.1,2,DSATUR-Recompute,,500,2844,8,5000,500,9.086,11,10,36.216,370,,0.494,3232.177026,3090.892,4491.000949,10648.529,3.399220282,DSJR500.1__DSATUR-Recompute__s2.json,,,,,,,,,,,,,,
E2,DSJR500.1,3,DSATUR-Recompute,,500,2844,9,5000,500,8.69,10,9,28.568,349,,0.482,3335.41292,3184.447501,4452.290401,7317.923,3.502561956,DSJR500.1__DSATUR-Recompute__s3.json,,,,,,,,,,,,,,
E2,DSJR500.1,4,DSATUR-Recompute,,500,2844,8,5000,500,8.778,10,9,36.988,359,,0.502,3329.183758,3096.5975,4957.9172,9746.213,3.504087537,DSJR500.1__DSATUR-Recompute__s4.json,,,,,,,,,,,,,,
E2,DSJR500.1,0,FF-Repair,,500,2844,8,5000,,11.713,13,13,0.0576,1,288,0.0576,2.438331,1.8295,6.2153,66.296,0.104322078,DSJR500.1__FF-Repair__s0.json,0.0576,0.001,0,5,0.6805833333,,,,,,,,,
E2,DSJR500.1,1,FF-Repair,,500,2844,9,5000,,12.027,13,13,0.0586,1,293,0.0586,2.4649294,1.779,6.48435,64.825,0.103533289,DSJR500.1__FF-Repair__s1.json,0.0586,0.0008,0,4,0.7003890785,,,,,,,,,
E2,DSJR500.1,2,FF-Repair,,500,2844,8,5000,,11.6462,12,12,0.0602,1,301,0.0602,3.8498548,3.0685,11.5101,137.248,0.149166499,DSJR500.1__FF-Repair__s2.json,0.0602,0.0008,0,5,0.6701594684,,,,,,,,,
E2,DSJR500.1,3,FF-Repair,,500,2844,9,5000,,11.5402,12,12,0.054,1,270,0.054,5.2221704,2.055,7.07805,4110.628,0.222390348,DSJR500.1__FF-Repair__s3.json,0.054,0.0006,0,5,0.7085333333,,,,,,,,,
E2,DSJR500.1,4,FF-Repair,,500,2844,8,5000,,11.052,13,13,0.0566,1,283,0.0566,2.6786836,1.8925,6.5694,55.183,0.117331202,DSJR500.1__FF-Repair__s4.json,0.0566,0.001,0,4,0.6926713781,,,,,,,,,
E2,DSJR500.1,0,KERB-R10,10,500,2844,8,5000,,8.2266,9,8,0.1712,10,856,0.098,165.4841502,10.091,86.00945,36670.241,0.922024133,DSJR500.1__KERB-R10__s0.json,0.0952,0.0008,4,9,0.5263224299,25,3,3,0,0,78,23353,89655,
E2,DSJR500.1,1,KERB-R10,10,500,2844,9,5000,,8.8942,10,8,0.2222,10,1111,0.1086,348.4012904,9.7185,2740.8741,48343.878,1.845517414,DSJR500.1__KERB-R10__s1.json,0.0972,0.0014,8,11,0.5170747075,40,8,7,1,0,264,34395,249228,
E2,DSJR500.1,2,KERB-R10,10,500,2844,8,5000,,9.0052,10,10,0.2272,10,1136,0.121,441.8557168,11.0565,3336.7094,39919.128,2.323569873,DSJR500.1__KERB-R10__s2.json,0.1116,0.0026,11,10,0.4902464789,45,10,8,2,0,218,38774,366578,
E2,DSJR500.1,3,KERB-R10,10,500,2844,9,5000,,8.612,9,9,0.2422,10,1211,0.1204,572.5833696,12.914,3513.56085,52640.249,2.982015832,DSJR500.1__KERB-R10__s3.json,0.1082,0.0032,16,17,0.5173030553,57,14,13,1,0,251,45346,372398,
E2,DSJR500.1,4,KERB-R10,10,500,2844,8,5000,,8.7138,10,9,0.176,10,880,0.099,369.1327514,10.159,3235.6238,35408.025,1.949338766,DSJR500.1__KERB-R10__s4.json,0.0908,0.0024,11,11,0.53765,40,5,5,0,0,141,35799,304712,
E2,DSJR500.1,0,KERB-R1,1,500,2844,8,5000,,9.5968,11,10,0.1878,1,939,0.1878,68.251174,16.811,52.40955,25948.766,0.438285904,DSJR500.1__KERB-R1__s0.json,0.0952,0.005,23,9,0.5363599574,63,48,23,24,0,461,16734,2901,
E2,DSJR500.1,1,KERB-R1,1,500,2844,9,5000,,10.1996,11,10,0.1638,1,819,0.1638,39.2538438,19.7505,71.1229,16936.78,0.291561546,DSJR500.1__KERB-R1__s1.json,0.0922,0.004,19,9,0.5832454212,47,44,16,27,0,354,4973,439,
E2,DSJR500.1,2,KERB-R1,1,500,2844,8,5000,,10.2482,12,11,0.169,1,845,0.169,57.5679096,18.8135,53.6404,13271.502,0.391461781,DSJR500.1__KERB-R1__s2.json,0.0998,0.004,17,9,0.5691242604,54,41,17,24,0,342,16037,676,
E2,DSJR500.1,3,KERB-R1,1,500,2844,9,5000,,9.8306,11,11,0.1726,1,863,0.1726,46.907757,20.719,74.2037,12686.018,0.337106794,DSJR500.1__KERB-R1__s3.json,0.0882,0.0032,14,10,0.5530822711,42,38,13,24,0,420,6763,448,
E2,DSJR500.1,4,KERB-R1,1,500,2844,8,5000,,9.7694,12,10,0.1712,1,856,0.1712,68.1648152,18.994,83.22855,29461.597,0.458362293,DSJR500.1__KERB-R1__s4.json,0.0878,0.004,18,14,0.5714579439,52,44,16,27,0,415,10327,656,
E2,DSJR500.1,0,KERB-R25,25,500,2844,8,5000,,8.2672,10,8,0.1618,24,809,0.098,250.4014594,10.455,671.2534,35169.718,1.349677734,DSJR500.1__KERB-R25__s0.json,0.0958,0.0016,8,8,0.5230729295,23,2,1,1,0,30,21778,219074,
E2,DSJR500.1,1,KERB-R25,25,500,2844,9,5000,,8.9324,9,9,0.1874,25,937,0.1026,662.9571982,13.0725,3685.334,50240.699,3.4167667,DSJR500.1__KERB-R25__s1.json,0.0988,0.0006,3,10,0.5214877268,28,6,3,3,0,172,24454,728905,
E2,DSJR500.1,2,KERB-R25,25,500,2844,8,5000,,8.9638,10,10,0.1882,24,941,0.1044,580.3070834,12.467,3681.5657,42858.889,3.004368358,DSJR500.1__KERB-R25__s2.json,0.1006,0.0024,10,10,0.5485207226,25,5,2,3,0,103,21148,615386,
E2,DSJR500.1,3,KERB-R25,25,500,2844,9,5000,,8.5182,10,8,0.2154,25,1077,0.1068,548.5207226,11.566,3542.77935,42467.061,2.846955783,DSJR500.1__KERB-R25__s3.json,0.1016,0.0032,17,12,0.5105719591,49,10,9,1,0,175,40771,464663,
E2,DSJR500.1,4,KERB-R25,25,500,2844,8,5000,,8.605,10,9,0.1882,25,941,0.0994,590.331663,12.6055,3670.9838,55006.312,3.060829239,DSJR500.1__KERB-R25__s4.json,0.095,0.0034,16,10,0.5580552604,42,6,6,0,0,125,36731,528618,
E2,DSJR500.1,0,KERB-R2,2,500,2844,8,5000,,8.9146,10,9,0.2312,2,1156,0.1686,147.583258,14.17,164.6316,39821.448,0.847521632,DSJR500.1__KERB-R2__s0.json,0.1,0.0036,17,10,0.4922941176,61,34,17,17,0,486,29600,14370,
E2,DSJR500.1,1,KERB-R2,2,500,2844,9,5000,,9.289,11,10,0.2316,2,1158,0.1684,171.0102974,10.265,170.1933,41680.599,0.963926097,DSJR500.1__KERB-R2__s1.json,0.1014,0.0044,21,14,0.5311986183,63,30,21,9,0,461,36893,12469,
E2,DSJR500.1,2,KERB-R2,2,500,2844,8,5000,,9.2624,10,10,0.2318,2,1159,0.1672,154.1321164,9.6975,177.731,32202.458,0.877728202,DSJR500.1__KERB-R2__s2.json,0.1068,0.0034,15,12,0.5219654875,57,25,15,10,0,443,36984,17007,
E2,DSJR500.1,3,KERB-R2,2,500,2844,9,5000,,8.9614,10,9,0.243,2,1215,0.1714,207.1062156,10.9495,143.16285,51118.428,1.140187017,DSJR500.1__KERB-R2__s3.json,0.0962,0.0038,19,13,0.5248674897,63,29,18,10,0,526,37077,11661,
E2,DSJR500.1,4,KERB-R2,2,500,2844,8,5000,,9.1338,10,9,0.206,2,1030,0.1506,137.5356678,10.426,143.29575,29307.349,0.791324999,DSJR500.1__KERB-R2__s4.json,0.094,0.0032,15,12,0.5438485437,56,26,15,11,0,429,31467,10433,
E2,DSJR500.1,0,KERB-R3,3,500,2844,8,5000,,8.6252,10,8,0.2146,3,1073,0.1334,173.7852214,9.5035,183.86185,39763.46,0.99016866,DSJR500.1__KERB-R3__s0.json,0.1,0.0022,11,13,0.5347381174,46,15,11,4,0,294,32134,25492,
E2,DSJR500.1,1,KERB-R3,3,500,2844,9,5000,,9.0796,10,9,0.211,3,1055,0.131,166.1961676,8.231,197.0584,47037.994,0.96795481,DSJR500.1__KERB-R3__s1.json,0.097,0.0018,9,10,0.5307014218,45,15,9,6,0,335,33169,26268,
E2,DSJR500.1,2,KERB-R3,3,500,2844,8,5000,,9.22,10,10,0.2248,3,1124,0.1378,161.8524496,9.1305,340.94495,39642.669,0.939122509,DSJR500.1__KERB-R3__s2.json,0.1016,0.0026,11,11,0.5351743772,46,17,10,7,0,336,31997,46375,
E2,DSJR500.1,3,KERB-R3,3,500,2844,9,5000,,8.8284,10,8,0.2662,3,1331,0.1534,273.7882684,10.1245,343.9319,56962.967,1.499547198,DSJR500.1__KERB-R3__s3.json,0.1002,0.0034,18,14,0.5083981968,70,25,17,8,0,512,48278,33648,
E2,DSJR500.1,4,KERB-R3,3,500,2844,8,5000,,8.904,10,9,0.2324,3,1162,0.1366,202.5371792,9.279,246.05615,36675.514,1.138276079,DSJR500.1__KERB-R3__s4.json,0.0926,0.0032,15,13,0.5343166954,59,19,15,3,0,410,42093,29317,
E2,DSJR500.1,0,KERB-R5,5,500,2844,8,5000,,8.458,10,8,0.1832,5,916,0.105,169.8727294,9.844,111.0759,34964.813,0.947802595,DSJR500.1__KERB-R5__s0.json,0.096,0.0014,7,10,0.5254847162,30,5,5,0,0,136,26271,82065,
E2,DSJR500.1,1,KERB-R5,5,500,2844,9,5000,,8.9676,10,8,0.2102,5,1051,0.1114,258.0748512,11.115,168.40465,87974.853,1.414443481,DSJR500.1__KERB-R5__s1.json,0.094,0.001,6,12,0.5142816365,36,8,6,2,0,267,29974,76428,
E2,DSJR500.1,2,KERB-R5,5,500,2844,8,5000,,9.101,10,10,0.1792,5,896,0.107,227.4897722,10.5465,250.94535,35061.494,1.256127049,DSJR500.1__KERB-R5__s2.json,0.0948,0.0022,9,11,0.5326964286,44,8,8,0,0,194,37827,87558,
E2,DSJR500.1,3,KERB-R5,5,500,2844,9,5000,,8.5356,9,8,0.2472,5,1236,0.1274,370.8657522,10.6765,935.5903,44562.394,1.954185567,DSJR500.1__KERB-R5__s3.json,0.1068,0.0034,18,11,0.5063171521,62,15,15,0,0,291,50164,147441,
E2,DSJR500.1,4,KERB-R5,5,500,2844,8,5000,,8.797,10,9,0.1882,5,941,0.1082,334.323676,10.2535,1093.0561,51053.263,1.782024923,DSJR500.1__KERB-R5__s4.json,0.0936,0.0022,10,11,0.5212901169,48,10,8,2,0,211,40103,168904,
E2,DSJR500.1,0,KERB-direct,3,500,2844,8,5000,,9.6242,11,9,0.1894,3,947,0.1338,53.0106362,21.231,65.75415,15662.146,0.360049423,DSJR500.1__KERB-direct__s0.json,0.096,0.004,19,9,0.5359894403,56,47,19,28,0,458,10993,0,
E2,DSJR500.1,1,KERB-direct,3,500,2844,9,5000,,10.1212,11,10,0.156,3,780,0.1178,59.0827924,18.794,53.99545,19003.048,0.397664482,DSJR500.1__KERB-direct__s1.json,0.0894,0.0038,18,10,0.5812923077,55,43,18,24,0,325,13304,0,
E2,DSJR500.1,2,KERB-direct,3,500,2844,8,5000,,9.976,11,11,0.1756,3,878,0.1322,57.6007246,20.71,59.87075,18077.15,0.3867609,DSJR500.1__KERB-direct__s2.json,0.0964,0.004,17,9,0.5434396355,53,41,16,24,0,390,13940,0,
E2,DSJR500.1,3,KERB-direct,3,500,2844,9,5000,,9.707,11,10,0.1748,3,874,0.1236,61.0794762,19.416,64.72305,14115.052,0.407473384,DSJR500.1__KERB-direct__s3.json,0.0898,0.0032,15,9,0.5556750572,49,37,14,23,0,420,13866,0,
E2,DSJR500.1,4,KERB-direct,3,500,2844,8,5000,,9.7412,12,11,0.162,3,810,0.1204,53.4370358,18.9215,56.9457,21591.908,0.364936607,DSJR500.1__KERB-direct__s4.json,0.0898,0.0042,18,10,0.5804790123,53,43,16,26,0,352,11759,0,
E2,DSJR500.1,0,KERB-kempe,3,500,2844,8,5000,,9.3096,11,9,0.1832,3,916,0.1268,52.9203766,23.6305,66.0993,15633.407,0.363841961,DSJR500.1__KERB-kempe__s0.json,0.0966,0.003,14,11,0.5466462882,46,39,14,24,0,373,9496,0,
E2,DSJR500.1,1,KERB-kempe,3,500,2844,9,5000,,10.1446,11,10,0.156,3,780,0.1146,49.6239018,19.625,76.0132,16923.032,0.343861197,DSJR500.1__KERB-kempe__s1.json,0.0878,0.0024,11,9,0.5726410256,49,43,11,31,0,306,9251,0,
E2,DSJR500.1,2,KERB-kempe,3,500,2844,8,5000,,10.0952,12,12,0.1486,3,743,0.116,42.8451054,18.411,51.2956,21534.968,0.309884807,DSJR500.1__KERB-kempe__s2.json,0.0924,0.0022,7,8,0.5676689098,41,32,7,24,0,252,9935,0,
E2,DSJR500.1,3,KERB-kempe,3,500,2844,9,5000,,9.3996,11,9,0.1848,3,924,0.1268,76.041302,16.759,87.6345,17515.702,0.480744893,DSJR500.1__KERB-kempe__s3.json,0.093,0.003,15,10,0.5385238095,51,35,14,20,0,406,18826,0,
E2,DSJR500.1,4,KERB-kempe,3,500,2844,8,5000,,9.5984,11,11,0.1634,3,817,0.1148,66.0111448,17.5385,64.27185,23082.701,0.42939248,DSJR500.1__KERB-kempe__s4.json,0.0838,0.004,17,10,0.5810648715,50,37,14,22,0,360,15328,0,
E2,DSJR500.1,0,KERB-noElim,3,500,2844,8,5000,,8.6254,10,9,0.231,3,1155,0.1328,150.4898234,2.819,109.7414,37477.94,0.851753427,DSJR500.1__KERB-noElim__s0.json,0.0924,0.0028,13,12,0.5189835498,51,20,13,6,0,397,32800,13709,
E2,DSJR500.1,1,KERB-noElim,3,500,2844,9,5000,,9.184,10,9,0.253,3,1265,0.15,136.1101992,3.1485,185.3286,53343.956,0.783066215,DSJR500.1__KERB-noElim__s1.json,0.1008,0.0018,9,14,0.5353913043,43,18,9,9,0,442,27685,23090,
E2,DSJR500.1,2,KERB-noElim,3,500,2844,8,5000,,9.1556,10,10,0.2102,3,1051,0.1336,136.3977854,2.947,142.7457,37182.352,0.778269974,DSJR500.1__KERB-noElim__s2.json,0.1006,0.0028,12,10,0.5139124643,49,19,12,7,0,297,33101,18402,
E2,DSJR500.1,3,KERB-noElim,3,500,2844,9,5000,,8.8628,10,9,0.2818,3,1409,0.1654,271.623805,2.8385,253.46375,46236.698,1.453175716,DSJR500.1__KERB-noElim__s3.json,0.1074,0.0046,23,14,0.4992689851,76,31,23,7,0,543,48327,28512,
E2,DSJR500.1,4,KERB-noElim,3,500,2844,8,5000,,8.7936,10,9,0.2302,3,1151,0.139,207.5965016,2.8925,159.8282,39075.298,1.135174691,DSJR500.1__KERB-noElim__s4.json,0.0974,0.0038,18,14,0.5505595135,67,23,18,4,0,414,45454,18258,
E2,DSJR500.1,0,KERB-noMig,3,500,2844,8,5000,,9.7056,10,10,0.0808,3,404,0.0732,11.7037846,6.896,19.9762,2062.016,0.153204475,DSJR500.1__KERB-noMig__s0.json,0.0732,0.0004,0,6,0.5989108911,0,0,0,0,0,0,0,4100,
E2,DSJR500.1,1,KERB-noMig,3,500,2844,9,5000,,9.994,10,10,0.0872,3,436,0.0758,12.288046,6.9065,19.81005,2454.656,0.159533915,DSJR500.1__KERB-noMig__s1.json,0.0758,0.0002,0,6,0.6243853211,0,0,0,0,0,0,0,5190,
E2,DSJR500.1,2,KERB-noMig,3,500,2844,8,5000,,9.9992,11,11,0.095,3,475,0.0848,14.074858,6.935,20.41605,2783.413,0.164353752,DSJR500.1__KERB-noMig__s2.json,0.0848,0.0006,0,7,0.5714905263,0,0,0,0,0,0,0,7398,
E2,DSJR500.1,3,KERB-noMig,3,500,2844,9,5000,,9.8866,10,10,0.0808,3,404,0.0718,10.3623572,6.816,19.4814,1244.058,0.144361364,DSJR500.1__KERB-noMig__s3.json,0.0718,0.0002,0,5,0.5946237624,0,0,0,0,0,0,0,2737,
E2,DSJR500.1,4,KERB-noMig,3,500,2844,8,5000,,9.7034,10,10,0.078,3,390,0.0688,11.5540648,6.412,18.584,1772.256,0.151276311,DSJR500.1__KERB-noMig__s4.json,0.0688,0.0004,0,5,0.6108307692,0,0,0,0,0,0,0,4119,
E2,DSJR500.1,0,KERB-tabu,3,500,2844,8,5000,,8.6634,10,8,0.234,3,1170,0.1416,323.7082244,9.445,360.6795,51071.222,1.716820323,DSJR500.1__KERB-tabu__s0.json,0.101,0.0022,11,11,0.478434188,47,15,10,5,0,416,89892,24817,
E2,DSJR500.1,1,KERB-tabu,3,500,2844,9,5000,,9.107,10,9,0.287,3,1435,0.1648,361.3194246,8.404,3275.89275,37920.052,1.911048796,DSJR500.1__KERB-tabu__s1.json,0.1056,0.0038,19,13,0.5024961672,61,25,19,6,0,552,110904,42046,
E2,DSJR500.1,2,KERB-tabu,3,500,2844,8,5000,,9.0896,10,10,0.1934,3,967,0.1246,345.892605,9.393,461.5175,45101.708,1.834965207,DSJR500.1__KERB-tabu__s2.json,0.0972,0.0032,14,10,0.5218386763,54,15,13,2,0,260,95489,27245,
E2,DSJR500.1,3,KERB-tabu,3,500,2844,9,5000,,8.9268,10,8,0.2748,3,1374,0.1606,581.1628144,11.597,3883.2161,60420.156,3.014057271,DSJR500.1__KERB-tabu__s3.json,0.1034,0.0042,22,14,0.5272983988,73,30,21,9,0,524,161753,49557,
E2,DSJR500.1,4,KERB-tabu,3,500,2844,8,5000,,8.773,10,9,0.2322,3,1161,0.1392,380.1999316,9.9085,3023.3414,50948.76,2.001735754,DSJR500.1__KERB-tabu__s4.json,0.095,0.0034,16,13,0.5531248923,64,21,15,5,0,415,111727,33268,
E2,DSJR500.1,0,Tabu-WarmStart,,500,2844,8,5000,,8.1374,9,8,0.4012,189,2006,0.1092,827.2994128,2.871,49.13185,162764.452,4.24263332,DSJR500.1__Tabu-WarmStart__s0.json,0.1076,0.002,10,17,0.458887338,,,,,,,,,193615
E2,DSJR500.1,1,Tabu-WarmStart,,500,2844,9,5000,,8.5802,9,8,0.388,107,1940,0.1118,810.8922122,2.7175,45.3243,95242.4,4.15716401,DSJR500.1__Tabu-WarmStart__s1.json,0.11,0.002,11,19,0.4865835052,,,,,,,,,190361
E2,DSJR500.1,2,Tabu-WarmStart,,500,2844,8,5000,,8.7092,10,10,0.2824,126,1412,0.101,838.8812828,2.856,47.894,143294.203,4.306971849,DSJR500.1__Tabu-WarmStart__s2.json,0.0998,0.0022,9,13,0.5083569405,,,,,,,,,191940
E2,DSJR500.1,3,Tabu-WarmStart,,500,2844,9,5000,,8.3146,9,8,0.3496,69,1748,0.1064,896.9426942,2.724,52.6779,99993.68,4.585974235,DSJR500.1__Tabu-WarmStart__s3.json,0.1048,0.0018,10,13,0.5007963387,,,,,,,,,190526
E2,DSJR500.1,4,Tabu-WarmStart,,500,2844,8,5000,,8.433,10,8,0.3364,128,1682,0.1098,722.4485572,2.737,43.26405,93112.347,3.714166912,DSJR500.1__Tabu-WarmStart__s4.json,0.1078,0.0022,11,19,0.5152913199,,,,,,,,,190741
E2,flat300_28_0,0,DSATUR-Recompute,,300,17356,27,5000,500,33.146,36,33,32.82,239,,0.244,23230.24367,21241.288,36687.55875,69079.044,24.60562632,flat300_28_0__DSATUR-Recompute__s0.json,,,,,,,,,,,,,,
E2,flat300_28_0,1,DSATUR-Recompute,,300,17356,27,5000,500,33.252,35,33,26.51,241,,0.198,23134.4338,21230.4685,35604.5438,62320.197,24.57379702,flat300_28_0__DSATUR-Recompute__s1.json,,,,,,,,,,,,,,
E2,flat300_28_0,2,DSATUR-Recompute,,300,17356,27,5000,500,33.322,35,34,31.822,238,,0.24,23914.16444,21511.404,36814.15875,86191.433,25.50730571,flat300_28_0__DSATUR-Recompute__s2.json,,,,,,,,,,,,,,
E2,flat300_28_0,3,DSATUR-Recompute,,300,17356,27,5000,500,33.236,35,33,24.546,247,,0.188,22493.9823,20863.3055,31921.3698,62645.274,23.84786288,flat300_28_0__DSATUR-Recompute__s3.json,,,,,,,,,,,,,,
E2,flat300_28_0,4,DSATUR-Recompute,,300,17356,27,5000,500,33.142,35,34,30.622,242,,0.246,26260.83806,21993.1015,50301.87525,91357.617,27.87417378,flat300_28_0__DSATUR-Recompute__s4.json,,,,,,,,,,,,,,
E2,flat300_28_0,0,FF-Repair,,300,17356,27,5000,,36.0056,39,39,0.0198,1,99,0.0198,2.3532334,1.784,3.6962,106.794,0.10425382,flat300_28_0__FF-Repair__s0.json,0.0198,0.0024,0,3,0.7620538721,,,,,,,,,
E2,flat300_28_0,1,FF-Repair,,300,17356,27,5000,,33.9952,39,39,0.016,1,80,0.016,2.1518204,1.69,2.9714,48.786,0.099206363,flat300_28_0__FF-Repair__s1.json,0.016,0.0024,0,3,0.78725,,,,,,,,,
E2,flat300_28_0,2,FF-Repair,,300,17356,27,5000,,35.2048,40,40,0.0204,1,102,0.0204,2.3380578,1.68,3.4765,581.761,0.101749528,flat300_28_0__FF-Repair__s2.json,0.0204,0.0026,0,2,0.7147058824,,,,,,,,,
E2,flat300_28_0,3,FF-Repair,,300,17356,27,5000,,34.1286,38,38,0.0172,1,86,0.0172,2.161513,1.7015,2.99505,60.561,0.102627253,flat300_28_0__FF-Repair__s3.json,0.0172,0.0022,0,2,0.7562015504,,,,,,,,,
E2,flat300_28_0,4,FF-Repair,,300,17356,27,5000,,34.1144,38,38,0.0188,1,94,0.0188,2.340232,1.749,3.87915,132.599,0.10494586,flat300_28_0__FF-Repair__s4.json,0.0188,0.0022,0,2,0.7462411348,,,,,,,,,
E2,flat300_28_0,0,KERB-R10,10,300,17356,27,5000,,29.723,32,30,0.1656,10,828,0.0494,1640.567045,100.236,7740.97735,107276.932,8.329297802,flat300_28_0__KERB-R10__s0.json,0.0276,0.0046,20,9,0.3906924316,44,33,17,15,0,409,17550,850367,
E2,flat300_28_0,1,KERB-R10,10,300,17356,27,5000,,29.2432,31,29,0.1328,10,664,0.0392,1577.261983,107.4095,7857.9068,116046.436,8.014095276,flat300_28_0__KERB-R10__s1.json,0.0222,0.004,18,10,0.4624799197,43,33,14,18,0,324,18347,806486,
E2,flat300_28_0,2,KERB-R10,10,300,17356,27,5000,,29.6684,31,30,0.1852,10,926,0.0492,1800.554172,169.384,8427.24195,102330.817,9.140497748,flat300_28_0__KERB-R10__s2.json,0.0244,0.0038,16,12,0.3844060475,41,32,12,20,0,471,19657,890589,
E2,flat300_28_0,3,KERB-R10,10,300,17356,27,5000,,29.5114,31,30,0.1172,10,586,0.036,1464.438987,142.593,7482.8513,121107.812,7.444406108,flat300_28_0__KERB-R10__s3.json,0.0198,0.003,12,11,0.4849260523,39,35,9,25,0,304,13349,787408,
E2,flat300_28_0,4,KERB-R10,10,300,17356,27,5000,,29.2234,31,29,0.1574,10,787,0.0482,1664.61701,191.3635,8093.2901,122945.138,8.45198922,flat300_28_0__KERB-R10__s4.json,0.0254,0.0054,25,11,0.4056797967,48,37,20,16,0,368,21611,803714,
E2,flat300_28_0,0,KERB-R1,1,300,17356,27,5000,,31.4794,34,32,0.098,1,490,0.098,117.8363644,34.7245,120.2013,71966.72,0.687921075,flat300_28_0__KERB-R1__s0.json,0.0228,0.005,20,8,0.5156462585,52,49,20,28,0,373,4485,1524,
E2,flat300_28_0,1,KERB-R1,1,300,17356,27,5000,,30.9158,33,31,0.0956,1,478,0.0956,189.8080968,39.4105,202.3462,178818.608,1.062854819,flat300_28_0__KERB-R1__s1.json,0.02,0.0054,23,7,0.4970571827,54,50,22,27,0,374,6707,871,
E2,flat300_28_0,2,KERB-R1,1,300,17356,27,5000,,31.3998,34,32,0.103,1,515,0.103,167.6512988,38.109,173.91165,120243.074,0.958659713,flat300_28_0__KERB-R1__s2.json,0.024,0.0058,24,7,0.5244724919,58,55,24,30,0,393,5262,932,
E2,flat300_28_0,3,KERB-R1,1,300,17356,27,5000,,31.009,33,32,0.1204,1,602,0.1204,171.0867486,31.9055,127.36165,138691.817,0.965390809,flat300_28_0__KERB-R1__s3.json,0.0254,0.006,25,10,0.477696567,58,54,25,28,0,474,6625,732,
E2,flat300_28_0,4,KERB-R1,1,300,17356,27,5000,,31.446,33,33,0.094,1,470,0.094,125.1340996,34.611,115.19135,112750.599,0.729330073,flat300_28_0__KERB-R1__s4.json,0.023,0.0052,20,7,0.5365106383,52,49,20,28,0,353,4603,754,
E2,flat300_28_0,0,KERB-R25,25,300,17356,27,5000,,29.798,31,29,0.151,20,755,0.0442,1482.310079,133.994,7178.8701,120885.264,7.527116052,flat300_28_0__KERB-R25__s0.json,0.0234,0.0046,21,10,0.4160573951,42,34,16,17,0,381,16107,821227,
E2,flat300_28_0,1,KERB-R25,25,300,17356,27,5000,,29.4558,31,31,0.132,21,660,0.0372,1694.258306,69.9745,7932.1032,119303.107,8.595072495,flat300_28_0__KERB-R25__s1.json,0.0228,0.0046,19,9,0.462989899,53,35,17,17,0,314,26566,798882,
E2,flat300_28_0,2,KERB-R25,25,300,17356,27,5000,,29.5736,31,30,0.143,16,715,0.0406,1660.003201,122.46,7794.5226,94910.316,8.425984117,flat300_28_0__KERB-R25__s2.json,0.0236,0.004,17,12,0.4494592075,48,33,14,18,0,322,23479,807891,
E2,flat300_28_0,3,KERB-R25,25,300,17356,27,5000,,29.1978,31,30,0.153,24,765,0.0426,1673.587945,106.055,7765.06355,121222.73,8.503756892,flat300_28_0__KERB-R25__s3.json,0.0244,0.0046,20,10,0.4714466231,49,36,16,19,0,397,22872,789880,
E2,flat300_28_0,4,KERB-R25,25,300,17356,27,5000,,29.2094,31,29,0.1474,18,737,0.0406,1646.458995,132.504,8001.9608,130673.153,8.365661947,flat300_28_0__KERB-R25__s4.json,0.0228,0.0046,21,9,0.4561691542,49,35,18,16,0,350,23849,769630,
E2,flat300_28_0,0,KERB-R2,2,300,17356,27,5000,,29.752,32,29,0.2304,2,1152,0.1428,392.600715,74.8635,884.3764,116855.478,2.090891367,flat300_28_0__KERB-R2__s0.json,0.0278,0.0058,27,14,0.3615914352,51,45,23,21,0,835,13407,46437,
E2,flat300_28_0,1,KERB-R2,2,300,17356,27,5000,,29.8656,32,29,0.16,2,800,0.0968,470.622333,74.174,831.27825,107457.315,2.472186707,flat300_28_0__KERB-R2__s1.json,0.0198,0.0044,20,10,0.4346666667,52,38,19,18,0,588,19217,44667,
E2,flat300_28_0,2,KERB-R2,2,300,17356,27,5000,,29.573,31,30,0.201,2,1005,0.1226,459.451736,77.1915,859.89905,113512.602,2.415147063,flat300_28_0__KERB-R2__s2.json,0.0222,0.0062,28,14,0.4273864013,58,48,27,20,0,727,17895,42667,
E2,flat300_28_0,3,KERB-R2,2,300,17356,27,5000,,29.7098,32,30,0.1546,2,773,0.0976,393.2412954,56.956,631.2577,135459.918,2.078343895,flat300_28_0__KERB-R2__s3.json,0.0248,0.0052,23,9,0.4561147046,53,42,23,18,0,533,15401,38095,
E2,flat300_28_0,4,KERB-R2,2,300,17356,27,5000,,29.9068,31,30,0.2008,2,1004,0.1228,364.5007262,72.373,869.1147,128403.375,1.954757972,flat300_28_0__KERB-R2__s4.json,0.024,0.004,17,11,0.3949800797,43,38,16,22,0,729,11567,46873,
E2,flat300_28_0,0,KERB-R3,3,300,17356,27,5000,,29.2862,31,30,0.293,3,1465,0.1296,678.5575908,77.7165,2730.18925,89462.359,3.857680473,flat300_28_0__KERB-R3__s0.json,0.028,0.006,27,18,0.3466598407,55,46,26,19,0,927,18237,255511,
E2,flat300_28_0,1,KERB-R3,3,300,17356,27,5000,,29.4538,31,29,0.2412,3,1206,0.1064,736.9233124,72.883,2379.68085,133070.58,4.188909417,flat300_28_0__KERB-R3__s1.json,0.0228,0.0048,22,13,0.3251630735,50,36,20,15,0,758,23024,206572,
E2,flat300_28_0,2,KERB-R3,3,300,17356,27,5000,,29.448,31,30,0.2266,3,1133,0.0976,821.0376472,111.5695,3321.42985,131711.4,4.65426184,flat300_28_0__KERB-R3__s2.json,0.0238,0.0042,18,13,0.3727537511,47,34,17,17,0,650,21700,258900,
E2,flat300_28_0,3,KERB-R3,3,300,17356,27,5000,,29.3184,32,30,0.2192,3,1096,0.0966,836.443988,92.373,2674.6765,138884.569,4.717783787,flat300_28_0__KERB-R3__s3.json,0.0224,0.005,22,13,0.4154622871,52,34,22,11,0,668,24748,239884,
E2,flat300_28_0,4,KERB-R3,3,300,17356,27,5000,,29.217,31,30,0.306,3,1530,0.1312,967.7303228,97.713,3346.7596,125556.478,5.350212493,flat300_28_0__KERB-R3__s4.json,0.0258,0.0062,27,16,0.3285490196,60,42,28,13,0,948,30906,246370,
E2,flat300_28_0,0,KERB-R5,5,300,17356,27,5000,,29.3982,31,29,0.1856,5,928,0.0618,1408.436585,163.911,7673.25395,89579.514,7.165850594,flat300_28_0__KERB-R5__s0.json,0.0234,0.0046,21,12,0.3931609195,44,35,20,14,0,455,20315,629900,
E2,flat300_28_0,1,KERB-R5,5,300,17356,27,5000,,29.4022,31,29,0.1634,5,817,0.0532,1268.318943,40.365,7047.2319,144363.066,6.468600781,flat300_28_0__KERB-R5__s1.json,0.0214,0.0032,14,9,0.4337290902,48,27,14,12,0,394,28358,501349,
E2,flat300_28_0,2,KERB-R5,5,300,17356,27,5000,,29.3094,31,29,0.1782,5,891,0.058,1390.789316,179.272,7242.88765,107492.684,7.074009634,flat300_28_0__KERB-R5__s2.json,0.0228,0.0048,22,11,0.382540217,52,34,20,14,0,437,29409,558006,
E2,flat300_28_0,3,KERB-R5,5,300,17356,27,5000,,29.3892,31,30,0.2192,5,1096,0.0668,1168.265394,79.153,6848.73245,119593.782,5.957793206,flat300_28_0__KERB-R5__s3.json,0.0258,0.0042,18,12,0.3650608273,42,29,13,15,0,560,20240,543336,
E2,flat300_28_0,4,KERB-R5,5,300,17356,27,5000,,29.2188,30,29,0.22,5,1100,0.0698,1726.891465,123.1085,8115.42655,190090.157,8.783138141,flat300_28_0__KERB-R5__s4.json,0.0256,0.0042,19,14,0.3770424242,45,32,16,15,0,596,22986,695874,
E2,flat300_28_0,0,KERB-direct,3,300,17356,27,5000,,31.696,34,33,0.1056,3,528,0.0618,129.4842172,38.972,248.8835,53498.679,0.746607237,flat300_28_0__KERB-direct__s0.json,0.0246,0.0072,30,10,0.5096085859,60,59,28,30,0,394,3831,0,
E2,flat300_28_0,1,KERB-direct,3,300,17356,27,5000,,30.9162,34,33,0.0858,3,429,0.0522,309.7337356,34.4065,222.3475,112318.938,1.666780818,flat300_28_0__KERB-direct__s1.json,0.02,0.0064,26,6,0.5778321678,60,48,25,23,0,322,14643,0,
E2,flat300_28_0,2,KERB-direct,3,300,17356,27,5000,,30.8284,33,30,0.1182,3,591,0.067,220.5310784,47.895,242.87625,109768.231,1.203110466,flat300_28_0__KERB-direct__s2.json,0.0232,0.0068,31,9,0.5025662719,64,59,29,29,0,463,9377,0,
E2,flat300_28_0,3,KERB-direct,3,300,17356,27,5000,,30.7092,33,31,0.0984,3,492,0.056,169.2942464,33.9875,158.2136,138454.911,0.967882574,flat300_28_0__KERB-direct__s3.json,0.0208,0.0052,21,9,0.4914769648,55,52,21,30,0,386,5601,0,
E2,flat300_28_0,4,KERB-direct,3,300,17356,27,5000,,31.381,34,31,0.114,3,570,0.0674,187.3426802,43.8125,204.1741,127808.409,1.076650702,flat300_28_0__KERB-direct__s4.json,0.025,0.0066,29,9,0.5078830409,62,59,29,29,0,435,6013,0,
E2,flat300_28_0,0,KERB-kempe,3,300,17356,27,5000,,31.316,33,31,0.1062,3,531,0.0636,146.7689066,32.2835,267.38025,55814.458,0.840353622,flat300_28_0__KERB-kempe__s0.json,0.0248,0.0052,22,8,0.4932768362,54,53,22,30,0,395,4375,0,
E2,flat300_28_0,1,KERB-kempe,3,300,17356,27,5000,,30.666,33,32,0.0704,3,352,0.0438,290.9093264,32.0605,213.66485,113775.498,1.556757588,flat300_28_0__KERB-kempe__s1.json,0.0174,0.0054,22,6,0.6051136364,59,47,21,24,1,257,15504,0,
E2,flat300_28_0,2,KERB-kempe,3,300,17356,27,5000,,31.5444,33,32,0.0764,3,382,0.0484,185.8629132,29.0885,210.64915,127231.946,1.035227905,flat300_28_0__KERB-kempe__s2.json,0.0198,0.0046,18,8,0.5268586387,52,47,18,29,0,275,7617,0,
E2,flat300_28_0,3,KERB-kempe,3,300,17356,27,5000,,30.768,34,34,0.0962,3,481,0.0554,144.5293352,37.585,146.31275,103024.679,0.828319303,flat300_28_0__KERB-kempe__s3.json,0.0214,0.0052,19,8,0.5086555787,52,49,19,30,0,369,5106,0,
E2,flat300_28_0,4,KERB-kempe,3,300,17356,27,5000,,31.3596,34,32,0.0996,3,498,0.0594,170.79816,36.74,206.1595,115542.021,0.973976667,flat300_28_0__KERB-kempe__s4.json,0.0238,0.0056,23,8,0.5172423025,56,53,23,30,0,370,5289,0,
E2,flat300_28_0,0,KERB-noElim,3,300,17356,27,5000,,29.631,31,31,0.2576,3,1288,0.1148,620.708091,95.376,2310.21885,104394.959,3.226466914,flat300_28_0__KERB-noElim__s0.json,0.0256,0.0042,17,13,0.3505279503,42,34,17,16,0,775,14668,184642,
E2,flat300_28_0,1,KERB-noElim,3,300,17356,27,5000,,29.3862,32,30,0.2462,3,1231,0.1106,672.6667246,30.7045,1794.0085,174817.756,3.485132261,flat300_28_0__KERB-noElim__s1.json,0.022,0.0044,19,12,0.3464635797,53,35,19,15,0,768,27416,127407,
E2,flat300_28_0,2,KERB-noElim,3,300,17356,27,5000,,29.2874,31,30,0.2364,3,1182,0.103,664.3278438,69.7755,2260.75025,94812.592,3.432029136,flat300_28_0__KERB-noElim__s2.json,0.0228,0.0036,15,13,0.3949407783,45,31,15,15,0,710,22208,194517,
E2,flat300_28_0,3,KERB-noElim,3,300,17356,27,5000,,29.0094,32,29,0.2728,3,1364,0.121,761.7624724,78.144,2191.3699,115768.994,3.946030454,flat300_28_0__KERB-noElim__s3.json,0.0254,0.0056,26,12,0.3297556207,57,40,26,14,0,876,27026,167707,
E2,flat300_28_0,4,KERB-noElim,3,300,17356,27,5000,,29.168,31,29,0.2868,3,1434,0.1244,754.7339158,103.989,2624.5072,114281.411,3.892975969,flat300_28_0__KERB-noElim__s4.json,0.025,0.0056,26,17,0.3258530916,54,40,26,13,0,929,24683,191561,
E2,flat300_28_0,0,KERB-noMig,3,300,17356,27,5000,,31.9598,34,34,0.0324,3,162,0.0216,43.3735302,9.7305,38.7475,5128.113,0.31175001,flat300_28_0__KERB-noMig__s0.json,0.0216,0.0014,0,3,0.6755144033,0,0,0,0,0,0,0,24276,
E2,flat300_28_0,1,KERB-noMig,3,300,17356,27,5000,,31.3502,33,33,0.0286,3,143,0.0182,52.2253018,10.0965,40.9969,6141.837,0.373220661,flat300_28_0__KERB-noMig__s1.json,0.0182,0.0012,0,4,0.7238461538,0,0,0,0,0,0,0,23047,
E2,flat300_28_0,2,KERB-noMig,3,300,17356,27,5000,,31.082,33,33,0.0346,3,173,0.0212,36.3232862,9.694,30.91305,5177.048,0.277273453,flat300_28_0__KERB-noMig__s2.json,0.0212,0.0012,0,4,0.6564354528,0,0,0,0,0,0,0,18132,
E2,flat300_28_0,3,KERB-noMig,3,300,17356,27,5000,,30.8666,33,32,0.0292,3,146,0.0196,49.5306624,10.504,37.7516,8537.038,0.364253486,flat300_28_0__KERB-noMig__s3.json,0.0194,0.0012,1,4,0.7020547945,0,0,0,0,0,0,0,22209,
E2,flat300_28_0,4,KERB-noMig,3,300,17356,27,5000,,31.4912,33,33,0.0328,3,164,0.0218,38.9067392,9.469,30.1361,6367.462,0.292575919,flat300_28_0__KERB-noMig__s4.json,0.0218,0.0012,0,4,0.6835365854,0,0,0,0,0,0,0,20764,
E2,flat300_28_0,0,KERB-tabu,3,300,17356,27,5000,,29.0726,31,29,0.268,3,1340,0.1152,2466.771947,59.966,16934.6057,185339.673,12.48474381,flat300_28_0__KERB-tabu__s0.json,0.0252,0.0058,27,16,0.3545223881,65,43,27,15,0,857,133118,217719,
E2,flat300_28_0,1,KERB-tabu,3,300,17356,27,5000,,29.4216,31,30,0.2894,3,1447,0.123,1848.931912,71.163,15358.5777,106929.61,9.370295682,flat300_28_0__KERB-tabu__s1.json,0.0258,0.005,22,15,0.3518935729,53,36,22,14,0,870,132691,195790,
E2,flat300_28_0,2,KERB-tabu,3,300,17356,27,5000,,29.5682,31,30,0.2526,3,1263,0.1112,1912.299094,83.7995,15379.61395,95329.78,9.691023358,flat300_28_0__KERB-tabu__s2.json,0.025,0.0046,20,12,0.3438770124,50,37,20,16,0,764,132865,232358,
E2,flat300_28_0,3,KERB-tabu,3,300,17356,27,5000,,29.4018,31,30,0.2658,3,1329,0.117,3192.495036,119.988,18856.20195,121361.154,16.09917376,flat300_28_0__KERB-tabu__s3.json,0.0266,0.0056,25,14,0.3361800853,50,35,22,12,0,775,240038,281294,
E2,flat300_28_0,4,KERB-tabu,3,300,17356,27,5000,,29.7494,32,30,0.2078,3,1039,0.0918,1515.818575,92.0615,14468.72635,111928.27,7.709622119,flat300_28_0__KERB-tabu__s4.json,0.0246,0.0034,14,13,0.3885563041,39,32,12,19,0,576,97747,214616,
E2,flat300_28_0,0,Tabu-WarmStart,,300,17356,27,5000,,27.339,28,27,0.605,127,3025,0.0338,2805.710309,2.525,28.37485,269903.698,14.14970007,flat300_28_0__Tabu-WarmStart__s0.json,0.0266,0.0072,36,21,0.2143900826,,,,,,,,,180535
E2,flat300_28_0,1,Tabu-WarmStart,,300,17356,27,5000,,27.587,29,27,0.4962,133,2481,0.03,2718.331973,2.4385,13.0135,284313.279,13.70197811,flat300_28_0__Tabu-WarmStart__s1.json,0.0256,0.005,25,19,0.2530901518,,,,,,,,,193380
E2,flat300_28_0,2,Tabu-WarmStart,,300,17356,27,5000,,27.5724,29,27,0.4384,129,2192,0.032,2689.967899,2.555,23.3595,271822.014,13.56758373,flat300_28_0__Tabu-WarmStart__s2.json,0.0262,0.0058,29,17,0.2793278589,,,,,,,,,181468
E2,flat300_28_0,3,Tabu-WarmStart,,300,17356,27,5000,,27.358,29,28,0.518,118,2590,0.0338,3590.192666,2.636,32.7304,434565.68,18.12198629,flat300_28_0__Tabu-WarmStart__s3.json,0.0284,0.0056,27,21,0.2438764479,,,,,,,,,185302
E2,flat300_28_0,4,Tabu-WarmStart,,300,17356,27,5000,,27.5544,28,28,0.463,127,2315,0.0308,2720.040859,2.468,13.5592,278631.822,13.71046565,flat300_28_0__Tabu-WarmStart__s4.json,0.0258,0.0054,26,20,0.267975522,,,,,,,,,188358
E2,fpsol2.i.1,0,DSATUR-Recompute,,496,9323,24,5000,500,26.718,29,27,10.574,201,,0.166,12447.53991,10789.491,18958.7884,53572.366,13.14057607,fpsol2.i.1__DSATUR-Recompute__s0.json,,,,,,,,,,,,,,
E2,fpsol2.i.1,1,DSATUR-Recompute,,496,9323,24,5000,500,25.61,28,28,11.202,196,,0.174,12628.27702,11069.008,18866.87765,56282.692,13.44233485,fpsol2.i.1__DSATUR-Recompute__s1.json,,,,,,,,,,,,,,
E2,fpsol2.i.1,2,DSATUR-Recompute,,496,9323,26,5000,500,26.862,30,26,12.39,194,,0.196,12749.64864,10893.0355,19523.658,50665.854,13.49209825,fpsol2.i.1__DSATUR-Recompute__s2.json,,,,,,,,,,,,,,
E2,fpsol2.i.1,3,DSATUR-Recompute,,496,9323,25,5000,500,26.368,29,26,13.84,196,,0.212,11989.21237,10647.4515,18432.59165,44090.998,12.79470644,fpsol2.i.1__DSATUR-Recompute__s3.json,,,,,,,,,,,,,,
E2,fpsol2.i.1,4,DSATUR-Recompute,,496,9323,24,5000,500,27.072,30,27,11.606,193,,0.204,13033.05887,11064.758,19212.1483,66424.863,13.6931542,fpsol2.i.1__DSATUR-Recompute__s4.json,,,,,,,,,,,,,,
E2,fpsol2.i.1,0,FF-Repair,,496,9323,24,5000,,35.1046,40,40,0.0374,1,187,0.0374,2.5639066,1.812,5.1291,42.715,0.12409428,fpsol2.i.1__FF-Repair__s0.json,0.0374,0.0032,0,4,0.7932443505,,,,,,,,,
E2,fpsol2.i.1,1,FF-Repair,,496,9323,24,5000,,32.263,37,37,0.0352,1,176,0.0352,2.6586902,1.922,5.2555,52.544,0.12926151,fpsol2.i.1__FF-Repair__s1.json,0.0352,0.0026,0,4,0.8075742302,,,,,,,,,
E2,fpsol2.i.1,2,FF-Repair,,496,9323,26,5000,,33.638,37,37,0.04,1,200,0.04,3.2775224,2.1175,6.88215,104.678,0.161305748,fpsol2.i.1__FF-Repair__s2.json,0.04,0.0022,0,4,0.7769959677,,,,,,,,,
E2,fpsol2.i.1,3,FF-Repair,,496,9323,25,5000,,33.5236,37,37,0.0388,1,194,0.0388,3.180019,2.115,7.0294,158.364,0.146629756,fpsol2.i.1__FF-Repair__s3.json,0.0388,0.0024,0,4,0.7811356834,,,,,,,,,
E2,fpsol2.i.1,4,FF-Repair,,496,9323,24,5000,,34.1458,39,39,0.0376,1,188,0.0376,2.6923294,1.795,4.9264,829.271,0.126195169,fpsol2.i.1__FF-Repair__s4.json,0.0376,0.003,0,4,0.81084849,,,,,,,,,
E2,fpsol2.i.1,0,KERB-R10,10,496,9323,24,5000,,27.1222,29,27,0.1022,10,511,0.0464,1493.831089,28.025,7589.2284,114815.175,7.611212823,fpsol2.i.1__KERB-R10__s0.json,0.035,0.0046,20,12,0.7934750016,51,28,14,13,0,158,31903,697330,
E2,fpsol2.i.1,1,KERB-R10,10,496,9323,24,5000,,25.361,28,26,0.1044,10,522,0.044,1428.663876,51.671,7829.1154,109584.879,7.282088241,fpsol2.i.1__KERB-R10__s1.json,0.0326,0.0036,16,10,0.7819490792,51,34,11,22,1,185,27731,667055,
E2,fpsol2.i.1,2,KERB-R10,10,496,9323,26,5000,,27.1846,29,27,0.1066,10,533,0.049,1436.784327,43.7575,8030.5655,91221.088,7.328975073,fpsol2.i.1__KERB-R10__s2.json,0.0368,0.0048,23,11,0.7482259578,53,35,16,18,0,154,25393,659150,
E2,fpsol2.i.1,3,KERB-R10,10,496,9323,25,5000,,27.5096,29,27,0.1156,10,578,0.0534,1562.393826,56.8485,7911.5186,101798.448,7.959539876,fpsol2.i.1__KERB-R10__s3.json,0.0394,0.0042,19,11,0.7897296015,54,33,16,16,0,170,30957,712581,
E2,fpsol2.i.1,4,KERB-R10,10,496,9323,24,5000,,27.007,29,27,0.1016,10,508,0.0444,1483.616325,19.2,7551.13075,97232.829,7.555428647,fpsol2.i.1__KERB-R10__s4.json,0.0316,0.0052,23,14,0.7919259589,56,28,13,14,1,147,35361,684649,
E2,fpsol2.i.1,0,KERB-R1,1,496,9323,24,5000,,30.148,32,30,0.076,1,380,0.076,102.172348,32.4475,106.73285,53069.379,0.652635851,fpsol2.i.1__KERB-R1__s0.json,0.0348,0.0062,25,9,0.781971562,54,54,17,29,7,199,3425,2433,
E2,fpsol2.i.1,1,KERB-R1,1,496,9323,24,5000,,27.8988,32,31,0.0736,1,368,0.0736,183.1552132,27.843,112.3598,80925.067,1.043857665,fpsol2.i.1__KERB-R1__s1.json,0.0332,0.0066,26,11,0.803263061,61,55,21,28,5,196,9143,2270,
E2,fpsol2.i.1,2,KERB-R1,1,496,9323,26,5000,,30.194,34,29,0.0774,1,387,0.0774,158.4731208,34.8155,106.9379,101016.123,0.923766011,fpsol2.i.1__KERB-R1__s2.json,0.0368,0.0054,24,10,0.7625083354,57,53,23,29,1,200,8187,2126,
E2,fpsol2.i.1,3,KERB-R1,1,496,9323,25,5000,,28.706,31,28,0.0734,1,367,0.0734,175.378798,27.273,96.5175,80284.414,1.011794644,fpsol2.i.1__KERB-R1__s3.json,0.0356,0.006,27,7,0.7507745891,61,54,20,27,6,183,10103,1904,
E2,fpsol2.i.1,4,KERB-R1,1,496,9323,24,5000,,29.792,32,32,0.0654,1,327,0.0654,174.2121694,29.995,98.0911,66542.53,1.003191497,fpsol2.i.1__KERB-R1__s4.json,0.0346,0.0058,21,7,0.7746806254,53,47,14,29,4,145,10876,2237,
E2,fpsol2.i.1,0,KERB-R25,25,496,9323,24,5000,,26.9702,29,28,0.0882,15,441,0.041,1394.363392,14.27,7719.82615,88072.559,7.115902952,fpsol2.i.1__KERB-R25__s0.json,0.0334,0.005,21,11,0.7987299759,49,18,8,9,1,94,37228,571361,
E2,fpsol2.i.1,1,KERB-R25,25,496,9323,24,5000,,25.325,28,28,0.1126,14,563,0.0468,1587.35244,51.025,7737.0253,81098.988,8.076726706,fpsol2.i.1__KERB-R25__s1.json,0.0352,0.0044,18,13,0.7788954621,50,28,11,15,1,166,32096,751467,
E2,fpsol2.i.1,2,KERB-R25,25,496,9323,26,5000,,27.1832,29,27,0.0936,13,468,0.0424,1418.073486,12.843,7830.57865,82109.839,7.22096266,fpsol2.i.1__KERB-R25__s2.json,0.034,0.0046,22,9,0.7595895368,55,21,12,7,1,121,40790,585572,
E2,fpsol2.i.1,3,KERB-R25,25,496,9323,25,5000,,27.4168,29,27,0.0852,12,426,0.0428,1387.369856,38.811,7454.0283,142317.668,7.072655982,fpsol2.i.1__KERB-R25__s3.json,0.0344,0.0036,16,11,0.7721868847,53,30,11,17,1,97,33957,636540,
E2,fpsol2.i.1,4,KERB-R25,25,496,9323,24,5000,,27.214,29,28,0.09,12,450,0.0422,1365.670786,15.6125,7462.24925,107667.205,6.965193804,fpsol2.i.1__KERB-R25__s4.json,0.0334,0.0048,20,12,0.78890681,58,25,15,10,0,130,38166,583346,
E2,fpsol2.i.1,0,KERB-R2,2,496,9323,24,5000,,28.4692,30,29,0.111,2,555,0.0772,336.9349542,40.659,695.1031,83873.408,1.816712319,fpsol2.i.1__KERB-R2__s0.json,0.0346,0.0054,22,13,0.7963491718,53,42,16,21,4,278,17927,42844,
E2,fpsol2.i.1,1,KERB-R2,2,496,9323,24,5000,,26.2596,29,27,0.113,2,565,0.079,340.5748486,28.471,475.3327,68431.543,1.826017746,fpsol2.i.1__KERB-R2__s1.json,0.0342,0.0058,26,17,0.8058985156,55,38,19,17,2,294,21600,30911,
E2,fpsol2.i.1,2,KERB-R2,2,496,9323,26,5000,,28.1728,30,27,0.101,2,505,0.0706,314.5545318,35.5375,592.12365,65676.166,1.694659127,fpsol2.i.1__KERB-R2__s2.json,0.0324,0.0046,22,15,0.7869650271,55,41,18,18,4,244,18524,35284,
E2,fpsol2.i.1,3,KERB-R2,2,496,9323,25,5000,,27.2504,29,29,0.0998,2,499,0.0718,404.928258,13.9995,499.1186,76456.229,2.155213324,fpsol2.i.1__KERB-R2__s3.json,0.0386,0.0056,24,16,0.7765409852,61,35,21,13,0,221,28781,26682,
E2,fpsol2.i.1,4,KERB-R2,2,496,9323,24,5000,,27.8872,32,28,0.1094,2,547,0.0748,457.624906,37.9165,703.73135,91010.406,2.42619985,fpsol2.i.1__KERB-R2__s4.json,0.0344,0.0068,30,13,0.7982802088,63,43,16,18,9,269,27106,41413,
E2,fpsol2.i.1,0,KERB-R3,3,496,9323,24,5000,,27.0332,29,28,0.1654,3,827,0.0834,841.698835,16.538,2156.56635,103216.797,4.99113501,fpsol2.i.1__KERB-R3__s0.json,0.0356,0.006,26,23,0.811398077,68,34,20,9,4,354,41866,173932,
E2,fpsol2.i.1,1,KERB-R3,3,496,9323,24,5000,,25.741,28,26,0.131,3,655,0.07,739.3893378,17.2905,1963.89475,90855.207,4.50325111,fpsol2.i.1__KERB-R3__s1.json,0.034,0.0048,21,15,0.804958754,61,32,18,12,2,269,36952,144700,
E2,fpsol2.i.1,2,KERB-R3,3,496,9323,26,5000,,27.5872,29,26,0.119,3,595,0.066,680.7392068,33.8555,1900.78565,84717.616,4.244710949,fpsol2.i.1__KERB-R3__s2.json,0.0332,0.0044,22,16,0.8035273787,59,32,16,11,5,238,33343,137326,
E2,fpsol2.i.1,3,KERB-R3,3,496,9323,25,5000,,27.3604,30,27,0.1066,3,533,0.0618,639.1035554,13.286,1619.6003,102513.619,4.016724111,fpsol2.i.1__KERB-R3__s3.json,0.0326,0.0036,16,13,0.792921231,49,23,12,7,3,218,33392,113096,
E2,fpsol2.i.1,4,KERB-R3,3,496,9323,24,5000,,27.9814,30,28,0.1438,3,719,0.074,738.8649816,25.82,2286.54645,84092.498,4.559666468,fpsol2.i.1__KERB-R3__s4.json,0.0356,0.0054,22,16,0.8025287137,63,33,19,12,2,279,35886,175800,
E2,fpsol2.i.1,0,KERB-R5,5,496,9323,24,5000,,26.9086,29,27,0.1472,5,736,0.0594,1666.287625,17.304,8042.5866,118246.217,8.493986786,fpsol2.i.1__KERB-R5__s0.json,0.0366,0.0056,25,21,0.8178087745,61,23,16,5,1,200,44590,584404,
E2,fpsol2.i.1,1,KERB-R5,5,496,9323,24,5000,,24.9202,27,25,0.1158,5,579,0.0484,1186.414797,12.1955,7080.0601,108853.769,6.068436422,fpsol2.i.1__KERB-R5__s1.json,0.0316,0.004,19,13,0.7990034264,55,24,15,9,0,172,36604,475918,
E2,fpsol2.i.1,2,KERB-R5,5,496,9323,26,5000,,26.955,29,26,0.132,5,660,0.0552,1330.62994,17.1335,7322.4444,73728.59,6.7847167,fpsol2.i.1__KERB-R5__s2.json,0.0334,0.0044,22,17,0.7806757087,64,27,18,8,1,211,42482,574157,
E2,fpsol2.i.1,3,KERB-R5,5,496,9323,25,5000,,26.7268,28,26,0.0982,5,491,0.0492,1051.91449,11.1735,6854.47965,91878.005,5.393397679,fpsol2.i.1__KERB-R5__s3.json,0.0368,0.0038,18,10,0.7698779647,42,15,11,3,0,113,32096,424746,
E2,fpsol2.i.1,4,KERB-R5,5,496,9323,24,5000,,27.409,30,27,0.167,5,835,0.0678,1768.814344,49.2675,8531.51365,112647.881,9.001118798,fpsol2.i.1__KERB-R5__s4.json,0.0392,0.0052,23,18,0.7929471702,60,35,18,16,1,265,37395,735210,
E2,fpsol2.i.1,0,KERB-direct,3,496,9323,24,5000,,29.729,33,29,0.0756,3,378,0.06,116.9807006,33.367,98.25365,69958.077,0.714993941,fpsol2.i.1__KERB-direct__s0.json,0.0356,0.0076,32,13,0.7991658133,61,59,21,30,8,187,5220,0,
E2,fpsol2.i.1,1,KERB-direct,3,496,9323,24,5000,,27.6298,31,31,0.0788,3,394,0.0592,121.4017638,29.5595,85.499,71041.552,0.728718398,fpsol2.i.1__KERB-direct__s1.json,0.0338,0.0068,27,9,0.7880915343,60,57,21,30,5,216,6278,0,
E2,fpsol2.i.1,2,KERB-direct,3,496,9323,26,5000,,30.0044,33,30,0.0604,3,302,0.0492,96.2076106,29.158,72.9686,60136.755,0.598881274,fpsol2.i.1__KERB-direct__s2.json,0.0334,0.0048,20,7,0.7637123478,49,47,13,31,3,123,4535,0,
E2,fpsol2.i.1,3,KERB-direct,3,496,9323,25,5000,,29.3664,32,30,0.0676,3,338,0.055,133.7376068,29.857,109.8086,57744.07,0.804750885,fpsol2.i.1__KERB-direct__s3.json,0.037,0.0058,24,7,0.76328975,57,53,18,29,5,148,7516,0,
E2,fpsol2.i.1,4,KERB-direct,3,496,9323,24,5000,,30.7932,34,30,0.071,3,355,0.0562,88.2527218,30.4555,78.47135,46413.762,0.558997406,fpsol2.i.1__KERB-direct__s4.json,0.0338,0.0068,28,9,0.7913845979,58,57,22,33,2,178,4090,0,
E2,fpsol2.i.1,0,KERB-kempe,3,496,9323,24,5000,,29.3356,31,30,0.0782,3,391,0.0604,132.4895834,32.739,89.56775,93213.404,0.783838352,fpsol2.i.1__KERB-kempe__s0.json,0.037,0.0066,26,11,0.7902555482,59,57,19,31,6,186,6645,0,
E2,fpsol2.i.1,1,KERB-kempe,3,496,9323,24,5000,,27.835,31,31,0.0688,3,344,0.053,113.127301,29.6845,83.895,69423.148,0.687896747,fpsol2.i.1__KERB-kempe__s1.json,0.0336,0.005,18,8,0.7982581583,50,47,15,30,2,160,5447,0,
E2,fpsol2.i.1,2,KERB-kempe,3,496,9323,26,5000,,29.8968,32,28,0.0716,3,358,0.0544,104.9705284,30.2615,77.7065,59424.627,0.640595657,fpsol2.i.1__KERB-kempe__s2.json,0.0352,0.0036,16,8,0.766117769,50,47,14,30,2,171,5437,0,
E2,fpsol2.i.1,3,KERB-kempe,3,496,9323,25,5000,,29.0514,31,30,0.0636,3,318,0.0514,196.2918786,32.534,106.6751,66887.401,1.109579984,fpsol2.i.1__KERB-kempe__s3.json,0.0346,0.0046,18,7,0.7873047271,53,44,10,28,6,132,13683,0,
E2,fpsol2.i.1,4,KERB-kempe,3,496,9323,24,5000,,30.318,33,31,0.0704,3,352,0.056,84.5113354,28.3015,74.3844,45963.794,0.539434943,fpsol2.i.1__KERB-kempe__s4.json,0.0336,0.007,28,12,0.8039199963,58,57,21,32,3,168,3778,0,
E2,fpsol2.i.1,0,KERB-noElim,3,496,9323,24,5000,,27.5022,29,29,0.1164,3,582,0.0636,488.285475,2.9075,574.12245,82182.071,2.565649256,fpsol2.i.1__KERB-noElim__s0.json,0.035,0.0044,17,14,0.8024678528,56,27,15,10,2,242,33289,51443,
E2,fpsol2.i.1,1,KERB-noElim,3,496,9323,24,5000,,25.4582,27,26,0.1636,3,818,0.082,565.5273946,3.4475,570.49735,123383.163,2.955272187,fpsol2.i.1__KERB-noElim__s1.json,0.0314,0.0046,20,18,0.814432329,58,28,19,6,2,409,36240,48007,
E2,fpsol2.i.1,2,KERB-noElim,3,496,9323,26,5000,,27.5828,29,27,0.1332,3,666,0.0696,599.4150552,3.049,643.8419,76647.239,3.122633799,fpsol2.i.1__KERB-noElim__s2.json,0.0302,0.0044,21,14,0.790806936,63,28,20,8,0,315,41587,40951,
E2,fpsol2.i.1,3,KERB-noElim,3,496,9323,25,5000,,27.2156,29,26,0.124,3,620,0.0666,568.8646368,4.2655,558.93935,96601.071,2.978383329,fpsol2.i.1__KERB-noElim__s3.json,0.0302,0.0038,18,20,0.8123504162,61,30,18,12,0,270,38013,51773,
E2,fpsol2.i.1,4,KERB-noElim,3,496,9323,24,5000,,27.6324,29,28,0.1452,3,726,0.075,545.3579062,3.581,859.15735,83257.846,2.856050066,fpsol2.i.1__KERB-noElim__s4.json,0.0342,0.0042,17,18,0.7950713143,56,29,15,12,1,320,36620,69885,
E2,fpsol2.i.1,0,KERB-noMig,3,496,9323,24,5000,,29.527,31,30,0.0482,3,241,0.0364,136.1593038,10.1815,1124.4469,7450.862,0.803630501,fpsol2.i.1__KERB-noMig__s0.json,0.0356,0.002,4,5,0.7926733369,0,0,0,0,0,0,0,82667,
E2,fpsol2.i.1,1,KERB-noMig,3,496,9323,24,5000,,28.2162,31,31,0.0406,3,203,0.032,164.9343056,11.974,1091.59715,10603.297,0.968911553,fpsol2.i.1__KERB-noMig__s1.json,0.0316,0.0018,2,5,0.8170288416,0,0,0,0,0,0,0,84009,
E2,fpsol2.i.1,2,KERB-noMig,3,496,9323,26,5000,,30.577,32,31,0.0444,3,222,0.0364,126.9708362,11.2195,786.92385,12090.845,0.771018614,fpsol2.i.1__KERB-noMig__s2.json,0.036,0.0014,2,4,0.774284365,0,0,0,0,0,0,0,69115,
E2,fpsol2.i.1,3,KERB-noMig,3,496,9323,25,5000,,29.033,31,30,0.0448,3,224,0.037,120.8869498,9.831,867.4598,6729.019,0.722298701,fpsol2.i.1__KERB-noMig__s3.json,0.0364,0.0018,4,5,0.7835721486,0,0,0,0,0,0,0,77510,
E2,fpsol2.i.1,4,KERB-noMig,3,496,9323,24,5000,,29.8156,32,31,0.0504,3,252,0.039,130.8138732,10.278,859.11185,7002.143,0.777719195,fpsol2.i.1__KERB-noMig__s4.json,0.0382,0.0022,4,5,0.7815060164,0,0,0,0,0,0,0,80282,
E2,fpsol2.i.1,0,KERB-tabu,3,496,9323,24,5000,,27.6302,29,28,0.1384,3,692,0.0728,2965.670929,32.5055,20048.08125,166286.416,14.98488601,fpsol2.i.1__KERB-tabu__s0.json,0.0354,0.0062,27,16,0.8035497856,62,31,17,9,5,265,225261,168013,
E2,fpsol2.i.1,1,KERB-tabu,3,496,9323,24,5000,,25.4908,28,26,0.1404,3,702,0.0718,2448.424375,46.6015,18982.24445,94018.973,12.3835209,fpsol2.i.1__KERB-tabu__s1.json,0.033,0.004,18,15,0.7804487179,53,33,13,17,3,298,188789,135432,
E2,fpsol2.i.1,2,KERB-tabu,3,496,9323,26,5000,,26.9784,29,26,0.1394,3,697,0.073,3010.234202,18.122,19544.8051,110562.572,15.19529579,fpsol2.i.1__KERB-tabu__s2.json,0.0342,0.005,25,17,0.7862816448,69,31,22,6,2,293,236807,151570,
E2,fpsol2.i.1,3,KERB-tabu,3,496,9323,25,5000,,26.9138,28,28,0.1036,3,518,0.0602,2385.7748,13.258,18630.99115,158841.01,12.07255724,fpsol2.i.1__KERB-tabu__s3.json,0.0348,0.004,17,11,0.7700523104,58,24,13,8,2,200,189925,104989,
E2,fpsol2.i.1,4,KERB-tabu,3,496,9323,24,5000,,27.384,30,28,0.117,3,585,0.0636,2802.529525,13.946,19643.28085,145763.859,14.1681224,fpsol2.i.1__KERB-tabu__s4.json,0.0346,0.005,20,12,0.790601737,70,27,19,6,1,234,217101,142632,
E2,fpsol2.i.1,0,Tabu-WarmStart,,496,9323,24,5000,,27.0836,28,27,0.241,54,1205,0.0394,2556.868989,2.525,54.3501,236728.087,12.93317528,fpsol2.i.1__Tabu-WarmStart__s0.json,0.0366,0.0036,15,28,0.8314198233,,,,,,,,,192720
E2,fpsol2.i.1,1,Tabu-WarmStart,,496,9323,24,5000,,24.276,26,25,0.2758,59,1379,0.0356,2241.253334,2.55,46.23905,198840.835,11.33536744,fpsol2.i.1__Tabu-WarmStart__s1.json,0.0326,0.0034,16,31,0.8164708531,,,,,,,,,192874
E2,fpsol2.i.1,2,Tabu-WarmStart,,496,9323,26,5000,,26.575,28,25,0.3148,72,1574,0.0408,2357.205095,2.556,50.4532,183302.556,11.91828958,fpsol2.i.1__Tabu-WarmStart__s2.json,0.0358,0.0052,27,34,0.8270791491,,,,,,,,,184859
E2,fpsol2.i.1,3,Tabu-WarmStart,,496,9323,25,5000,,25.8124,27,25,0.2334,53,1167,0.0372,2261.255869,2.5755,47.02095,251725.653,11.44302242,fpsol2.i.1__Tabu-WarmStart__s3.json,0.0336,0.0038,19,31,0.8241717804,,,,,,,,,187146
E2,fpsol2.i.1,4,Tabu-WarmStart,,496,9323,24,5000,,26.8618,29,27,0.2212,64,1106,0.038,2073.905499,2.518,46.45535,145946.585,10.49154434,fpsol2.i.1__Tabu-WarmStart__s4.json,0.0348,0.004,17,25,0.8195035875,,,,,,,,,190683
E2,homer,0,DSATUR-Recompute,,561,1302,8,5000,500,8.086,9,9,6.578,169,,0.442,1887.72643,1785.474,2587.514699,3197.575999,1.944065123,homer__DSATUR-Recompute__s0.json,,,,,,,,,,,,,,
E2,homer,1,DSATUR-Recompute,,561,1302,7,5000,500,9.34,12,11,7.1,220,,0.454,1916.061092,1884.82,2145.990051,3450.986,1.990010871,homer__DSATUR-Recompute__s1.json,,,,,,,,,,,,,,
E2,homer,2,DSATUR-Recompute,,561,1302,8,5000,500,8.696,10,9,5.278,178,,0.41,1866.49059,1823.746501,2069.5066,4446.744999,1.953361078,homer__DSATUR-Recompute__s2.json,,,,,,,,,,,,,,
E2,homer,3,DSATUR-Recompute,,561,1302,8,5000,500,9.174,12,10,6.082,169,,0.48,2198.92932,1923.3715,3381.1948,4496.541,2.241985226,homer__DSATUR-Recompute__s3.json,,,,,,,,,,,,,,
E2,homer,4,DSATUR-Recompute,,561,1302,9,5000,500,8.03,9,8,5.702,174,,0.438,1863.717858,1784.491,2309.535449,4132.120001,1.934874446,homer__DSATUR-Recompute__s4.json,,,,,,,,,,,,,,
E2,homer,0,FF-Repair,,561,1302,8,5000,,11.6282,12,12,0.0282,1,141,0.0282,3.7051048,3.137,6.4033,62.94,0.178561249,homer__FF-Repair__s0.json,0.0282,0.0008,0,6,0.8668411272,,,,,,,,,
E2,homer,1,FF-Repair,,561,1302,7,5000,,12.0114,13,13,0.0308,1,154,0.0308,2.2578728,1.753,4.681,163.18,0.110500519,homer__FF-Repair__s1.json,0.0308,0.0012,0,6,0.8666111073,,,,,,,,,
E2,homer,2,FF-Repair,,561,1302,8,5000,,12.5118,13,13,0.0262,1,131,0.0262,2.2429704,1.714,4.73235,74.494,0.113443407,homer__FF-Repair__s2.json,0.0262,0.001,0,5,0.8582819665,,,,,,,,,
E2,homer,3,FF-Repair,,561,1302,8,5000,,12.3856,13,13,0.0248,1,124,0.0248,2.3459088,1.791,4.59435,81.117,0.118086277,homer__FF-Repair__s3.json,0.0248,0.001,0,11,0.8711689955,,,,,,,,,
E2,homer,4,FF-Repair,,561,1302,9,5000,,11.519,12,12,0.0306,1,153,0.0306,2.2488426,1.7735,4.53405,59.739,0.112261162,homer__FF-Repair__s4.json,0.0306,0.0006,0,6,0.8772150571,,,,,,,,,
E2,homer,0,KERB-R10,10,561,1302,8,5000,,8.5788,10,9,0.1304,10,652,0.0688,630.640551,8.633,5016.4341,34428.391,3.275612494,homer__KERB-R10__s0.json,0.0624,0.0034,16,16,0.8156009755,37,8,8,0,0,100,30489,462931,
E2,homer,1,KERB-R10,10,561,1302,7,5000,,9.5706,12,11,0.1228,10,614,0.0646,636.4028302,8.7785,4677.8389,22610.325,3.295383829,homer__KERB-R10__s1.json,0.0578,0.0044,18,24,0.8442694816,49,8,6,2,0,90,42273,563860,
E2,homer,2,KERB-R10,10,561,1302,8,5000,,8.786,10,9,0.163,10,815,0.0818,652.2873392,8.574,4835.5337,23358.855,3.374013065,homer__KERB-R10__s2.json,0.072,0.0038,18,16,0.8147151778,51,14,10,4,0,188,39737,530533,
E2,homer,3,KERB-R10,10,561,1302,8,5000,,9.5482,12,10,0.1476,10,738,0.071,698.561373,10.52,4908.5343,40232.962,3.626993062,homer__KERB-R10__s3.json,0.062,0.005,23,17,0.8302151114,66,15,13,2,0,168,53010,479632,
E2,homer,4,KERB-R10,10,561,1302,9,5000,,8.436,9,9,0.1478,10,739,0.0726,588.640439,8.606,4743.6922,25973.226,3.06101207,homer__KERB-R10__s4.json,0.066,0.0026,13,18,0.8070838127,53,14,11,3,0,147,42740,447224,
E2,homer,0,KERB-R1,1,561,1302,8,5000,,9.6488,12,10,0.1216,1,608,0.1216,50.2343452,19.3115,51.24925,19182.919,0.356642457,homer__KERB-R1__s0.json,0.0616,0.0054,25,15,0.8256578947,56,50,22,27,0,298,9721,493,
E2,homer,1,KERB-R1,1,561,1302,7,5000,,10.3934,12,11,0.1092,1,546,0.1092,94.8228012,13.8285,44.5924,20541.14,0.583144104,homer__KERB-R1__s1.json,0.0536,0.0068,30,18,0.860152919,73,45,26,19,0,271,30260,875,
E2,homer,2,KERB-R1,1,561,1302,8,5000,,10.3964,12,10,0.0906,1,453,0.0906,42.6407034,16.6905,42.6433,15857.693,0.320228808,homer__KERB-R1__s2.json,0.051,0.0032,14,13,0.8305414881,50,43,14,28,0,197,8397,409,
E2,homer,3,KERB-R1,1,561,1302,8,5000,,10.4364,13,10,0.089,1,445,0.089,78.4287974,15.6175,47.5704,19284.62,0.506369871,homer__KERB-R1__s3.json,0.0456,0.0046,21,13,0.8531875263,64,43,19,23,1,210,22360,917,
E2,homer,4,KERB-R1,1,561,1302,9,5000,,9.8618,11,10,0.114,1,570,0.114,70.1937282,16.4935,46.95875,43563.368,0.476419172,homer__KERB-R1__s4.json,0.0582,0.005,24,13,0.8310973512,59,47,22,24,0,276,15297,590,
E2,homer,0,KERB-R25,25,561,1302,8,5000,,8.4984,10,9,0.1798,24,899,0.0798,1053.406195,13.0595,5539.88155,36880.43,5.387914095,homer__KERB-R25__s0.json,0.0708,0.004,19,17,0.801385576,49,16,12,3,0,216,38198,846262,
E2,homer,1,KERB-R25,25,561,1302,7,5000,,9.4916,12,11,0.142,20,710,0.069,888.943184,9.8435,5243.757,33412.45,4.567353164,homer__KERB-R25__s1.json,0.0628,0.0058,25,25,0.8510908589,49,7,6,1,0,89,44212,772721,
E2,homer,2,KERB-R25,25,561,1302,8,5000,,9.0126,10,9,0.1092,21,546,0.0634,795.1092406,10.4505,5146.1111,35025.058,4.101641896,homer__KERB-R25__s2.json,0.061,0.0024,11,14,0.8305224188,29,3,3,0,0,43,26242,658446,
E2,homer,3,KERB-R25,25,561,1302,8,5000,,9.4344,12,10,0.1292,21,646,0.066,864.789943,9.515,5171.70775,30025.161,4.448626212,homer__KERB-R25__s3.json,0.0616,0.0044,20,17,0.8380380016,39,5,4,1,0,57,35191,760235,
E2,homer,4,KERB-R25,25,561,1302,9,5000,,8.3798,9,9,0.1214,25,607,0.0626,759.1323488,9.12,4980.89365,23643.204,3.907624974,homer__KERB-R25__s4.json,0.0584,0.0024,12,13,0.8149485944,38,6,5,1,0,69,33117,688875,
E2,homer,0,KERB-R2,2,561,1302,8,5000,,9.051,11,9,0.1922,2,961,0.1336,155.6332738,18.063,181.17885,26928.126,0.898333866,homer__KERB-R2__s0.json,0.0664,0.0074,36,25,0.8415439206,74,44,33,10,0,470,36537,9919,
E2,homer,1,KERB-R2,2,561,1302,7,5000,,9.9928,12,12,0.1586,2,793,0.1134,186.4707942,11.2145,195.19335,32372.005,1.061512644,homer__KERB-R2__s1.json,0.0614,0.008,35,26,0.8643365635,80,39,25,14,0,339,43409,13802,
E2,homer,2,KERB-R2,2,561,1302,8,5000,,9.4018,11,10,0.154,2,770,0.1124,137.1578092,13.4985,149.19445,26107.522,0.79580266,homer__KERB-R2__s2.json,0.0674,0.0046,21,17,0.8298678149,63,33,18,14,0,312,33681,9150,
E2,homer,3,KERB-R2,2,561,1302,8,5000,,10.0472,12,11,0.137,2,685,0.0992,145.0468054,17.067,190.18865,24034.518,0.863025184,homer__KERB-R2__s3.json,0.0562,0.0052,23,18,0.8373368724,63,34,17,17,0,302,31590,10691,
E2,homer,4,KERB-R2,2,561,1302,9,5000,,8.8344,11,9,0.154,2,770,0.1122,145.7364268,8.621,127.38415,25745.582,0.848165154,homer__KERB-R2__s4.json,0.063,0.0056,28,17,0.8289233049,75,37,26,11,0,336,41232,6769,
E2,homer,0,KERB-R3,3,561,1302,8,5000,,8.747,10,9,0.2054,3,1027,0.1148,224.2494536,8.9735,288.64515,28069.652,1.289482213,homer__KERB-R3__s0.json,0.0662,0.0052,25,23,0.83085046,79,32,25,6,0,423,54224,20542,
E2,homer,1,KERB-R3,3,561,1302,7,5000,,9.7942,12,11,0.1854,3,927,0.1056,234.7847272,9.661,401.80885,33880.419,1.329306571,homer__KERB-R3__s1.json,0.0642,0.007,31,24,0.8577263209,74,29,24,5,0,334,49286,55107,
E2,homer,2,KERB-R3,3,561,1302,8,5000,,9.5178,11,11,0.1384,3,692,0.0844,154.2595726,7.1725,228.50535,24184.82,0.90042616,homer__KERB-R3__s2.json,0.0568,0.003,12,18,0.8294900724,52,16,10,6,0,230,38573,19637,
E2,homer,3,KERB-R3,3,561,1302,8,5000,,9.7236,12,11,0.1228,3,614,0.076,142.6268962,7.4575,204.61445,29309.504,0.855953128,homer__KERB-R3__s3.json,0.054,0.0038,16,16,0.8331794666,46,13,9,4,0,199,35630,25818,
E2,homer,4,KERB-R3,3,561,1302,9,5000,,8.7284,10,10,0.155,3,775,0.0948,173.2733726,7.198,242.8471,22273.56,0.997992878,homer__KERB-R3__s4.json,0.0636,0.0042,20,21,0.8250612386,61,20,17,2,0,295,45587,16782,
E2,homer,0,KERB-R5,5,561,1302,8,5000,,8.5404,9,8,0.2026,5,1013,0.096,310.1558234,8.0935,1144.421,30043.228,1.663491044,homer__KERB-R5__s0.json,0.0734,0.0042,21,19,0.8109232385,71,23,19,4,0,325,51763,136950,
E2,homer,1,KERB-R5,5,561,1302,7,5000,,9.5882,12,11,0.1724,5,862,0.0874,408.144359,8.7745,2454.83125,30839.385,2.173925584,homer__KERB-R5__s1.json,0.0682,0.005,21,27,0.846582379,60,13,12,1,0,208,49794,213133,
E2,homer,2,KERB-R5,5,561,1302,8,5000,,8.8608,10,9,0.1742,5,871,0.0904,324.1069794,8.46,863.1666,44761.576,1.756024053,homer__KERB-R5__s2.json,0.0732,0.0044,21,16,0.8188387556,64,18,16,2,0,236,48617,114857,
E2,homer,3,KERB-R5,5,561,1302,8,5000,,9.6286,12,10,0.1146,5,573,0.0654,301.56643,7.425,1849.1846,23619.089,1.622374625,homer__KERB-R5__s3.json,0.0552,0.0028,12,15,0.8275237749,35,7,5,2,0,116,29857,200703,
E2,homer,4,KERB-R5,5,561,1302,9,5000,,8.5828,9,8,0.1084,5,542,0.0604,203.1219052,7.225,295.0091,23008.826,1.134312565,homer__KERB-R5__s4.json,0.0522,0.0016,9,16,0.8346652985,39,9,8,1,0,123,31490,85555,
E2,homer,0,KERB-direct,3,561,1302,8,5000,,10.096,12,10,0.1066,3,533,0.0804,54.4966398,21.92,72.24865,14333.713,0.410996121,homer__KERB-direct__s0.json,0.0548,0.0052,24,13,0.8199576607,57,50,21,28,0,253,8977,0,
E2,homer,1,KERB-direct,3,561,1302,7,5000,,10.7646,12,12,0.084,3,420,0.0678,57.5373258,17.55,53.66895,17084.302,0.403006802,homer__KERB-direct__s1.json,0.0474,0.0046,18,17,0.8628214922,53,40,15,25,0,170,14387,0,
E2,homer,2,KERB-direct,3,561,1302,8,5000,,10.3248,12,10,0.1204,3,602,0.088,57.2244044,20.336,61.0465,21357.225,0.409348617,homer__KERB-direct__s2.json,0.0592,0.0052,24,17,0.8307009908,58,51,22,28,0,297,10149,0,
E2,homer,3,KERB-direct,3,561,1302,8,5000,,10.5806,12,11,0.108,3,540,0.0778,74.0711714,18.0965,61.6765,16806.858,0.491751137,homer__KERB-direct__s3.json,0.051,0.0052,23,19,0.8482735855,60,44,22,21,0,277,19394,0,
E2,homer,4,KERB-direct,3,561,1302,9,5000,,9.2226,11,10,0.1098,3,549,0.081,80.3478076,15.229,44.5111,26169.343,0.509417647,homer__KERB-direct__s4.json,0.0542,0.0054,26,13,0.826178857,62,41,20,20,0,257,23933,0,
E2,homer,0,KERB-kempe,3,561,1302,8,5000,,9.4678,11,10,0.1218,3,609,0.0858,64.5703322,17.8845,52.69645,17373.528,0.430803769,homer__KERB-kempe__s0.json,0.0588,0.004,18,14,0.8241674935,57,46,18,28,0,292,14801,0,
E2,homer,1,KERB-kempe,3,561,1302,7,5000,,10.3742,12,11,0.0794,3,397,0.0632,84.7476586,8.0325,40.76845,17222.28,0.527206678,homer__KERB-kempe__s1.json,0.047,0.0038,15,15,0.8699021628,53,29,13,16,0,143,25791,0,
E2,homer,2,KERB-kempe,3,561,1302,8,5000,,10.1596,12,12,0.099,3,495,0.0736,46.9971798,18.455,51.00615,16409.521,0.339978161,homer__KERB-kempe__s2.json,0.053,0.0034,13,13,0.8219449396,48,41,12,28,0,200,9534,0,
E2,homer,3,KERB-kempe,3,561,1302,8,5000,,10.4666,12,10,0.0944,3,472,0.0682,89.9178412,15.293,49.46795,26751.344,0.566382409,homer__KERB-kempe__s3.json,0.0468,0.0048,22,15,0.842449923,66,44,19,24,1,210,25101,0,
E2,homer,4,KERB-kempe,3,561,1302,9,5000,,9.6828,11,10,0.0844,3,422,0.0652,77.3218014,14.477,58.58145,21707.964,0.510242296,homer__KERB-kempe__s4.json,0.0464,0.0034,16,13,0.8472007502,52,36,13,21,1,172,18441,0,
E2,homer,0,KERB-noElim,3,561,1302,8,5000,,8.913,10,9,0.1878,3,939,0.1052,161.7375112,3.5075,144.97515,31376.212,0.929614967,homer__KERB-noElim__s0.json,0.0626,0.0038,18,20,0.827018541,64,26,18,8,0,404,42407,9248,
E2,homer,1,KERB-noElim,3,561,1302,7,5000,,9.7946,12,12,0.165,3,825,0.096,165.3743824,2.8275,224.77995,26282.87,0.933733994,homer__KERB-noElim__s1.json,0.0608,0.0052,21,22,0.860852374,69,29,21,8,0,330,43476,27772,
E2,homer,2,KERB-noElim,3,561,1302,8,5000,,9.56,11,10,0.1154,3,577,0.0736,121.9247158,2.58,33.3284,26483.242,0.716258603,homer__KERB-noElim__s2.json,0.0546,0.0026,11,14,0.8439744576,51,16,11,5,0,186,36587,4610,
E2,homer,3,KERB-noElim,3,561,1302,8,5000,,9.6974,12,10,0.1236,3,618,0.0762,162.5015094,2.912,84.5,32057.419,0.93631582,homer__KERB-noElim__s3.json,0.0508,0.0038,17,20,0.8461658273,66,23,17,6,0,227,45877,7586,
E2,homer,4,KERB-noElim,3,561,1302,9,5000,,8.6684,10,10,0.1528,3,764,0.0934,190.7622266,3.347,95.88455,42254.416,1.087843915,homer__KERB-noElim__s4.json,0.062,0.0038,18,20,0.8247986486,65,23,18,4,0,306,45543,6353,
E2,homer,0,KERB-noMig,3,561,1302,8,5000,,10.0174,11,11,0.0476,3,238,0.0412,13.358545,5.841,20.89585,1467.994,0.167438886,homer__KERB-noMig__s0.json,0.0406,0.0012,3,8,0.8462080019,0,0,0,0,0,0,0,6120,
E2,homer,1,KERB-noMig,3,561,1302,7,5000,,10.584,12,12,0.0548,3,274,0.044,24.6506144,6.611,29.1745,3524.486,0.233281166,homer__KERB-noMig__s1.json,0.0428,0.0022,6,13,0.8667265181,0,0,0,0,0,0,0,17445,
E2,homer,2,KERB-noMig,3,561,1302,8,5000,,10.7274,11,11,0.0462,3,231,0.042,14.6845066,6.3355,22.16055,1929.766,0.177226422,homer__KERB-noMig__s2.json,0.0418,0.0008,1,5,0.8320639551,0,0,0,0,0,0,0,6305,
E2,homer,3,KERB-noMig,3,561,1302,8,5000,,10.338,12,11,0.0386,3,193,0.0324,16.589332,5.835,18.24655,3326.273,0.184735057,homer__KERB-noMig__s3.json,0.0314,0.0016,5,7,0.8702631312,0,0,0,0,0,0,0,10224,
E2,homer,4,KERB-noMig,3,561,1302,9,5000,,9.683,10,10,0.0398,3,199,0.0348,15.2875888,8.8825,25.58905,1301.861,0.229410593,homer__KERB-noMig__s4.json,0.0344,0.0006,2,8,0.8568152706,0,0,0,0,0,0,0,3893,
E2,homer,0,KERB-tabu,3,561,1302,8,5000,,8.7722,10,9,0.2064,3,1032,0.1164,583.3921388,13.269,4829.4892,31211.82,3.048956857,homer__KERB-tabu__s0.json,0.068,0.0054,26,23,0.8257610303,75,36,26,10,0,439,137677,22998,
E2,homer,1,KERB-tabu,3,561,1302,7,5000,,9.6962,12,11,0.1582,3,791,0.0946,510.506572,7.972,4349.4399,32252.237,2.671163743,homer__KERB-tabu__s1.json,0.0622,0.0056,24,22,0.8529828665,69,24,17,7,0,270,148222,57347,
E2,homer,2,KERB-tabu,3,561,1302,8,5000,,9.2694,11,10,0.1706,3,853,0.1012,475.8855888,10.1265,4440.4696,29861.39,2.502746776,homer__KERB-tabu__s2.json,0.0646,0.0034,15,21,0.833798296,60,27,14,13,0,346,127466,25344,
E2,homer,3,KERB-tabu,3,561,1302,8,5000,,9.826,12,10,0.1722,3,861,0.0982,489.1747552,7.55,4487.25915,22480.873,2.559907876,homer__KERB-tabu__s3.json,0.063,0.0056,26,21,0.8433960428,68,29,22,7,0,317,141217,34328,
E2,homer,4,KERB-tabu,3,561,1302,9,5000,,8.9912,11,10,0.1578,3,789,0.0954,386.9431452,7.808,3665.44815,29071.657,2.050482043,homer__KERB-tabu__s4.json,0.0628,0.0046,22,22,0.8190922872,60,23,19,4,0,293,109598,19692,
E2,homer,0,Tabu-WarmStart,,561,1302,8,5000,,8.1588,10,8,0.3248,105,1624,0.0744,602.4837972,2.4555,39.35315,48822.761,3.124869779,homer__Tabu-WarmStart__s0.json,0.0718,0.0028,14,33,0.8049730864,,,,,,,,,191041
E2,homer,1,Tabu-WarmStart,,561,1302,7,5000,,9.37,12,11,0.2568,53,1284,0.0704,522.8825466,2.5375,38.26895,69229.859,2.733758822,homer__Tabu-WarmStart__s1.json,0.0662,0.005,21,31,0.8435065332,,,,,,,,,176370
E2,homer,2,Tabu-WarmStart,,561,1302,8,5000,,8.8116,10,10,0.2468,71,1234,0.072,591.9406864,2.4235,36.9006,49911.318,3.068549558,homer__Tabu-WarmStart__s2.json,0.069,0.0034,15,26,0.8168008621,,,,,,,,,186951
E2,homer,3,Tabu-WarmStart,,561,1302,8,5000,,9.3572,12,10,0.251,65,1255,0.065,555.3366422,2.544,37.7659,92037.247,2.901169257,homer__Tabu-WarmStart__s3.json,0.0608,0.0046,21,29,0.8248503313,,,,,,,,,177355
E2,homer,4,Tabu-WarmStart,,561,1302,9,5000,,8.135,9,8,0.2598,85,1299,0.0746,596.4309236,2.618,39.6036,71623.587,3.101674616,homer__Tabu-WarmStart__s4.json,0.072,0.0024,13,25,0.8134791743,,,,,,,,,189707
E2,inithx.i.1,0,DSATUR-Recompute,,864,14966,22,5000,500,23.202,26,24,12.814,358,,0.19,19642.78303,18643.8415,27697.55215,40931.573,22.87901672,inithx.i.1__DSATUR-Recompute__s0.json,,,,,,,,,,,,,,
E2,inithx.i.1,1,DSATUR-Recompute,,864,14966,24,5000,500,24.32,27,25,11.482,396,,0.168,21485.47317,19442.099,32957.0777,50672.774,24.87878779,inithx.i.1__DSATUR-Recompute__s1.json,,,,,,,,,,,,,,
E2,inithx.i.1,2,DSATUR-Recompute,,864,14966,24,5000,500,23.244,25,23,15.838,414,,0.19,20561.62282,18970.029,30007.53895,73616.414,23.94249337,inithx.i.1__DSATUR-Recompute__s2.json,,,,,,,,,,,,,,
E2,inithx.i.1,3,DSATUR-Recompute,,864,14966,22,5000,500,23.2,25,23,10.788,375,,0.17,23203.78925,19314.3675,41868.6875,71585.922,27.02600281,inithx.i.1__DSATUR-Recompute__s3.json,,,,,,,,,,,,,,
E2,inithx.i.1,4,DSATUR-Recompute,,864,14966,22,5000,500,23.598,26,23,8.49,374,,0.204,19572.33432,18606.871,26193.07805,51586.196,22.81462631,inithx.i.1__DSATUR-Recompute__s4.json,,,,,,,,,,,,,,
E2,inithx.i.1,0,FF-Repair,,864,14966,22,5000,,27.7256,31,31,0.0486,1,243,0.0486,2.767954,2.001,8.40405,52.415,0.1874994,inithx.i.1__FF-Repair__s0.json,0.0486,0.0018,0,4,0.801597508,,,,,,,,,
E2,inithx.i.1,1,FF-Repair,,864,14966,24,5000,,31.8256,35,35,0.0442,1,221,0.0442,3.0476482,2.102,7.7905,578.894,0.194347447,inithx.i.1__FF-Repair__s1.json,0.0442,0.0022,0,4,0.8172396095,,,,,,,,,
E2,inithx.i.1,2,FF-Repair,,864,14966,24,5000,,31.5198,34,34,0.0466,1,233,0.0466,2.6160068,1.883,7.31175,59.636,0.185128954,inithx.i.1__FF-Repair__s2.json,0.0466,0.002,0,3,0.8023217692,,,,,,,,,
E2,inithx.i.1,3,FF-Repair,,864,14966,22,5000,,28.9196,32,32,0.043,1,215,0.043,3.6858872,2.4325,7.61525,65.468,0.235534816,inithx.i.1__FF-Repair__s3.json,0.043,0.002,0,3,0.8177702412,,,,,,,,,
E2,inithx.i.1,4,FF-Repair,,864,14966,22,5000,,29.8592,33,33,0.0478,1,239,0.0478,2.9759318,2.133,8.4896,48.355,0.19162879,inithx.i.1__FF-Repair__s4.json,0.0478,0.0022,0,3,0.8040397877,,,,,,,,,
E2,inithx.i.1,0,KERB-R10,10,864,14966,22,5000,,24.1704,26,25,0.0624,10,312,0.0452,1161.173733,11.3345,8625.55755,98998.313,6.019267377,inithx.i.1__KERB-R10__s0.json,0.0434,0.0018,6,5,0.798714981,31,5,2,3,0,26,27629,391204,
E2,inithx.i.1,1,KERB-R10,10,864,14966,24,5000,,25.8296,27,26,0.0656,10,328,0.0456,1191.838868,11.1125,9163.3031,106087.045,6.15716059,inithx.i.1__KERB-R10__s1.json,0.0432,0.0012,4,7,0.8112014453,30,8,3,4,1,51,24206,434804,
E2,inithx.i.1,2,KERB-R10,10,864,14966,24,5000,,26.0278,28,26,0.0682,10,341,0.0436,1452.485645,11.3795,8972.23275,168251.471,7.51740093,inithx.i.1__KERB-R10__s2.json,0.0404,0.002,8,8,0.8281300912,31,8,5,3,0,48,24818,446923,
E2,inithx.i.1,3,KERB-R10,10,864,14966,22,5000,,24.5762,27,26,0.0588,9,294,0.0408,1002.097194,10.241,8340.1098,116029.491,5.215937458,inithx.i.1__KERB-R10__s3.json,0.0392,0.002,6,5,0.8041461955,27,3,3,0,0,21,24654,341113,
E2,inithx.i.1,4,KERB-R10,10,864,14966,22,5000,,24.5258,26,26,0.0996,10,498,0.0516,1555.376049,12.3295,9213.0695,98926.961,7.982943229,inithx.i.1__KERB-R10__s4.json,0.0444,0.0038,15,10,0.8316274357,49,19,11,7,1,120,36821,560178,
E2,inithx.i.1,0,KERB-R1,1,864,14966,22,5000,,25.6988,29,27,0.0714,1,357,0.0714,323.390666,23.511,88.56145,94609.554,1.816772175,inithx.i.1__KERB-R1__s0.json,0.0454,0.0042,16,8,0.8182416485,54,38,14,22,2,127,19766,1661,
E2,inithx.i.1,1,KERB-R1,1,864,14966,24,5000,,26.5316,29,27,0.0724,1,362,0.0724,212.884883,32.259,87.11015,96119.427,1.259831895,inithx.i.1__KERB-R1__s1.json,0.0412,0.0042,18,7,0.8122953755,53,46,15,29,2,153,11421,1396,
E2,inithx.i.1,2,KERB-R1,1,864,14966,24,5000,,27.628,30,28,0.0656,1,328,0.0656,184.5606024,29.6915,87.50335,70972.556,1.107821305,inithx.i.1__KERB-R1__s2.json,0.0422,0.0036,14,5,0.8155417231,49,40,11,27,1,113,12135,1669,
E2,inithx.i.1,3,KERB-R1,1,864,14966,22,5000,,26.821,30,28,0.0586,1,293,0.0586,212.7973078,28.528,95.00315,72502.708,1.258496041,inithx.i.1__KERB-R1__s3.json,0.0376,0.0036,12,4,0.8240622235,48,39,8,26,4,101,12612,1675,
E2,inithx.i.1,4,KERB-R1,1,864,14966,22,5000,,26.647,30,28,0.0696,1,348,0.0696,197.8948926,30.6115,118.13275,109190.217,1.204509727,inithx.i.1__KERB-R1__s4.json,0.039,0.0056,22,7,0.8392999681,57,51,18,29,3,151,9256,1798,
E2,inithx.i.1,0,KERB-R25,25,864,14966,22,5000,,24.19,26,25,0.0692,19,346,0.045,1233.261049,11.529,8642.07665,110360.09,6.379089805,inithx.i.1__KERB-R25__s0.json,0.0424,0.0018,6,8,0.793687112,36,7,3,3,0,56,31275,391864,
E2,inithx.i.1,1,KERB-R25,25,864,14966,24,5000,,25.8414,28,26,0.0694,13,347,0.044,1156.744598,11.994,8511.19215,116272.526,5.999077474,inithx.i.1__KERB-R25__s1.json,0.0406,0.0018,7,6,0.8134172537,28,8,4,4,0,59,21981,437342,
E2,inithx.i.1,2,KERB-R25,25,864,14966,24,5000,,25.8682,28,26,0.0816,14,408,0.049,1461.36797,16.216,9486.93735,141412.911,7.530236214,inithx.i.1__KERB-R25__s2.json,0.0436,0.0024,10,7,0.8176742919,41,16,8,8,0,84,27934,495566,
E2,inithx.i.1,3,KERB-R25,25,864,14966,22,5000,,24.2258,26,25,0.065,14,325,0.0416,1358.445297,11.212,8955.18075,117375.167,7.012319786,inithx.i.1__KERB-R25__s3.json,0.038,0.0026,10,8,0.8140562678,43,10,6,4,0,57,35600,439386,
E2,inithx.i.1,4,KERB-R25,25,864,14966,22,5000,,24.74,26,26,0.0846,15,423,0.0492,1539.539472,12.4885,9480.66865,141031.759,7.939435553,inithx.i.1__KERB-R25__s4.json,0.0436,0.0026,9,7,0.8214336529,41,13,6,6,0,74,32349,497840,
E2,inithx.i.1,0,KERB-R2,2,864,14966,22,5000,,25.0588,28,27,0.064,2,320,0.054,508.6247634,10.1485,281.01155,120981.271,2.740431058,inithx.i.1__KERB-R2__s0.json,0.0444,0.0028,9,6,0.803161169,42,13,7,4,2,67,32183,10120,
E2,inithx.i.1,1,KERB-R2,2,864,14966,24,5000,,26.284,28,27,0.0602,2,301,0.0484,520.7385582,10.212,146.1076,100426.936,2.81032536,inithx.i.1__KERB-R2__s1.json,0.0372,0.0022,8,7,0.8258082626,42,11,8,3,0,82,32039,5244,
E2,inithx.i.1,2,KERB-R2,2,864,14966,24,5000,,26.3868,28,27,0.0896,2,448,0.071,512.1655874,25.134,506.40955,121186.024,2.765232601,inithx.i.1__KERB-R2__s2.json,0.0442,0.0038,15,7,0.8257998512,56,34,14,19,0,165,30752,19526,
E2,inithx.i.1,3,KERB-R2,2,864,14966,22,5000,,24.8922,27,26,0.0718,2,359,0.055,524.9890826,17.007,576.19755,130404.471,2.870022546,inithx.i.1__KERB-R2__s3.json,0.0358,0.0028,10,7,0.8311184618,46,26,7,17,1,123,25057,17279,
E2,inithx.i.1,4,KERB-R2,2,864,14966,22,5000,,24.9776,27,26,0.0716,2,358,0.055,503.1211496,10.8825,383.21095,104623.741,2.719879212,inithx.i.1__KERB-R2__s4.json,0.0368,0.0024,8,7,0.8351179392,44,18,7,11,0,118,29007,11228,
E2,inithx.i.1,0,KERB-R3,3,864,14966,22,5000,,24.5572,27,25,0.0788,3,394,0.0576,527.909796,10.3115,683.8544,112179.246,3.622297876,inithx.i.1__KERB-R3__s0.json,0.0464,0.002,7,9,0.8033347434,38,10,5,4,1,88,28750,38975,
E2,inithx.i.1,1,KERB-R3,3,864,14966,24,5000,,26.1398,27,27,0.0642,3,321,0.0478,555.9708644,9.929,649.2588,111647.038,3.845794315,inithx.i.1__KERB-R3__s1.json,0.0398,0.002,7,7,0.8205153167,38,9,7,2,0,61,30630,27474,
E2,inithx.i.1,2,KERB-R3,3,864,14966,24,5000,,26.3442,29,27,0.0892,3,446,0.061,601.841597,10.4425,963.06845,83194.727,4.058364875,inithx.i.1__KERB-R3__s2.json,0.0442,0.0028,11,10,0.8341118585,45,13,10,3,0,124,36280,47798,
E2,inithx.i.1,3,KERB-R3,3,864,14966,22,5000,,24.0802,26,25,0.082,3,410,0.0532,742.5399008,10.918,948.5959,140018.263,4.729623943,inithx.i.1__KERB-R3__s3.json,0.0372,0.0024,9,11,0.8265074526,50,13,8,4,1,127,41588,44976,
E2,inithx.i.1,4,KERB-R3,3,864,14966,22,5000,,25.0086,28,26,0.0772,3,386,0.0492,692.9840774,9.947,924.97645,101642.987,4.488199362,inithx.i.1__KERB-R3__s4.json,0.0352,0.0026,9,11,0.8479718384,47,10,7,2,1,109,40225,44958,
E2,inithx.i.1,0,KERB-R5,5,864,14966,22,5000,,24.0108,26,24,0.0896,5,448,0.0516,1021.278043,10.007,6457.73195,104029.238,5.315147434,inithx.i.1__KERB-R5__s0.json,0.0426,0.0024,10,9,0.8199869792,43,7,7,0,0,84,37186,250041,
E2,inithx.i.1,1,KERB-R5,5,864,14966,24,5000,,25.3188,27,25,0.0728,5,364,0.0458,1071.236912,10.848,6565.93615,143724.329,5.56581413,inithx.i.1__KERB-R5__s1.json,0.0396,0.0016,7,7,0.8132631258,36,7,5,1,1,82,31777,270389,
E2,inithx.i.1,2,KERB-R5,5,864,14966,24,5000,,25.5698,27,25,0.1032,5,516,0.0556,1105.697445,11.2655,6604.23025,133984.193,5.733827241,inithx.i.1__KERB-R5__s2.json,0.0432,0.003,14,15,0.8478682171,41,11,9,2,0,126,32579,290005,
E2,inithx.i.1,3,KERB-R5,5,864,14966,22,5000,,24.0978,26,25,0.0782,5,391,0.0456,1048.084203,10.5375,6748.1346,129594.759,5.438814199,inithx.i.1__KERB-R5__s3.json,0.0376,0.0024,9,7,0.825219641,43,9,6,2,1,101,36312,286134,
E2,inithx.i.1,4,KERB-R5,5,864,14966,22,5000,,24.6728,27,27,0.095,5,475,0.052,1005.903703,11.202,6347.68785,109156.141,5.239919742,inithx.i.1__KERB-R5__s4.json,0.0426,0.0026,8,11,0.8356603314,37,8,6,2,0,93,31343,280588,
E2,inithx.i.1,0,KERB-direct,3,864,14966,22,5000,,25.4992,28,28,0.0672,3,336,0.0596,407.8392242,13.834,75.28605,99072.304,2.233467974,inithx.i.1__KERB-direct__s0.json,0.047,0.0046,16,7,0.8148768188,56,33,16,16,1,100,24905,0,
E2,inithx.i.1,1,KERB-direct,3,864,14966,24,5000,,26.305,28,26,0.0714,3,357,0.0584,330.1476468,30.6175,108.47465,77395.036,1.845870955,inithx.i.1__KERB-direct__s1.json,0.0404,0.004,18,7,0.8198626673,57,41,15,23,3,150,19946,0,
E2,inithx.i.1,2,KERB-direct,3,864,14966,24,5000,,28.53,31,29,0.057,3,285,0.0506,98.2309796,25.8465,74.57155,60391.111,0.676696623,inithx.i.1__KERB-direct__s2.json,0.0408,0.0034,12,6,0.8272863873,46,42,9,31,2,78,5372,0,
E2,inithx.i.1,3,KERB-direct,3,864,14966,22,5000,,26.7382,29,28,0.0606,3,303,0.0536,128.3182778,35.098,83.6338,70209.642,0.831586894,inithx.i.1__KERB-direct__s3.json,0.0384,0.0042,15,6,0.825506509,49,46,11,31,4,106,6096,0,
E2,inithx.i.1,4,KERB-direct,3,864,14966,22,5000,,26.2902,29,29,0.0634,3,317,0.0544,241.9079332,32.862,88.9488,77380.356,1.40426691,inithx.i.1__KERB-direct__s4.json,0.0382,0.0056,21,7,0.8316793726,58,46,18,25,3,122,14779,0,
E2,inithx.i.1,0,KERB-kempe,3,864,14966,22,5000,,25.6218,28,27,0.0646,3,323,0.0568,319.8094634,26.2805,76.4658,85833.879,1.841655055,inithx.i.1__KERB-kempe__s0.json,0.0458,0.0034,12,6,0.8029576597,53,35,10,23,2,87,19827,0,
E2,inithx.i.1,1,KERB-kempe,3,864,14966,24,5000,,26.8634,29,27,0.0762,3,381,0.0608,225.9106542,33.232,128.33605,75595.787,1.350260029,inithx.i.1__KERB-kempe__s1.json,0.0408,0.0042,18,7,0.8304382959,53,45,17,27,1,168,11536,0,
E2,inithx.i.1,2,KERB-kempe,3,864,14966,24,5000,,28.2016,30,29,0.059,3,295,0.0514,127.2808516,28.868,80.59035,122104.572,0.830854417,inithx.i.1__KERB-kempe__s2.json,0.0426,0.0034,12,5,0.8148972065,45,41,8,31,2,71,5713,0,
E2,inithx.i.1,3,KERB-kempe,3,864,14966,22,5000,,26.1406,28,28,0.0634,3,317,0.054,196.9821704,32.486,95.79375,75874.963,1.191152403,inithx.i.1__KERB-kempe__s3.json,0.0392,0.0046,17,6,0.8239974004,53,46,10,28,7,110,10378,0,
E2,inithx.i.1,4,KERB-kempe,3,864,14966,22,5000,,26.1782,29,28,0.0654,3,327,0.055,274.3820298,32.28,109.5495,139472.475,1.615841944,inithx.i.1__KERB-kempe__s4.json,0.0406,0.0042,15,7,0.8280489013,48,39,11,26,1,108,12813,0,
E2,inithx.i.1,0,KERB-noElim,3,864,14966,22,5000,,24.6428,26,26,0.07,3,350,0.053,533.4521618,3.1265,65.53005,135360.88,2.869045194,inithx.i.1__KERB-noElim__s0.json,0.045,0.0024,8,8,0.8112367725,41,13,8,5,0,68,30461,13773,
E2,inithx.i.1,1,KERB-noElim,3,864,14966,24,5000,,26.0744,27,27,0.0564,3,282,0.045,486.522139,2.9195,51.6309,104647.62,2.63114031,inithx.i.1__KERB-noElim__s1.json,0.0392,0.0018,6,5,0.8238114001,36,7,6,1,0,49,29615,4084,
E2,inithx.i.1,2,KERB-noElim,3,864,14966,24,5000,,25.9768,28,26,0.094,3,470,0.063,530.5305354,2.806,67.4284,86334.531,2.835496317,inithx.i.1__KERB-noElim__s2.json,0.0442,0.0028,12,12,0.8320380221,51,19,12,7,0,161,35962,14269,
E2,inithx.i.1,3,KERB-noElim,3,864,14966,22,5000,,24.0056,26,25,0.081,3,405,0.0512,779.32,2.9285,69.56545,158825.199,4.108259403,inithx.i.1__KERB-noElim__s3.json,0.034,0.0026,10,13,0.842263946,51,14,10,4,0,152,39814,11269,
E2,inithx.i.1,4,KERB-noElim,3,864,14966,22,5000,,25.0824,27,27,0.0916,3,458,0.0566,508.9351804,3.4185,268.6209,117428.993,2.739771597,inithx.i.1__KERB-noElim__s4.json,0.0374,0.0028,9,13,0.8593219311,45,20,9,10,0,141,29094,28664,
E2,inithx.i.1,0,KERB-noMig,3,864,14966,22,5000,,25.489,28,27,0.0518,3,259,0.0462,87.1518018,10.263,631.54145,10163.984,0.651608046,inithx.i.1__KERB-noMig__s0.json,0.0456,0.0016,3,4,0.8000545188,0,0,0,0,0,0,0,31793,
E2,inithx.i.1,1,KERB-noMig,3,864,14966,24,5000,,28.202,31,31,0.0442,3,221,0.0406,87.5793398,10.193,575.1169,9149.671,0.624332067,inithx.i.1__KERB-noMig__s1.json,0.0406,0.0014,0,4,0.8273891822,0,0,0,0,0,0,0,36541,
E2,inithx.i.1,2,KERB-noMig,3,864,14966,24,5000,,28.0856,30,29,0.0538,3,269,0.0472,139.1952088,10.7095,855.2045,11042.451,0.90380448,inithx.i.1__KERB-noMig__s2.json,0.0466,0.0016,3,5,0.8167639061,0,0,0,0,0,0,0,63915,
E2,inithx.i.1,3,KERB-noMig,3,864,14966,22,5000,,26.3764,29,28,0.0406,3,203,0.036,95.6654124,9.8585,584.8998,9165.846,0.6830909,inithx.i.1__KERB-noMig__s3.json,0.0356,0.0016,2,4,0.8276147145,0,0,0,0,0,0,0,36631,
E2,inithx.i.1,4,KERB-noMig,3,864,14966,22,5000,,26.8188,28,28,0.0432,3,216,0.0374,102.5349996,10.7685,619.1686,8980.964,0.72747676,inithx.i.1__KERB-noMig__s4.json,0.0372,0.0014,1,4,0.8232917524,0,0,0,0,0,0,0,36532,
E2,inithx.i.1,0,KERB-tabu,3,864,14966,22,5000,,25.1258,28,26,0.0818,3,409,0.0588,1968.909622,10.3955,19174.3117,156039.361,10.04444419,inithx.i.1__KERB-tabu__s0.json,0.0458,0.0022,7,9,0.8261540116,41,11,5,6,0,104,132548,38360,
E2,inithx.i.1,1,KERB-tabu,3,864,14966,24,5000,,25.1122,27,25,0.0952,3,476,0.0606,2465.60899,12.7195,22396.18925,179119.499,12.54785566,inithx.i.1__KERB-tabu__s1.json,0.0388,0.0024,11,9,0.8226978291,49,18,8,8,2,180,154312,50570,
E2,inithx.i.1,2,KERB-tabu,3,864,14966,24,5000,,26.2116,28,26,0.0796,3,398,0.0558,2169.189592,11.0845,21854.9258,130515.096,11.05311683,inithx.i.1__KERB-tabu__s2.json,0.0438,0.002,8,7,0.8280406663,47,13,7,5,1,93,146100,37964,
E2,inithx.i.1,3,KERB-tabu,3,864,14966,22,5000,,25.3908,27,26,0.0622,3,311,0.0458,2392.455471,10.37,22250.79095,120656.635,12.169109,inithx.i.1__KERB-tabu__s3.json,0.0374,0.0024,8,8,0.8501436525,41,9,5,1,3,72,161405,36000,
E2,inithx.i.1,4,KERB-tabu,3,864,14966,22,5000,,24.8632,26,26,0.0802,3,401,0.0504,2433.667584,11.57,23189.6918,119065.775,12.38739304,inithx.i.1__KERB-tabu__s4.json,0.0348,0.0026,9,10,0.8514795188,43,13,8,5,0,125,150614,45986,
E2,inithx.i.1,0,Tabu-WarmStart,,864,14966,22,5000,,24.2966,26,25,0.0732,34,366,0.0416,2971.629984,2.798,54.6522,255876.689,15.05516177,inithx.i.1__Tabu-WarmStart__s0.json,0.0412,0.0012,3,8,0.8326123254,,,,,,,,,200313
E2,inithx.i.1,1,Tabu-WarmStart,,864,14966,24,5000,,25.0808,26,25,0.1124,43,562,0.0392,3115.427071,2.8965,54.66165,262553.286,15.80048472,inithx.i.1__Tabu-WarmStart__s1.json,0.038,0.0016,7,12,0.8451751351,,,,,,,,,195434
E2,inithx.i.1,2,Tabu-WarmStart,,864,14966,24,5000,,25.1688,27,25,0.1126,46,563,0.033,2996.003972,2.79,42.86465,221053.455,15.18410185,inithx.i.1__Tabu-WarmStart__s2.json,0.0318,0.0014,6,16,0.8746525722,,,,,,,,,202112
E2,inithx.i.1,3,Tabu-WarmStart,,864,14966,22,5000,,23.7612,25,25,0.1304,52,652,0.038,2778.886676,2.877,50.25165,255766.565,14.09893274,inithx.i.1__Tabu-WarmStart__s3.json,0.0358,0.003,12,16,0.8498849693,,,,,,,,,191874
E2,inithx.i.1,4,Tabu-WarmStart,,864,14966,22,5000,,24.1516,26,24,0.127,40,635,0.0406,2880.695579,2.9205,58.21335,268609.318,14.61292693,inithx.i.1__Tabu-WarmStart__s4.json,0.0388,0.0024,10,17,0.8556922572,,,,,,,,,191795
E2,le450_15c,0,DSATUR-Recompute,,450,13344,17,5000,500,18.992,20,19,40.794,376,,0.22,17346.59933,16340.7005,24288.5273,39011.842,19.99738073,le450_15c__DSATUR-Recompute__s0.json,,,,,,,,,,,,,,
E2,le450_15c,1,DSATUR-Recompute,,450,13344,17,5000,500,18.994,21,19,32.53,378,,0.174,17145.30861,16341.7505,22532.62645,49307.939,19.55909007,le450_15c__DSATUR-Recompute__s1.json,,,,,,,,,,,,,,
E2,le450_15c,2,DSATUR-Recompute,,450,13344,17,5000,500,18.962,20,19,34.518,384,,0.202,17793.08346,16544.81,27172.4758,51607.637,20.20079377,le450_15c__DSATUR-Recompute__s2.json,,,,,,,,,,,,,,
E2,le450_15c,3,DSATUR-Recompute,,450,13344,17,5000,500,19.026,20,19,27.934,375,,0.164,17024.89365,16005.2125,22619.50855,46289.464,19.50468896,le450_15c__DSATUR-Recompute__s3.json,,,,,,,,,,,,,,
E2,le450_15c,4,DSATUR-Recompute,,450,13344,17,5000,500,19.164,21,19,32.808,380,,0.198,17792.76489,16854.8195,26041.8835,31386.132,20.40007241,le450_15c__DSATUR-Recompute__s4.json,,,,,,,,,,,,,,
E2,le450_15c,0,FF-Repair,,450,13344,17,5000,,23.5318,26,26,0.0318,1,159,0.0318,2.4580256,1.899,4.8741,36.015,0.113567988,le450_15c__FF-Repair__s0.json,0.0318,0.0018,0,2,0.7210202655,,,,,,,,,
E2,le450_15c,1,FF-Repair,,450,13344,17,5000,,22.083,25,25,0.0332,1,166,0.0332,2.3943202,1.797,4.7555,65.16,0.112864841,le450_15c__FF-Repair__s1.json,0.0332,0.0016,0,3,0.7097991968,,,,,,,,,
E2,le450_15c,2,FF-Repair,,450,13344,17,5000,,21.7762,24,24,0.03,1,150,0.03,2.7238908,1.957,5.5488,130.899,0.129471229,le450_15c__FF-Repair__s2.json,0.03,0.0014,0,3,0.7341333333,,,,,,,,,
E2,le450_15c,3,FF-Repair,,450,13344,17,5000,,22.8468,25,25,0.0306,1,153,0.0306,2.429429,1.817,4.6773,76.558,0.114133782,le450_15c__FF-Repair__s3.json,0.0306,0.0016,0,2,0.7271604938,,,,,,,,,
E2,le450_15c,4,FF-Repair,,450,13344,17,5000,,22.9382,25,25,0.0286,1,143,0.0286,2.3753548,1.768,4.63225,49.491,0.115935212,le450_15c__FF-Repair__s4.json,0.0286,0.0016,0,3,0.7565034965,,,,,,,,,
E2,le450_15c,0,KERB-R10,10,450,13344,17,5000,,18.596,20,18,0.1488,10,744,0.0496,978.0174034,13.3545,5539.51,105447.022,5.017937366,le450_15c__KERB-R10__s0.json,0.0352,0.0024,11,8,0.4817980884,39,20,8,12,0,359,24196,503136,
E2,le450_15c,1,KERB-R10,10,450,13344,17,5000,,18.5606,20,19,0.2172,10,1086,0.0658,1127.851367,13.371,5616.46705,152391.567,5.770862695,le450_15c__KERB-R10__s1.json,0.0446,0.005,23,9,0.4154859832,61,26,19,6,0,512,40020,449357,
E2,le450_15c,2,KERB-R10,10,450,13344,17,5000,,18.4424,20,18,0.1732,10,866,0.0538,913.5549566,10.8655,5448.5303,126941.082,4.688691191,le450_15c__KERB-R10__s2.json,0.0374,0.0026,12,7,0.4524249423,42,17,8,9,0,391,29435,432410,
E2,le450_15c,3,KERB-R10,10,450,13344,17,5000,,18.7198,20,19,0.2232,10,1116,0.064,1241.607582,31.7495,6091.2828,137898.045,6.348608337,le450_15c__KERB-R10__s3.json,0.0418,0.0034,15,11,0.4031142971,53,30,11,19,0,589,31631,601769,
E2,le450_15c,4,KERB-R10,10,450,13344,17,5000,,18.719,20,18,0.231,10,1155,0.0664,1200.044114,28.855,5962.7417,106741.649,6.132477277,le450_15c__KERB-R10__s4.json,0.0424,0.0036,17,9,0.4125348725,55,31,17,14,0,588,35263,615856,
E2,le450_15c,0,KERB-R1,1,450,13344,17,5000,,19.7908,22,20,0.1608,1,804,0.1608,105.9639418,37.048,149.23905,41312.126,0.658302858,le450_15c__KERB-R1__s0.json,0.0376,0.0042,18,6,0.4767551133,48,48,17,31,0,614,4772,461,
E2,le450_15c,1,KERB-R1,1,450,13344,17,5000,,20.5986,22,21,0.1096,1,548,0.1096,103.7376818,26.1165,104.5192,40309.6,0.638554926,le450_15c__KERB-R1__s1.json,0.038,0.0038,15,8,0.5544363341,49,44,15,28,0,357,7287,576,
E2,le450_15c,2,KERB-R1,1,450,13344,17,5000,,20.378,22,22,0.1122,1,561,0.1122,92.7239742,25.2655,110.8341,63728.14,0.580865633,le450_15c__KERB-R1__s2.json,0.0346,0.0038,14,7,0.5672846108,46,44,14,30,0,387,4605,482,
E2,le450_15c,3,KERB-R1,1,450,13344,17,5000,,20.3388,22,22,0.125,1,625,0.125,169.137922,30.827,174.56705,131708.927,1.009869709,le450_15c__KERB-R1__s3.json,0.035,0.0042,16,8,0.5290915556,46,43,14,28,0,448,7016,1038,
E2,le450_15c,4,KERB-R1,1,450,13344,17,5000,,20.4224,22,20,0.12,1,600,0.12,85.8544864,31.9565,91.44425,51128.275,0.56704722,le450_15c__KERB-R1__s4.json,0.0388,0.0028,11,8,0.5605037037,43,40,11,29,0,406,4490,430,
E2,le450_15c,0,KERB-R25,25,450,13344,17,5000,,18.5066,20,19,0.186,24,930,0.0512,1296.544123,23.693,6243.06545,91295.105,6.612634518,le450_15c__KERB-R25__s0.json,0.0376,0.0026,11,9,0.4346857826,39,21,9,12,0,462,26573,789914,
E2,le450_15c,1,KERB-R25,25,450,13344,17,5000,,18.6678,20,19,0.1878,24,939,0.0522,1405.972804,35.6715,6443.86885,137916.304,7.171840549,le450_15c__KERB-R25__s1.json,0.0376,0.0028,12,9,0.4361022364,46,26,9,17,0,477,26952,813972,
E2,le450_15c,2,KERB-R25,25,450,13344,17,5000,,18.4662,20,19,0.1834,25,917,0.0504,1434.270092,15.9835,6180.13135,137392.169,7.302021683,le450_15c__KERB-R25__s2.json,0.0388,0.0032,14,10,0.460610687,51,20,11,9,0,426,36482,732808,
E2,le450_15c,3,KERB-R25,25,450,13344,17,5000,,18.4518,20,19,0.2074,25,1037,0.0556,1599.924681,19.4175,6404.7647,130893.546,8.131702839,le450_15c__KERB-R25__s3.json,0.0404,0.0042,19,11,0.4227729562,60,27,17,10,0,517,40310,831619,
E2,le450_15c,4,KERB-R25,25,450,13344,17,5000,,18.7044,20,19,0.2256,25,1128,0.0576,1549.76831,37.411,6510.7297,113054.523,7.889186862,le450_15c__KERB-R25__s4.json,0.042,0.004,18,10,0.4195744681,52,30,17,13,0,590,32058,883487,
E2,le450_15c,0,KERB-R2,2,450,13344,17,5000,,18.7822,21,19,0.2744,2,1372,0.1668,277.3832144,41.0505,387.0014,136315.679,1.507363481,le450_15c__KERB-R2__s0.json,0.0412,0.0042,19,10,0.3748914804,50,41,19,21,0,980,17790,28821,
E2,le450_15c,1,KERB-R2,2,450,13344,17,5000,,18.8884,20,19,0.2492,2,1246,0.1532,494.6218984,18.7315,322.9991,145737.851,2.597849262,le450_15c__KERB-R2__s1.json,0.0388,0.0058,27,12,0.4122418406,65,39,24,15,0,884,32897,19133,
E2,le450_15c,2,KERB-R2,2,450,13344,17,5000,,18.8162,20,19,0.2212,2,1106,0.1372,485.648274,25.8025,343.0232,126097.068,2.562122029,le450_15c__KERB-R2__s2.json,0.0412,0.005,23,10,0.4399839261,65,41,23,17,0,775,30189,19870,
E2,le450_15c,3,KERB-R2,2,450,13344,17,5000,,19.2332,21,19,0.2868,2,1434,0.174,324.8255962,37.269,386.7335,124067.075,1.747950351,le450_15c__KERB-R2__s3.json,0.0396,0.0052,24,11,0.3771238184,55,43,23,19,0,1011,20323,26799,
E2,le450_15c,4,KERB-R2,2,450,13344,17,5000,,18.933,20,19,0.2218,2,1109,0.139,475.045392,20.287,278.66445,90017.773,2.495551251,le450_15c__KERB-R2__s4.json,0.0372,0.0058,26,10,0.4355174832,68,42,27,15,0,784,32531,18203,
E2,le450_15c,0,KERB-R3,3,450,13344,17,5000,,18.484,20,18,0.2778,3,1389,0.127,583.2488456,18.924,1110.1546,129886.056,3.257801412,le450_15c__KERB-R3__s0.json,0.0396,0.0044,21,12,0.3986833053,65,37,20,17,0,877,36769,94082,
E2,le450_15c,1,KERB-R3,3,450,13344,17,5000,,18.6754,20,19,0.2106,3,1053,0.0982,538.355325,12.1605,822.64225,119560.73,3.018855329,le450_15c__KERB-R3__s1.json,0.037,0.0036,16,10,0.4293911575,56,28,16,12,0,643,32963,82986,
E2,le450_15c,2,KERB-R3,3,450,13344,17,5000,,18.5698,20,19,0.2804,3,1402,0.1268,644.3892852,14.6415,979.07895,156841.379,3.558368533,le450_15c__KERB-R3__s2.json,0.0404,0.0046,21,12,0.3657314947,62,33,21,12,0,914,38599,83537,
E2,le450_15c,3,KERB-R3,3,450,13344,17,5000,,18.697,20,18,0.3032,3,1516,0.1328,605.3388832,30.824,1143.0988,138718.595,3.354099429,le450_15c__KERB-R3__s3.json,0.0366,0.0046,22,13,0.3628349458,63,37,21,15,0,960,35179,102419,
E2,le450_15c,4,KERB-R3,3,450,13344,17,5000,,18.7764,20,18,0.2872,3,1436,0.1282,674.3649186,12.6305,1030.68695,103563.522,3.678814675,le450_15c__KERB-R3__s4.json,0.0392,0.006,29,13,0.4084648716,67,35,28,7,0,930,40360,93256,
E2,le450_15c,0,KERB-R5,5,450,13344,17,5000,,18.3748,20,19,0.2582,5,1291,0.0834,904.8940348,11.302,4804.4624,108778.028,4.66172,le450_15c__KERB-R5__s0.json,0.0388,0.0044,20,9,0.4112660298,57,25,18,7,0,680,37931,326941,
E2,le450_15c,1,KERB-R5,5,450,13344,17,5000,,18.5634,20,19,0.2262,5,1131,0.0792,1077.305019,12.069,5222.92595,145761.503,5.518360983,le450_15c__KERB-R5__s1.json,0.0412,0.0056,26,14,0.4315924944,71,30,24,6,0,580,46827,352425,
E2,le450_15c,2,KERB-R5,5,450,13344,17,5000,,18.4308,20,18,0.2346,5,1173,0.081,808.9746438,9.748,3784.753,123828.851,4.160876102,le450_15c__KERB-R5__s2.json,0.04,0.0038,18,9,0.3940305011,55,20,17,3,0,599,41422,263390,
E2,le450_15c,3,KERB-R5,5,450,13344,17,5000,,18.5536,20,19,0.198,5,990,0.0708,816.2373218,11.186,4443.0188,151671.316,4.202372429,le450_15c__KERB-R5__s3.json,0.0384,0.0042,19,10,0.4749090909,53,23,15,8,0,439,33051,316989,
E2,le450_15c,4,KERB-R5,5,450,13344,17,5000,,18.7626,20,19,0.3056,5,1528,0.098,977.3726192,21.275,5193.36245,110051.869,5.010422301,le450_15c__KERB-R5__s4.json,0.0434,0.004,18,17,0.38504363,57,32,17,14,0,815,37904,462260,
E2,le450_15c,0,KERB-direct,3,450,13344,17,5000,,19.9154,22,20,0.1558,3,779,0.0866,76.8454514,32.3555,107.5432,26078.888,0.493597467,le450_15c__KERB-direct__s0.json,0.0378,0.0044,19,9,0.5100584795,50,50,19,30,0,584,3108,0,
E2,le450_15c,1,KERB-direct,3,450,13344,17,5000,,20.2958,22,20,0.1402,3,701,0.081,170.200544,31.3785,202.78505,78798.399,0.983068465,le450_15c__KERB-direct__s1.json,0.0376,0.0042,18,7,0.5390870185,55,48,18,30,0,508,9948,0,
E2,le450_15c,2,KERB-direct,3,450,13344,17,5000,,19.992,22,21,0.138,3,690,0.0784,109.8383032,34.7645,186.84095,94756.408,0.67228868,le450_15c__KERB-direct__s2.json,0.0374,0.0034,13,7,0.5301642512,45,45,13,31,0,496,3860,0,
E2,le450_15c,3,KERB-direct,3,450,13344,17,5000,,21.1224,23,22,0.093,3,465,0.0614,100.1572066,22.5135,76.88455,110639.523,0.610875682,le450_15c__KERB-direct__s3.json,0.034,0.0038,14,9,0.6266714456,48,43,13,28,1,292,6423,0,
E2,le450_15c,4,KERB-direct,3,450,13344,17,5000,,20.5828,22,21,0.1148,3,574,0.0712,88.4997164,28.164,110.4636,45515.978,0.558194771,le450_15c__KERB-direct__s4.json,0.0336,0.0042,17,7,0.5769725126,50,47,16,30,0,399,4974,0,
E2,le450_15c,0,KERB-kempe,3,450,13344,17,5000,,19.7642,22,20,0.156,3,780,0.0864,95.3470948,35.9965,123.41645,24079.373,0.611974079,le450_15c__KERB-kempe__s0.json,0.0376,0.0042,18,8,0.4953105413,50,50,18,31,0,582,4844,0,
E2,le450_15c,1,KERB-kempe,3,450,13344,17,5000,,19.9716,22,20,0.1206,3,603,0.072,127.6639386,22.377,110.9279,59073.142,0.754279817,le450_15c__KERB-kempe__s1.json,0.0372,0.0034,14,6,0.5563331491,49,42,14,28,0,403,9472,0,
E2,le450_15c,2,KERB-kempe,3,450,13344,17,5000,,20.3542,22,21,0.1038,3,519,0.0638,67.9528074,28.7435,166.60825,36447.429,0.448571915,le450_15c__KERB-kempe__s2.json,0.034,0.0024,8,6,0.5720530936,39,39,8,30,0,341,2668,0,
E2,le450_15c,3,KERB-kempe,3,450,13344,17,5000,,20.5044,22,21,0.1186,3,593,0.0706,108.77243,26.999,76.33115,122393.175,0.655424002,le450_15c__KERB-kempe__s3.json,0.0368,0.0032,12,7,0.5902304666,45,40,12,28,0,394,6638,0,
E2,le450_15c,4,KERB-kempe,3,450,13344,17,5000,,20.4398,22,21,0.115,3,575,0.0672,95.871448,19.188,121.3618,45257.284,0.590223294,le450_15c__KERB-kempe__s4.json,0.034,0.0032,12,7,0.5811516908,45,40,10,29,0,387,7117,0,
E2,le450_15c,0,KERB-noElim,3,450,13344,17,5000,,18.4788,20,18,0.1758,3,879,0.0826,587.5045926,2.9,388.56145,161942.743,3.062461941,le450_15c__KERB-noElim__s0.json,0.0344,0.004,19,8,0.4538617115,60,26,19,7,0,543,38835,37856,
E2,le450_15c,1,KERB-noElim,3,450,13344,17,5000,,18.622,20,19,0.2642,3,1321,0.1202,949.7554018,3.4175,999.26035,252231.432,4.936789765,le450_15c__KERB-noElim__s1.json,0.0436,0.0056,26,10,0.3834855749,71,37,26,11,0,821,41737,77446,
E2,le450_15c,2,KERB-noElim,3,450,13344,17,5000,,18.7708,20,19,0.23,3,1150,0.1092,495.7849554,23.5715,913.11885,118307.056,2.606453724,le450_15c__KERB-noElim__s2.json,0.04,0.0038,17,10,0.4331439614,57,36,17,18,0,715,28724,77788,
E2,le450_15c,3,KERB-noElim,3,450,13344,17,5000,,18.6952,20,19,0.2342,3,1171,0.1102,636.2238912,4.2685,831.73385,151266.106,3.314703189,le450_15c__KERB-noElim__s3.json,0.0394,0.0052,24,10,0.4150507638,65,35,24,11,0,720,35684,63654,
E2,le450_15c,4,KERB-noElim,3,450,13344,17,5000,,18.8254,20,18,0.276,3,1380,0.1238,568.3295912,6.112,979.1566,89633.376,2.960648935,le450_15c__KERB-noElim__s4.json,0.0384,0.0044,21,11,0.4058937198,58,34,21,13,0,900,34941,95169,
E2,le450_15c,0,KERB-noMig,3,450,13344,17,5000,,20.3694,21,21,0.051,3,255,0.0356,21.6317012,8.255,29.96575,5080.885,0.212341707,le450_15c__KERB-noMig__s0.json,0.0354,0.001,1,5,0.652,0,0,0,0,0,0,0,10248,
E2,le450_15c,1,KERB-noMig,3,450,13344,17,5000,,20.0946,21,21,0.0544,3,272,0.0378,18.5257232,8.0245,28.1469,2089.589,0.201143906,le450_15c__KERB-noMig__s1.json,0.0378,0.0008,0,4,0.6284803922,0,0,0,0,0,0,0,7289,
E2,le450_15c,2,KERB-noMig,3,450,13344,17,5000,,20.777,22,22,0.0388,3,194,0.0324,18.9574218,7.904,29.95095,3044.831,0.201979369,le450_15c__KERB-noMig__s2.json,0.0324,0.001,0,4,0.7372508591,0,0,0,0,0,0,0,7983,
E2,le450_15c,3,KERB-noMig,3,450,13344,17,5000,,20.8658,23,23,0.0406,3,203,0.0316,28.5239498,8.488,32.9452,4008.772,0.25331558,le450_15c__KERB-noMig__s3.json,0.0316,0.0012,0,3,0.6966940339,0,0,0,0,0,0,0,15823,
E2,le450_15c,4,KERB-noMig,3,450,13344,17,5000,,20.4124,21,21,0.0406,3,203,0.03,19.5722964,8.187,28.5028,2024.488,0.209996382,le450_15c__KERB-noMig__s4.json,0.03,0.0008,0,4,0.7156540777,0,0,0,0,0,0,0,8581,
E2,le450_15c,0,KERB-tabu,3,450,13344,17,5000,,18.3176,20,19,0.2722,3,1361,0.1222,1377.755977,17.218,9586.1378,110773.03,7.019018194,le450_15c__KERB-tabu__s0.json,0.042,0.0052,24,11,0.3860543718,61,35,23,11,0,838,161264,88355,
E2,le450_15c,1,KERB-tabu,3,450,13344,17,5000,,18.6276,20,19,0.2412,3,1206,0.112,1493.962383,11.475,9398.13605,115171.726,7.601120673,le450_15c__KERB-tabu__s1.json,0.0414,0.006,28,11,0.4266408697,76,37,28,9,0,733,172118,80643,
E2,le450_15c,2,KERB-tabu,3,450,13344,17,5000,,18.5176,20,18,0.2288,3,1144,0.1054,1180.081568,11.8965,8545.24315,113570.167,6.022700558,le450_15c__KERB-tabu__s2.json,0.0372,0.0056,26,11,0.4376689977,76,37,27,10,0,688,138567,61961,
E2,le450_15c,3,KERB-tabu,3,450,13344,17,5000,,18.6926,20,19,0.2274,3,1137,0.1032,1343.994624,16.8055,8806.9918,132660.627,6.856267588,le450_15c__KERB-tabu__s3.json,0.033,0.005,23,10,0.4202970781,70,36,23,13,0,753,134657,85488,
E2,le450_15c,4,KERB-tabu,3,450,13344,17,5000,,18.763,20,19,0.2268,3,1134,0.1056,1119.141666,22.369,8510.99845,113444.578,5.724072236,le450_15c__KERB-tabu__s4.json,0.0402,0.004,18,11,0.4573897707,56,33,17,15,0,695,121230,76223,
E2,le450_15c,0,Tabu-WarmStart,,450,13344,17,5000,,17.1816,18,17,0.6986,141,3493,0.0522,3175.279027,2.804,72.6578,398727.487,16.01418027,le450_15c__Tabu-WarmStart__s0.json,0.048,0.0048,24,23,0.3038756879,,,,,,,,,195103
E2,le450_15c,1,Tabu-WarmStart,,450,13344,17,5000,,17.2836,18,17,0.6058,150,3029,0.0482,2965.922112,2.649,57.1656,277018.954,14.95489681,le450_15c__Tabu-WarmStart__s1.json,0.0438,0.0048,24,19,0.3018693371,,,,,,,,,194123
E2,le450_15c,2,Tabu-WarmStart,,450,13344,17,5000,,17.3532,18,17,0.735,130,3675,0.0536,2657.060957,2.614,61.5986,350357.013,13.41389378,le450_15c__Tabu-WarmStart__s2.json,0.0466,0.0078,39,26,0.2884976568,,,,,,,,,178099
E2,le450_15c,3,Tabu-WarmStart,,450,13344,17,5000,,17.288,18,17,0.664,152,3320,0.0516,2658.004188,2.608,60.98915,308207.554,13.41581545,le450_15c__Tabu-WarmStart__s3.json,0.0448,0.007,35,23,0.3087697456,,,,,,,,,182815
E2,le450_15c,4,Tabu-WarmStart,,450,13344,17,5000,,17.8488,19,17,0.5704,169,2852,0.0464,2471.457903,2.5865,63.63695,261992.545,12.48112529,le450_15c__Tabu-WarmStart__s4.json,0.0434,0.0032,16,17,0.2832990494,,,,,,,,,197445
E2,le450_25c,0,DSATUR-Recompute,,450,13874,19,5000,500,21.176,23,21,33.452,376,,0.21,17902.32767,17254.5475,21776.04525,35026.698,20.49430619,le450_25c__DSATUR-Recompute__s0.json,,,,,,,,,,,,,,
E2,le450_25c,1,DSATUR-Recompute,,450,13874,19,5000,500,21.394,23,22,26.202,378,,0.168,18435.58323,17415.918,25136.5374,50929.74,21.00827279,le450_25c__DSATUR-Recompute__s1.json,,,,,,,,,,,,,,
E2,le450_25c,2,DSATUR-Recompute,,450,13874,19,5000,500,21.38,23,22,22.148,358,,0.164,18560.66287,17670.103,24547.5707,39407.687,21.22273545,le450_25c__DSATUR-Recompute__s2.json,,,,,,,,,,,,,,
E2,le450_25c,3,DSATUR-Recompute,,450,13874,19,5000,500,21.19,23,21,23.61,381,,0.192,19083.65306,17731.1995,28449.721,58463.95,21.84180229,le450_25c__DSATUR-Recompute__s3.json,,,,,,,,,,,,,,
E2,le450_25c,4,DSATUR-Recompute,,450,13874,19,5000,500,21.256,23,22,31.19,381,,0.19,18007.65252,17444.1915,21133.95415,42934.956,20.49060509,le450_25c__DSATUR-Recompute__s4.json,,,,,,,,,,,,,,
E2,le450_25c,0,FF-Repair,,450,13874,19,5000,,25.6984,28,28,0.032,1,160,0.032,2.3706932,1.79,4.58625,46.479,0.115129342,le450_25c__FF-Repair__s0.json,0.032,0.0018,0,3,0.7260833333,,,,,,,,,
E2,le450_25c,1,FF-Repair,,450,13874,19,5000,,26.3028,29,29,0.0328,1,164,0.0328,2.578301,1.932,4.98605,69.818,0.120177947,le450_25c__FF-Repair__s1.json,0.0328,0.002,0,3,0.7174796748,,,,,,,,,
E2,le450_25c,2,FF-Repair,,450,13874,19,5000,,25.1416,27,27,0.0302,1,151,0.0302,2.3999728,1.814,4.58025,53.541,0.116968686,le450_25c__FF-Repair__s2.json,0.0302,0.0016,0,3,0.7358498896,,,,,,,,,
E2,le450_25c,3,FF-Repair,,450,13874,19,5000,,25.2694,28,28,0.0336,1,168,0.0336,2.6029148,1.943,5.02775,47.713,0.119003914,le450_25c__FF-Repair__s3.json,0.0336,0.0018,0,4,0.7303968254,,,,,,,,,
E2,le450_25c,4,FF-Repair,,450,13874,19,5000,,25.3412,29,29,0.0364,1,182,0.0364,3.9027304,2.9645,7.76545,341.587,0.165758456,le450_25c__FF-Repair__s4.json,0.0364,0.002,0,4,0.7161660562,,,,,,,,,
E2,le450_25c,0,KERB-R10,10,450,13874,19,5000,,20.723,22,21,0.2626,10,1313,0.0744,1307.814752,21.7245,5999.51215,93690.624,6.673962472,le450_25c__KERB-R10__s0.json,0.0482,0.0056,26,10,0.3867157485,69,37,25,11,0,717,44215,633387,
E2,le450_25c,1,KERB-R10,10,450,13874,19,5000,,21.0222,22,21,0.2986,10,1493,0.0786,1435.422572,14.7035,6079.90725,143044.886,7.315657991,le450_25c__KERB-R10__s1.json,0.0486,0.0054,25,14,0.391267396,75,35,25,10,0,779,51665,583220,
E2,le450_25c,2,KERB-R10,10,450,13874,19,5000,,20.9198,22,20,0.2604,10,1302,0.0716,1273.803477,46.3685,6225.7198,106054.418,6.504905478,le450_25c__KERB-R10__s2.json,0.0438,0.0044,21,10,0.4231233999,53,31,16,15,0,679,35784,677182,
E2,le450_25c,3,KERB-R10,10,450,13874,19,5000,,20.8014,22,21,0.274,10,1370,0.0774,1496.036331,70.8695,6576.5857,177747.851,7.640754039,le450_25c__KERB-R10__s3.json,0.048,0.0054,25,12,0.4083892944,59,36,22,14,0,720,36248,688978,
E2,le450_25c,4,KERB-R10,10,450,13874,19,5000,,21.0284,23,21,0.255,10,1275,0.0758,1262.017134,18.0285,6109.78145,136524.8,6.467181563,le450_25c__KERB-R10__s4.json,0.0486,0.0046,21,13,0.4415389978,57,29,18,11,0,647,37338,584983,
E2,le450_25c,0,KERB-R1,1,450,13874,19,5000,,23.3022,25,24,0.124,1,620,0.124,81.4093832,27.5945,89.76665,35233.929,0.525588679,le450_25c__KERB-R1__s0.json,0.0388,0.0046,18,7,0.5540716846,50,48,17,30,1,424,4035,622,
E2,le450_25c,1,KERB-R1,1,450,13874,19,5000,,23.4422,25,24,0.141,1,705,0.141,83.904712,39.023,125.43405,21773.851,0.549315628,le450_25c__KERB-R1__s1.json,0.0406,0.0046,18,7,0.5185468873,49,49,18,30,0,502,2519,1150,
E2,le450_25c,2,KERB-R1,1,450,13874,19,5000,,23.457,25,25,0.0918,1,459,0.0918,90.3613004,24.689,88.9974,53440.473,0.562490151,le450_25c__KERB-R1__s2.json,0.0368,0.0038,13,10,0.6196223675,47,43,13,30,0,274,5738,725,
E2,le450_25c,3,KERB-R1,1,450,13874,19,5000,,23.5716,26,24,0.111,1,555,0.111,62.5965144,24.3935,91.416,17853.852,0.42607768,le450_25c__KERB-R1__s3.json,0.0376,0.0034,12,10,0.575043043,42,42,11,30,0,366,2536,741,
E2,le450_25c,4,KERB-R1,1,450,13874,19,5000,,23.7598,26,25,0.1086,1,543,0.1086,114.4153124,25.18,88.92025,63835.704,0.691165015,le450_25c__KERB-R1__s4.json,0.0384,0.0034,11,7,0.5893226929,47,41,11,29,0,350,7403,683,
E2,le450_25c,0,KERB-R25,25,450,13874,19,5000,,20.9312,22,21,0.2626,25,1313,0.066,1407.369207,48.582,6410.97935,80800.597,7.171275536,le450_25c__KERB-R25__s0.json,0.0474,0.0028,12,12,0.3978894813,43,28,8,19,0,734,27527,867333,
E2,le450_25c,1,KERB-R25,25,450,13874,19,5000,,21.19,22,21,0.2664,25,1332,0.0654,1619.437013,81.7395,6304.1541,104461.526,8.229543989,le450_25c__KERB-R25__s1.json,0.0476,0.0046,21,11,0.433043043,56,33,16,17,0,655,38179,936943,
E2,le450_25c,2,KERB-R25,25,450,13874,19,5000,,20.9064,22,21,0.2538,25,1269,0.0634,1616.586149,68.6915,7110.6593,108225.765,8.226928163,le450_25c__KERB-R25__s2.json,0.0428,0.0048,22,12,0.4088556168,50,30,16,13,0,685,32527,917968,
E2,le450_25c,3,KERB-R25,25,450,13874,19,5000,,20.763,22,21,0.231,25,1155,0.0624,1539.88133,46.7935,6452.20385,123018.454,7.833259806,le450_25c__KERB-R25__s3.json,0.0444,0.0044,20,11,0.4212736893,54,34,16,18,0,631,31757,873092,
E2,le450_25c,4,KERB-R25,25,450,13874,19,5000,,21.4002,23,21,0.2578,25,1289,0.0692,1559.27815,46.528,7167.7463,95401.031,7.941155271,le450_25c__KERB-R25__s4.json,0.051,0.0034,15,10,0.4013774675,45,27,15,12,0,645,29597,877090,
E2,le450_25c,0,KERB-R2,2,450,13874,19,5000,,21.185,23,21,0.2886,2,1443,0.1776,479.01485,29.461,380.5675,89312.946,2.517164375,le450_25c__KERB-R2__s0.json,0.0484,0.0064,30,11,0.3956094556,72,46,30,16,0,1014,36973,25774,
E2,le450_25c,1,KERB-R2,2,450,13874,19,5000,,21.9176,23,21,0.2676,2,1338,0.164,330.9497594,38.75,409.62465,99505.443,1.780571302,le450_25c__KERB-R2__s1.json,0.0448,0.0052,24,14,0.4301644245,55,41,22,19,0,923,20626,29630,
E2,le450_25c,2,KERB-R2,2,450,13874,19,5000,,21.3232,23,22,0.246,2,1230,0.1536,469.3291032,36.8685,417.3522,96804.422,2.465810138,le450_25c__KERB-R2__s2.json,0.042,0.0064,29,11,0.4513785005,65,43,28,14,0,838,30788,28830,
E2,le450_25c,3,KERB-R2,2,450,13874,19,5000,,21.3088,22,22,0.2062,2,1031,0.1294,422.6873238,29.036,443.1768,93614.161,2.232844371,le450_25c__KERB-R2__s3.json,0.0384,0.0044,19,11,0.4596422028,60,38,18,19,0,700,30590,29483,
E2,le450_25c,4,KERB-R2,2,450,13874,19,5000,,21.2974,23,22,0.2838,2,1419,0.1726,386.3110156,33.4195,413.10285,93568.024,2.059302709,le450_25c__KERB-R2__s4.json,0.0448,0.005,22,10,0.4082327147,54,38,19,19,0,981,27967,23903,
E2,le450_25c,0,KERB-R3,3,450,13874,19,5000,,20.8958,22,21,0.33,3,1650,0.1466,540.2018786,25.963,1313.15685,82942.681,3.054247303,le450_25c__KERB-R3__s0.json,0.0456,0.005,22,16,0.3873104377,59,36,21,14,0,1041,34249,122804,
E2,le450_25c,1,KERB-R3,3,450,13874,19,5000,,21.25,23,22,0.3424,3,1712,0.157,655.0194232,38.984,1270.4681,129097.578,3.657279386,le450_25c__KERB-R3__s1.json,0.05,0.0058,26,14,0.3860202492,65,40,26,14,0,1074,35672,123161,
E2,le450_25c,2,KERB-R3,3,450,13874,19,5000,,21.0438,23,21,0.3332,3,1666,0.146,603.0015654,36.7325,1226.52245,132114.763,3.380574279,le450_25c__KERB-R3__s2.json,0.0446,0.004,18,14,0.397124183,57,32,18,14,0,1076,36601,116243,
E2,le450_25c,3,KERB-R3,3,450,13874,19,5000,,20.9974,22,21,0.3056,3,1528,0.1354,625.0495126,38.27,1309.95385,195018.712,3.523114061,le450_25c__KERB-R3__s3.json,0.041,0.004,18,15,0.3944095404,56,34,18,16,0,966,34613,108060,
E2,le450_25c,4,KERB-R3,3,450,13874,19,5000,,20.9006,23,20,0.3432,3,1716,0.152,824.936766,14.0545,1043.7827,109925.556,4.517040381,le450_25c__KERB-R3__s4.json,0.0446,0.006,29,15,0.3810852111,80,41,29,12,0,1103,53490,100295,
E2,le450_25c,0,KERB-R5,5,450,13874,19,5000,,20.6956,22,20,0.2828,5,1414,0.097,1185.952022,13.893,5560.74735,140262.686,6.064939043,le450_25c__KERB-R5__s0.json,0.0478,0.0054,26,11,0.3905893446,68,34,24,10,0,744,42859,482765,
E2,le450_25c,1,KERB-R5,5,450,13874,19,5000,,21.1736,22,22,0.2966,5,1483,0.0988,1137.580981,34.56,5311.41285,110119.234,5.810569065,le450_25c__KERB-R5__s1.json,0.0478,0.005,22,12,0.3863564846,63,33,22,11,0,765,41058,592901,
E2,le450_25c,2,KERB-R5,5,450,13874,19,5000,,20.758,22,20,0.308,5,1540,0.102,1232.041814,20.7815,5545.94115,96959.998,6.292531675,le450_25c__KERB-R5__s2.json,0.0446,0.0048,23,13,0.3982366522,60,29,21,8,0,808,41945,577770,
E2,le450_25c,3,KERB-R5,5,450,13874,19,5000,,20.7238,22,21,0.4166,5,2083,0.1264,1404.664906,18.937,5660.79645,119749.012,7.157222871,le450_25c__KERB-R5__s3.json,0.0472,0.0064,30,16,0.3572358244,77,39,30,9,0,1174,54718,555968,
E2,le450_25c,4,KERB-R5,5,450,13874,19,5000,,20.995,23,21,0.3086,5,1543,0.1066,1041.688255,10.607,5266.7386,116372.736,5.331586898,le450_25c__KERB-R5__s4.json,0.0514,0.0046,21,13,0.4019773889,59,26,17,9,0,805,42986,502218,
E2,le450_25c,0,KERB-direct,3,450,13874,19,5000,,23.328,26,24,0.0994,3,497,0.0684,63.4345662,24.367,73.60015,34568.437,0.428071881,le450_25c__KERB-direct__s0.json,0.0396,0.0042,16,6,0.5997004248,49,47,15,30,1,293,3042,0,
E2,le450_25c,1,KERB-direct,3,450,13874,19,5000,,23.55,25,25,0.1142,3,571,0.07,68.5580998,28.226,149.49615,34795.4,0.46137734,le450_25c__KERB-direct__s1.json,0.0378,0.004,14,7,0.5553025881,46,46,14,32,0,376,1841,0,
E2,le450_25c,2,KERB-direct,3,450,13874,19,5000,,22.5028,24,23,0.147,3,735,0.0832,132.47918,31.258,143.46835,66914.059,0.781261907,le450_25c__KERB-direct__s2.json,0.0374,0.0044,18,9,0.495978836,52,48,17,30,0,541,7731,0,
E2,le450_25c,3,KERB-direct,3,450,13874,19,5000,,23.198,25,23,0.1392,3,696,0.0812,85.7790814,36.1425,119.9713,22000.974,0.552210458,le450_25c__KERB-direct__s3.json,0.0402,0.0048,20,7,0.5532822478,52,52,20,32,0,486,3340,0,
E2,le450_25c,4,KERB-direct,3,450,13874,19,5000,,23.0024,25,25,0.1218,3,609,0.075,152.4140382,25.0825,83.88,92954.334,0.878508408,le450_25c__KERB-direct__s4.json,0.0398,0.0046,17,9,0.5677978471,55,47,16,30,0,402,10487,0,
E2,le450_25c,0,KERB-kempe,3,450,13874,19,5000,,23.097,24,23,0.1304,3,652,0.0796,76.9921454,29.4885,89.21025,34770.853,0.499121661,le450_25c__KERB-kempe__s0.json,0.0408,0.0042,17,10,0.5466734833,50,48,16,30,1,436,3684,0,
E2,le450_25c,1,KERB-kempe,3,450,13874,19,5000,,23.3064,25,24,0.1604,3,802,0.0894,87.1315006,30.92,128.2228,20585.676,0.563400711,le450_25c__KERB-kempe__s1.json,0.0404,0.0058,24,8,0.51706844,55,55,23,32,0,578,2832,0,
E2,le450_25c,2,KERB-kempe,3,450,13874,19,5000,,22.7636,25,24,0.118,3,590,0.0732,109.2403584,29.288,103.93535,60406.213,0.66941852,le450_25c__KERB-kempe__s2.json,0.038,0.004,15,6,0.5603615819,47,43,13,30,0,396,6018,0,
E2,le450_25c,3,KERB-kempe,3,450,13874,19,5000,,23.2508,26,24,0.1336,3,668,0.0782,77.5972096,27.753,109.9018,24025.319,0.502623082,le450_25c__KERB-kempe__s3.json,0.039,0.0042,16,7,0.5556686627,48,48,16,31,0,460,3058,0,
E2,le450_25c,4,KERB-kempe,3,450,13874,19,5000,,22.626,24,24,0.1602,3,801,0.0916,196.0450898,24.5465,149.6173,82565,1.097597865,le450_25c__KERB-kempe__s4.json,0.0466,0.0056,23,8,0.4813399917,58,49,20,29,0,545,13210,0,
E2,le450_25c,0,KERB-noElim,3,450,13874,19,5000,,21.0478,22,21,0.3444,3,1722,0.1494,438.6119698,27.6535,898.7261,102254.607,2.321340612,le450_25c__KERB-noElim__s0.json,0.0462,0.0046,21,15,0.3851258227,55,39,21,17,0,1078,26368,78926,
E2,le450_25c,1,KERB-noElim,3,450,13874,19,5000,,21.432,23,21,0.3554,3,1777,0.1584,539.7925712,25.065,1024.33765,100194.379,2.827573372,le450_25c__KERB-noElim__s1.json,0.0464,0.0052,24,13,0.388758832,65,43,24,19,0,1130,31196,85583,
E2,le450_25c,2,KERB-noElim,3,450,13874,19,5000,,21.136,22,21,0.327,3,1635,0.1456,560.1780984,7.188,921.15735,139410.259,2.925583562,le450_25c__KERB-noElim__s2.json,0.0438,0.0042,19,13,0.4122500849,60,34,19,15,0,1012,37012,85204,
E2,le450_25c,3,KERB-noElim,3,450,13874,19,5000,,20.86,23,23,0.3666,3,1833,0.1614,636.3418634,28.123,1151.097,93424.555,3.315030406,le450_25c__KERB-noElim__s3.json,0.048,0.0068,30,19,0.4183681882,72,44,30,13,0,1187,41055,96276,
E2,le450_25c,4,KERB-noElim,3,450,13874,19,5000,,20.9514,22,21,0.3666,3,1833,0.1612,575.2124844,19.526,1055.9878,108968.67,3.008798191,le450_25c__KERB-noElim__s4.json,0.0484,0.0054,25,14,0.3739091956,68,45,25,19,0,1221,35434,81075,
E2,le450_25c,0,KERB-noMig,3,450,13874,19,5000,,23.1226,24,24,0.0472,3,236,0.0356,23.087566,8.4715,33.0743,2435.22,0.222310685,le450_25c__KERB-noMig__s0.json,0.0352,0.0014,2,4,0.6869868173,0,0,0,0,0,0,0,10486,
E2,le450_25c,1,KERB-noMig,3,450,13874,19,5000,,23.8024,26,26,0.0528,3,264,0.0396,23.4068258,8.415,35.16605,2565.028,0.226391876,le450_25c__KERB-noMig__s1.json,0.0396,0.0014,0,4,0.6605723906,0,0,0,0,0,0,0,10703,
E2,le450_25c,2,KERB-noMig,3,450,13874,19,5000,,23.307,25,25,0.0428,3,214,0.0332,24.4550644,8.521,34.35435,3057.73,0.232257869,le450_25c__KERB-noMig__s2.json,0.0332,0.0012,0,4,0.6952647975,0,0,0,0,0,0,0,11697,
E2,le450_25c,3,KERB-noMig,3,450,13874,19,5000,,23.7012,25,25,0.0448,3,224,0.0336,40.9254116,14.059,49.8118,4932.004,0.363879329,le450_25c__KERB-noMig__s3.json,0.0336,0.0012,0,4,0.7028769841,0,0,0,0,0,0,0,13596,
E2,le450_25c,4,KERB-noMig,3,450,13874,19,5000,,23.2282,25,25,0.045,3,225,0.0362,28.532222,8.6975,35.266,5810.202,0.269351022,le450_25c__KERB-noMig__s4.json,0.0362,0.0012,0,4,0.7049382716,0,0,0,0,0,0,0,10609,
E2,le450_25c,0,KERB-tabu,3,450,13874,19,5000,,21.0568,23,20,0.2694,3,1347,0.1214,1972.951551,27.5325,12124.63425,115954.231,10.00802239,le450_25c__KERB-tabu__s0.json,0.0426,0.0048,22,11,0.4049905139,65,39,23,16,0,862,224816,130182,
E2,le450_25c,1,KERB-tabu,3,450,13874,19,5000,,21.5356,23,22,0.3002,3,1501,0.1408,1254.25721,41.878,10215.76045,89250.718,6.405232074,le450_25c__KERB-tabu__s1.json,0.0494,0.0054,24,13,0.4115700644,61,37,23,14,0,895,135664,131144,
E2,le450_25c,2,KERB-tabu,3,450,13874,19,5000,,20.7658,22,22,0.3178,3,1589,0.142,1996.448103,30.7275,11398.82615,165407.086,10.13968922,le450_25c__KERB-tabu__s2.json,0.0424,0.0064,29,15,0.4057492483,73,40,28,11,0,1021,198695,116115,
E2,le450_25c,3,KERB-tabu,3,450,13874,19,5000,,20.8804,22,20,0.3706,3,1853,0.1614,1822.403853,47.198,11593.7016,141737.238,9.255588929,le450_25c__KERB-tabu__s3.json,0.048,0.0056,27,15,0.3576410625,68,42,27,15,0,1156,192664,128982,
E2,le450_25c,4,KERB-tabu,3,450,13874,19,5000,,21.0012,23,20,0.2904,3,1452,0.1326,1189.510528,18.505,9289.88255,118600.978,6.083612087,le450_25c__KERB-tabu__s4.json,0.0458,0.004,19,14,0.4063942455,62,35,19,16,0,844,115511,96315,
E2,le450_25c,0,Tabu-WarmStart,,450,13874,19,5000,,19.8088,21,20,0.5782,160,2891,0.0572,2594.258386,2.752,85.42555,276319.647,13.0996198,le450_25c__Tabu-WarmStart__s0.json,0.0544,0.0032,15,20,0.3098266651,,,,,,,,,204608
E2,le450_25c,1,Tabu-WarmStart,,450,13874,19,5000,,19.7576,21,20,0.5656,140,2828,0.0544,2225.231886,2.735,76.0439,282067.494,11.25901819,le450_25c__Tabu-WarmStart__s1.json,0.0508,0.0042,20,17,0.2984771334,,,,,,,,,198586
E2,le450_25c,2,Tabu-WarmStart,,450,13874,19,5000,,19.8404,21,20,0.5144,163,2572,0.0472,2312.80002,2.638,59.96985,237614.475,11.69226143,le450_25c__Tabu-WarmStart__s2.json,0.043,0.0044,21,19,0.3232693969,,,,,,,,,194824
E2,le450_25c,3,Tabu-WarmStart,,450,13874,19,5000,,19.8396,21,19,0.5488,170,2744,0.0512,2493.512788,2.648,71.29295,276316.997,12.59445126,le450_25c__Tabu-WarmStart__s3.json,0.0474,0.004,20,17,0.3204648526,,,,,,,,,193573
E2,le450_25c,4,Tabu-WarmStart,,450,13874,19,5000,,20.0178,21,20,0.535,114,2675,0.0512,2796.334455,2.78,91.52555,246834.174,14.1127382,le450_25c__Tabu-WarmStart__s4.json,0.0488,0.0026,12,20,0.3245698858,,,,,,,,,202622
E2,miles750,0,DSATUR-Recompute,,128,1690,15,5000,500,16.062,18,17,14.556,93,,0.41,2477.715568,1674.3925,5866.610199,25774.084,2.411593654,miles750__DSATUR-Recompute__s0.json,,,,,,,,,,,,,,
E2,miles750,1,DSATUR-Recompute,,128,1690,14,5000,500,16.39,19,19,10.896,86,,0.402,1630.05141,1591.355,1867.73595,4049.395,1.658213754,miles750__DSATUR-Recompute__s1.json,,,,,,,,,,,,,,
E2,miles750,2,DSATUR-Recompute,,128,1690,14,5000,500,16.698,20,18,9.67,85,,0.388,1648.455128,1595.73,1918.0626,3903.770999,1.691238474,miles750__DSATUR-Recompute__s2.json,,,,,,,,,,,,,,
E2,miles750,3,DSATUR-Recompute,,128,1690,14,5000,500,16.408,19,17,13.848,87,,0.444,1718.900316,1606.8635,2555.870999,4251.619001,1.737630225,miles750__DSATUR-Recompute__s3.json,,,,,,,,,,,,,,
E2,miles750,4,DSATUR-Recompute,,128,1690,15,5000,500,15.35,18,15,11.398,87,,0.418,1578.110844,1516.293501,1903.025151,2758.815999,1.605324031,miles750__DSATUR-Recompute__s4.json,,,,,,,,,,,,,,
E2,miles750,0,FF-Repair,,128,1690,15,5000,,24.4764,26,26,0.0406,1,203,0.0406,1.9653436,1.5475,4.1853,93.181,0.044194283,miles750__FF-Repair__s0.json,0.0406,0.0022,0,9,0.560768165,,,,,,,,,
E2,miles750,1,FF-Repair,,128,1690,14,5000,,24.5644,28,28,0.0382,1,191,0.0382,1.9783938,1.554,4.06085,47.439,0.044774349,miles750__FF-Repair__s1.json,0.0382,0.0028,0,7,0.5564872382,,,,,,,,,
E2,miles750,2,FF-Repair,,128,1690,14,5000,,23.3266,27,27,0.0386,1,193,0.0386,1.998731,1.553,3.9542,46.538,0.04552072,miles750__FF-Repair__s2.json,0.0386,0.0026,0,9,0.5849659974,,,,,,,,,
E2,miles750,3,FF-Repair,,128,1690,14,5000,,24.2702,28,28,0.044,1,220,0.044,1.9855416,1.553,4.8421,51.491,0.044579435,miles750__FF-Repair__s3.json,0.044,0.0028,0,9,0.5627840909,,,,,,,,,
E2,miles750,4,FF-Repair,,128,1690,15,5000,,22.8512,24,24,0.036,1,180,0.036,2.228464,1.5895,4.78805,67.441,0.051032232,miles750__FF-Repair__s4.json,0.036,0.0018,0,7,0.5921006944,,,,,,,,,
E2,miles750,0,KERB-R10,10,128,1690,15,5000,,15.7882,18,15,0.2408,10,1204,0.0966,1205.075207,49.5245,4695.1123,41218.229,6.082416261,miles750__KERB-R10__s0.json,0.073,0.0102,51,28,0.3970488995,72,46,34,10,1,285,41069,1109092,
E2,miles750,1,KERB-R10,10,128,1690,14,5000,,15.9794,18,16,0.2888,10,1444,0.1094,1100.712227,45.55,4376.034,36911.449,5.555673798,miles750__KERB-R10__s1.json,0.084,0.0114,55,34,0.4048865997,80,51,40,11,0,361,44869,1045887,
E2,miles750,2,KERB-R10,10,128,1690,14,5000,,16.549,19,18,0.268,10,1340,0.1086,1119.482051,54.0335,4423.05335,47859.427,5.650937014,miles750__KERB-R10__s2.json,0.0822,0.0136,64,31,0.4123367537,68,53,37,15,0,306,29971,1117372,
E2,miles750,3,KERB-R10,10,128,1690,14,5000,,16.0502,18,17,0.258,10,1290,0.1046,1126.332812,29.562,4383.55365,49237.47,5.685248798,miles750__KERB-R10__s3.json,0.0808,0.012,57,39,0.4175024225,83,46,32,11,2,273,48928,1022096,
E2,miles750,4,KERB-R10,10,128,1690,15,5000,,15.3322,18,16,0.2448,10,1224,0.0978,1026.313189,48.866,4644.3167,47479.553,5.186913005,miles750__KERB-R10__s4.json,0.0796,0.009,44,28,0.4009906046,50,34,19,14,1,243,23415,946019,
E2,miles750,0,KERB-R1,1,128,1690,15,5000,,18.635,21,17,0.1302,1,651,0.1302,35.5675744,21.9975,70.0114,5246.195,0.223785926,miles750__KERB-R1__s0.json,0.0622,0.0116,56,22,0.4977318548,80,80,44,31,4,323,1101,2709,
E2,miles750,1,KERB-R1,1,128,1690,14,5000,,19.114,22,20,0.1344,1,672,0.1344,30.5933992,19.651,73.4573,1609.966,0.19520387,miles750__KERB-R1__s1.json,0.0618,0.0114,51,16,0.4633556548,82,82,47,32,2,356,841,5099,
E2,miles750,2,KERB-R1,1,128,1690,14,5000,,19.3158,23,22,0.1304,1,652,0.1304,33.1144544,19.865,63.6075,17776.491,0.207360083,miles750__KERB-R1__s2.json,0.0656,0.0118,51,18,0.4841593175,77,76,42,31,2,306,2054,3044,
E2,miles750,3,KERB-R1,1,128,1690,14,5000,,18.826,21,20,0.1286,1,643,0.1286,52.6115216,23.656,106.378,20445.131,0.313429866,miles750__KERB-R1__s3.json,0.067,0.0116,52,17,0.4660162325,81,80,46,30,4,296,3694,2798,
E2,miles750,4,KERB-R1,1,128,1690,15,5000,,17.6406,20,17,0.133,1,665,0.133,35.9764564,21.8645,65.0177,7532.863,0.229438024,miles750__KERB-R1__s4.json,0.0616,0.0098,47,17,0.4546170113,70,70,37,28,4,342,1238,2314,
E2,miles750,0,KERB-R25,25,128,1690,15,5000,,15.7782,18,16,0.2748,21,1374,0.1068,1071.316606,45.5885,4402.81565,33601.576,5.409355359,miles750__KERB-R25__s0.json,0.0838,0.0102,50,31,0.385985262,72,49,34,11,3,357,35627,1051802,
E2,miles750,1,KERB-R25,25,128,1690,14,5000,,15.9684,18,17,0.2706,25,1353,0.1064,1203.198108,27.292,5289.48315,42879.518,6.076792492,miles750__KERB-R25__s1.json,0.0888,0.011,52,27,0.4122493995,64,39,25,11,3,246,34066,1066813,
E2,miles750,2,KERB-R25,25,128,1690,14,5000,,16.4226,20,18,0.2794,25,1397,0.1096,1203.375795,46.7875,4709.7316,45947.228,6.080728977,miles750__KERB-R25__s2.json,0.087,0.0132,62,35,0.4098794291,80,50,35,12,3,325,43125,1112531,
E2,miles750,3,KERB-R25,25,128,1690,14,5000,,16.1906,19,15,0.2644,18,1322,0.0998,1120.075479,30.387,4559.5567,41502.874,5.656252683,miles750__KERB-R25__s3.json,0.0782,0.0122,60,31,0.422040469,87,49,36,9,3,306,47256,1020664,
E2,miles750,4,KERB-R25,25,128,1690,15,5000,,15.101,17,15,0.256,15,1280,0.0952,1060.474782,50.883,4512.7272,32419.423,5.355010015,miles750__KERB-R25__s4.json,0.0746,0.0092,46,31,0.4203857422,68,42,27,13,1,309,36355,1006463,
E2,miles750,0,KERB-R2,2,128,1690,15,5000,,16.9208,19,17,0.274,2,1370,0.1802,166.769898,46.545,478.8686,40187.67,0.891912574,miles750__KERB-R2__s0.json,0.0778,0.0128,62,33,0.4472057482,78,75,51,21,2,674,11337,50664,
E2,miles750,1,KERB-R2,2,128,1690,14,5000,,17.3494,21,18,0.2712,2,1356,0.181,190.237926,42.5895,510.4456,40561.127,1.013269476,miles750__KERB-R2__s1.json,0.0816,0.0124,58,31,0.4313237463,76,71,51,16,3,656,12288,53877,
E2,miles750,2,KERB-R2,2,128,1690,14,5000,,17.4896,20,19,0.2884,2,1442,0.192,143.0442796,31.444,444.59985,25925.449,0.76206748,miles750__KERB-R2__s2.json,0.0834,0.0148,69,33,0.4449115811,89,82,58,21,2,713,12629,62815,
E2,miles750,3,KERB-R2,2,128,1690,14,5000,,17.5438,20,18,0.2164,2,1082,0.15,166.3439066,35.954,456.9123,37986.981,0.883562318,miles750__KERB-R2__s3.json,0.0734,0.0108,50,26,0.4279401571,66,58,41,14,2,455,13824,58649,
E2,miles750,4,KERB-R2,2,128,1690,15,5000,,16.567,19,16,0.2548,2,1274,0.166,120.704175,35.2885,392.72925,23984.092,0.657170082,miles750__KERB-R2__s4.json,0.073,0.0104,51,28,0.4196551217,65,64,40,22,1,616,7670,40759,
E2,miles750,0,KERB-R3,3,128,1690,15,5000,,15.9682,18,15,0.4106,3,2053,0.1964,434.2633504,33.8065,1298.34325,42966.662,2.299908947,miles750__KERB-R3__s0.json,0.0822,0.0126,62,50,0.4612419325,95,65,55,10,0,883,44529,198625,
E2,miles750,1,KERB-R3,3,128,1690,14,5000,,16.5304,18,17,0.4018,3,2009,0.1916,420.6538298,39.359,1346.2743,54390.908,2.294262656,miles750__KERB-R3__s1.json,0.0858,0.0108,49,44,0.4316007653,78,65,48,16,0,840,27466,205028,
E2,miles750,2,KERB-R3,3,128,1690,14,5000,,16.725,19,18,0.3812,3,1906,0.185,427.1764122,40.168,1640.3239,51114.2,2.275269654,miles750__KERB-R3__s2.json,0.0866,0.0118,54,45,0.4220963405,79,64,49,13,2,723,29295,287539,
E2,miles750,3,KERB-R3,3,128,1690,14,5000,,16.5862,19,15,0.3612,3,1806,0.1748,342.0066198,36.2495,1171.9856,45020.647,1.838613308,miles750__KERB-R3__s3.json,0.0758,0.0094,46,44,0.4456239618,68,49,38,9,1,699,29107,196552,
E2,miles750,4,KERB-R3,3,128,1690,15,5000,,15.5336,17,15,0.412,3,2060,0.1954,373.4623484,35.7825,1108.7214,37937.354,1.992356989,miles750__KERB-R3__s4.json,0.0838,0.0128,63,47,0.4205248786,99,70,59,11,0,882,41127,163089,
E2,miles750,0,KERB-R5,5,128,1690,15,5000,,15.6238,17,15,0.3486,5,1743,0.1352,927.1949302,28.499,4221.71105,50366.914,4.688368693,miles750__KERB-R5__s0.json,0.0818,0.0102,51,45,0.4495078528,84,46,37,7,2,516,50324,787594,
E2,miles750,1,KERB-R5,5,128,1690,14,5000,,15.8904,18,17,0.4232,5,2116,0.157,1046.456759,43.494,4476.90545,49653.896,5.28989275,miles750__KERB-R5__s1.json,0.089,0.0122,58,46,0.4226946479,78,49,42,6,0,602,44656,915557,
E2,miles750,2,KERB-R5,5,128,1690,14,5000,,16.3576,19,18,0.4014,5,2007,0.1506,1026.180296,39.0405,4379.03795,39611.17,5.188570101,miles750__KERB-R5__s2.json,0.088,0.0124,58,45,0.4364450984,85,53,42,10,0,542,42604,912037,
E2,miles750,3,KERB-R5,5,128,1690,14,5000,,16.1554,18,16,0.3102,5,1551,0.1272,951.6484596,18.6685,4277.20235,45602.371,4.810951656,miles750__KERB-R5__s3.json,0.081,0.0102,49,31,0.4355405787,91,49,42,6,0,445,53699,798366,
E2,miles750,4,KERB-R5,5,128,1690,15,5000,,15.0512,17,15,0.4058,5,2029,0.1446,850.4230766,26.332,4165.52315,32074.858,4.304122875,miles750__KERB-R5__s4.json,0.082,0.0104,52,49,0.4292716548,84,48,40,8,0,628,49147,721830,
E2,miles750,0,KERB-direct,3,128,1690,15,5000,,18.4362,21,18,0.1416,3,708,0.103,44.2746908,26.4435,78.0264,8473.319,0.271537917,miles750__KERB-direct__s0.json,0.0622,0.0106,50,21,0.4617540607,75,75,38,30,6,365,2213,0,
E2,miles750,1,KERB-direct,3,128,1690,14,5000,,19.0578,22,21,0.1508,3,754,0.1152,34.0289556,20.66,56.6451,8425.255,0.212290518,miles750__KERB-direct__s1.json,0.07,0.0146,66,19,0.4473640584,89,89,49,31,9,363,1728,0,
E2,miles750,2,KERB-direct,3,128,1690,14,5000,,18.7738,22,20,0.1564,3,782,0.115,72.2294196,26.221,81.17205,35337.075,0.411817226,miles750__KERB-direct__s2.json,0.071,0.0138,63,21,0.4641344309,86,82,51,29,2,390,6770,0,
E2,miles750,3,KERB-direct,3,128,1690,14,5000,,18.5458,24,18,0.1632,3,816,0.1208,63.3467678,23.575,74.5866,22816.673,0.362510921,miles750__KERB-direct__s3.json,0.0722,0.015,71,23,0.4637905944,95,92,58,29,4,415,7097,0,
E2,miles750,4,KERB-direct,3,128,1690,15,5000,,17.667,20,18,0.1376,3,688,0.1028,35.085869,22.526,59.4526,2311.128,0.220659772,miles750__KERB-direct__s4.json,0.0626,0.0106,49,20,0.4434047965,79,79,41,31,6,350,1178,0,
E2,miles750,0,KERB-kempe,3,128,1690,15,5000,,18.0418,21,17,0.1574,3,787,0.1064,43.313854,23.9605,76.51505,6021.473,0.265300278,miles750__KERB-kempe__s0.json,0.0648,0.0104,50,23,0.4600242217,75,75,40,30,4,391,2233,0,
E2,miles750,1,KERB-kempe,3,128,1690,14,5000,,18.2326,21,19,0.1732,3,866,0.1196,53.4814434,25.965,87.36305,20911.702,0.309600641,miles750__KERB-kempe__s1.json,0.0724,0.015,69,18,0.4209728637,93,92,61,29,1,424,4460,0,
E2,miles750,2,KERB-kempe,3,128,1690,14,5000,,19.007,22,21,0.1566,3,783,0.1106,55.2901942,26.961,96.65695,33456.454,0.32718467,miles750__KERB-kempe__s2.json,0.0702,0.0104,45,29,0.4600993774,74,73,42,28,2,365,2749,0,
E2,miles750,3,KERB-kempe,3,128,1690,14,5000,,18.335,21,21,0.1388,3,694,0.1012,55.285666,21.1805,75.92115,22054.495,0.318665006,miles750__KERB-kempe__s3.json,0.064,0.011,48,17,0.4504908141,76,72,40,31,1,321,6497,0,
E2,miles750,4,KERB-kempe,3,128,1690,15,5000,,17.6344,20,19,0.1544,3,772,0.1106,39.931002,22.0445,69.91205,14495.89,0.243080764,miles750__KERB-kempe__s4.json,0.0702,0.0106,48,19,0.4241823187,74,74,42,28,3,364,2383,0,
E2,miles750,0,KERB-noElim,3,128,1690,15,5000,,16.1098,18,15,0.3436,3,1718,0.1666,269.0287002,16.8675,616.2638,40992.748,1.392031354,miles750__KERB-noElim__s0.json,0.0728,0.0098,49,43,0.4695958236,91,62,49,13,0,740,37848,78241,
E2,miles750,1,KERB-noElim,3,128,1690,14,5000,,16.931,19,16,0.3784,3,1892,0.185,234.2653164,20.1335,1002.656,40353.256,1.222905338,miles750__KERB-noElim__s1.json,0.0796,0.0096,43,44,0.4597317653,69,60,46,13,0,832,17375,127524,
E2,miles750,2,KERB-noElim,3,128,1690,14,5000,,17.018,20,19,0.3346,3,1673,0.1678,273.33095,16.369,1020.89995,55015.856,1.433306383,miles750__KERB-noElim__s2.json,0.0786,0.0082,35,46,0.4633470935,72,59,35,22,1,736,19619,84842,
E2,miles750,3,KERB-noElim,3,128,1690,14,5000,,16.9844,19,16,0.3336,3,1668,0.1672,225.124218,14.247,621.6286,45892.748,1.172747579,miles750__KERB-noElim__s3.json,0.0776,0.0086,41,44,0.4830635492,72,50,40,9,0,682,29421,75668,
E2,miles750,4,KERB-noElim,3,128,1690,15,5000,,16.0508,18,18,0.3286,3,1643,0.1646,193.5922736,24.7695,630.0757,32994.207,1.021410446,miles750__KERB-noElim__s4.json,0.076,0.0088,41,39,0.4450176887,67,57,40,16,0,741,17504,73321,
E2,miles750,0,KERB-noMig,3,128,1690,15,5000,,18.5038,19,17,0.079,3,395,0.059,74.1042286,8.5335,286.72895,6822.528,0.420308323,miles750__KERB-noMig__s0.json,0.0586,0.0008,2,14,0.4594738924,0,0,0,0,0,0,0,59207,
E2,miles750,1,KERB-noMig,3,128,1690,14,5000,,18.0286,20,19,0.1056,3,528,0.0712,61.2665906,7.9465,364.40015,4063.873,0.348706245,miles750__KERB-noMig__s1.json,0.0704,0.0018,4,16,0.4728633996,0,0,0,0,0,0,0,61844,
E2,miles750,2,KERB-noMig,3,128,1690,14,5000,,18.008,20,19,0.1018,3,509,0.0668,82.2688944,8.018,457.4488,18134.525,0.455795664,miles750__KERB-noMig__s2.json,0.0652,0.0026,8,15,0.5061855354,0,0,0,0,0,0,0,84750,
E2,miles750,3,KERB-noMig,3,128,1690,14,5000,,17.8446,20,18,0.095,3,475,0.065,74.3039242,7.709,412.66325,5993.48,0.415232406,miles750__KERB-noMig__s3.json,0.0634,0.0024,8,13,0.4903782895,0,0,0,0,0,0,0,75931,
E2,miles750,4,KERB-noMig,3,128,1690,15,5000,,17.6974,19,18,0.0756,3,378,0.0562,46.3813188,7.4765,269.9345,3961.959,0.271150079,miles750__KERB-noMig__s4.json,0.0556,0.0012,3,12,0.4562251984,0,0,0,0,0,0,0,46305,
E2,miles750,0,KERB-tabu,3,128,1690,15,5000,,16.1646,18,15,0.3218,3,1609,0.1638,1219.10177,27.633,7400.84905,45427.941,6.151105778,miles750__KERB-tabu__s0.json,0.0806,0.0104,51,41,0.446040825,87,58,44,11,2,630,235590,188719,
E2,miles750,1,KERB-tabu,3,128,1690,14,5000,,16.151,18,17,0.4466,3,2233,0.2134,1525.838452,35.887,8090.3989,45960.176,7.693092622,miles750__KERB-tabu__s1.json,0.0888,0.0158,75,44,0.4365448668,119,83,73,9,0,969,296155,232528,
E2,miles750,2,KERB-tabu,3,128,1690,14,5000,,16.6668,19,18,0.3522,3,1761,0.1736,1194.161774,33.7755,7451.7795,29938.065,6.026723444,miles750__KERB-tabu__s2.json,0.084,0.0112,51,44,0.4397137635,75,56,43,12,1,657,233140,215110,
E2,miles750,3,KERB-tabu,3,128,1690,14,5000,,16.6048,19,17,0.4094,3,2047,0.2028,1657.203088,39.454,8253.8894,60780.261,8.355799255,miles750__KERB-tabu__s3.json,0.0866,0.0132,63,44,0.4461826759,92,70,54,13,3,882,309630,245778,
E2,miles750,4,KERB-tabu,3,128,1690,15,5000,,15.5368,18,15,0.3294,3,1647,0.1632,1085.719741,33.252,6874.19285,30747.566,5.480267967,miles750__KERB-tabu__s4.json,0.0788,0.0094,47,37,0.4150776032,81,56,45,11,0,658,231851,164909,
E2,miles750,0,Tabu-WarmStart,,128,1690,15,5000,,14.868,16,14,0.7526,62,3763,0.0916,744.058354,2.1615,174.73275,71601.618,3.766067558,miles750__Tabu-WarmStart__s0.json,0.083,0.0092,47,75,0.4504737742,,,,,,,,,171582
E2,miles750,1,Tabu-WarmStart,,128,1690,14,5000,,15.03,17,15,0.7696,68,3848,0.0986,851.1409674,2.39,424.32075,67503.257,4.30823088,miles750__Tabu-WarmStart__s1.json,0.0918,0.0076,37,82,0.4391201598,,,,,,,,,182330
E2,miles750,2,Tabu-WarmStart,,128,1690,14,5000,,15.515,18,17,0.8212,58,4106,0.1022,777.985208,2.2975,423.65485,67577.938,3.939804091,miles750__Tabu-WarmStart__s2.json,0.0946,0.009,42,92,0.4416935582,,,,,,,,,174526
E2,miles750,3,Tabu-WarmStart,,128,1690,14,5000,,15.407,18,15,0.7248,65,3624,0.098,794.8789896,2.28,316.72505,80201.974,4.022805496,miles750__Tabu-WarmStart__s3.json,0.0912,0.0076,37,81,0.4615885417,,,,,,,,,177740
E2,miles750,4,Tabu-WarmStart,,128,1690,15,5000,,14.328,16,14,0.6896,69,3448,0.0922,745.699515,2.1105,155.0167,74598.071,3.7753866,miles750__Tabu-WarmStart__s4.json,0.0852,0.0078,40,71,0.4289125943,,,,,,,,,168807
E2,myciel7,0,DSATUR-Recompute,,191,1888,6,5000,500,6.822,8,7,5.64,130,,0.142,1954.441902,1782.8925,2562.9035,20869.189,1.942887914,myciel7__DSATUR-Recompute__s0.json,,,,,,,,,,,,,,
E2,myciel7,1,DSATUR-Recompute,,191,1888,6,5000,500,6.902,8,7,6.518,128,,0.146,1871.103684,1760.5505,2810.914801,7742.279,1.888382506,myciel7__DSATUR-Recompute__s1.json,,,,,,,,,,,,,,
E2,myciel7,2,DSATUR-Recompute,,191,1888,6,5000,500,6.922,8,7,6.614,129,,0.13,2151.585132,1854.107,3184.70175,8732.336,2.162945285,myciel7__DSATUR-Recompute__s2.json,,,,,,,,,,,,,,
E2,myciel7,3,DSATUR-Recompute,,191,1888,6,5000,500,6.888,8,7,7.18,134,,0.128,1896.67032,1786.313,2971.848501,3207.872,1.93147781,myciel7__DSATUR-Recompute__s3.json,,,,,,,,,,,,,,
E2,myciel7,4,DSATUR-Recompute,,191,1888,6,5000,500,6.86,8,7,8.422,136,,0.164,1843.970406,1763.836,2407.5562,3324.262001,1.864687628,myciel7__DSATUR-Recompute__s4.json,,,,,,,,,,,,,,
E2,myciel7,0,FF-Repair,,191,1888,6,5000,,7.657,8,8,0.0056,1,28,0.0056,1.7672442,1.576,2.2944,37.207,0.051235869,myciel7__FF-Repair__s0.json,0.0056,0.0004,0,2,0.8814510097,,,,,,,,,
E2,myciel7,1,FF-Repair,,191,1888,6,5000,,7.6684,8,8,0.0056,1,28,0.0056,1.9292622,1.575,2.57005,803.503,0.053479105,myciel7__FF-Repair__s1.json,0.0056,0.0004,0,2,0.863500374,,,,,,,,,
E2,myciel7,2,FF-Repair,,191,1888,6,5000,,7.8912,8,8,0.005,1,25,0.005,1.7552762,1.58,2.2527,47.983,0.051988667,myciel7__FF-Repair__s2.json,0.005,0.0004,0,2,0.8791623037,,,,,,,,,
E2,myciel7,3,FF-Repair,,191,1888,6,5000,,7.783,8,8,0.0054,1,27,0.0054,1.7595972,1.58,2.4392,56.877,0.052032781,myciel7__FF-Repair__s3.json,0.0054,0.0004,0,2,0.8687221253,,,,,,,,,
E2,myciel7,4,FF-Repair,,191,1888,6,5000,,7.971,8,8,0.0018,1,9,0.0018,1.7709546,1.557,2.2852,114.289,0.053004075,myciel7__FF-Repair__s4.json,0.0018,0.0004,0,1,0.9528795812,,,,,,,,,
E2,myciel7,0,KERB-R10,10,191,1888,6,5000,,6.2766,7,6,0.0536,10,268,0.017,268.7984652,7.0195,408.8067,31166.549,1.395900142,myciel7__KERB-R10__s0.json,0.0128,0.0022,11,11,0.708486364,22,4,3,1,0,53,18780,122146,
E2,myciel7,1,KERB-R10,10,191,1888,6,5000,,6.6174,7,6,0.0428,10,214,0.0154,532.9574728,7.3945,629.7965,51725.74,2.766742297,myciel7__KERB-R10__s1.json,0.0118,0.001,5,8,0.6709399618,30,6,3,3,0,74,25907,158231,
E2,myciel7,2,KERB-R10,10,191,1888,6,5000,,6.947,7,7,0.0106,10,53,0.007,238.4975974,7.3465,33.6326,27284.482,1.244578735,myciel7__KERB-R10__s2.json,0.0066,0.0006,2,6,0.8728637756,13,0,0,0,0,0,13000,126780,
E2,myciel7,3,KERB-R10,10,191,1888,6,5000,,6.5052,7,6,0.0552,10,276,0.0186,334.8686466,6.8055,337.3183,33990.849,1.728592041,myciel7__KERB-R10__s3.json,0.0138,0.0016,8,8,0.643030579,34,7,5,2,0,97,30855,118923,
E2,myciel7,4,KERB-R10,10,191,1888,6,5000,,6.3792,7,6,0.053,10,265,0.0146,374.6825982,7.8145,1301.45715,43937.511,1.92835706,myciel7__KERB-R10__s4.json,0.0106,0.001,5,9,0.6823273733,21,5,2,3,0,80,18190,182501,
E2,myciel7,0,KERB-R1,1,191,1888,6,5000,,6.8126,8,7,0.0378,1,189,0.0378,77.3702252,13.2385,39.44795,31283.549,0.437362422,myciel7__KERB-R1__s0.json,0.01,0.001,4,7,0.6979694728,38,27,4,23,0,139,14457,131,
E2,myciel7,1,KERB-R1,1,191,1888,6,5000,,7.1226,8,6,0.0352,1,176,0.0352,52.2463242,12.019,39.8511,22756.973,0.312863457,myciel7__KERB-R1__s1.json,0.01,0.0008,4,9,0.7245359353,35,25,4,21,0,126,12898,148,
E2,myciel7,2,KERB-R1,1,191,1888,6,5000,,7.0398,8,7,0.0098,1,49,0.0098,76.6036588,5.83,17.84965,27607.609,0.442303284,myciel7__KERB-R1__s2.json,0.0058,0.001,4,4,0.87103323,26,5,4,1,0,20,21673,108,
E2,myciel7,3,KERB-R1,1,191,1888,6,5000,,6.9858,8,7,0.047,1,235,0.047,118.1140936,7.019,40.13825,39317.345,0.643003355,myciel7__KERB-R1__s3.json,0.0092,0.0014,6,9,0.5994430211,49,24,6,18,0,189,29570,160,
E2,myciel7,4,KERB-R1,1,191,1888,6,5000,,7.0554,8,7,0.0356,1,178,0.0356,84.3945656,13.337,45.9323,23222.7,0.477826712,myciel7__KERB-R1__s4.json,0.0074,0.0012,5,8,0.7256897465,40,27,4,22,0,138,18970,232,
E2,myciel7,0,KERB-R25,25,191,1888,6,5000,,6.1206,7,7,0.0474,18,237,0.0136,862.8883984,8.011,8493.86595,50953.374,4.373182292,myciel7__KERB-R25__s0.json,0.0118,0.0018,8,8,0.6852674133,17,2,2,0,0,10,15051,421885,
E2,myciel7,1,KERB-R25,25,191,1888,6,5000,,6.512,7,6,0.0552,24,276,0.0158,1232.107872,9.3685,9221.5492,68918.805,6.243358832,myciel7__KERB-R25__s1.json,0.0128,0.002,10,9,0.608126565,36,4,4,0,0,68,33576,465437,
E2,myciel7,2,KERB-R25,25,191,1888,6,5000,,6.4868,7,6,0.0586,23,293,0.0174,1102.748675,8.63,8982.49515,59225.45,5.578025952,myciel7__KERB-R25__s2.json,0.0134,0.0022,11,9,0.5937137037,39,8,6,2,0,81,33886,502510,
E2,myciel7,3,KERB-R25,25,191,1888,6,5000,,6.6332,7,7,0.0512,21,256,0.0162,836.9110654,8.018,7563.46875,41328.373,4.241187786,myciel7__KERB-R25__s3.json,0.014,0.0018,8,10,0.6960896597,34,5,3,2,0,35,30471,434700,
E2,myciel7,4,KERB-R25,25,191,1888,6,5000,,6.2912,7,6,0.0492,24,246,0.0132,824.0211802,7.911,7780.20195,46148.348,4.175573188,myciel7__KERB-R25__s4.json,0.0108,0.0016,8,7,0.6629634359,25,5,4,1,0,56,21509,461034,
E2,myciel7,0,KERB-R2,2,191,1888,6,5000,,6.4386,7,7,0.0362,2,181,0.0238,132.4023128,6.023,50.05975,29100.761,0.709650692,myciel7__KERB-R2__s0.json,0.0082,0.0018,8,6,0.7293974719,40,14,7,7,0,124,27988,1453,
E2,myciel7,1,KERB-R2,2,191,1888,6,5000,,6.9548,8,6,0.0462,2,231,0.0312,95.7318574,7.1525,86.6233,37581.495,0.528590446,myciel7__KERB-R2__s1.json,0.011,0.0016,8,11,0.6286348904,41,23,7,16,0,160,21488,2381,
E2,myciel7,2,KERB-R2,2,191,1888,6,5000,,7.0806,8,7,0.03,2,150,0.021,72.6111802,5.092,43.4024,25686.522,0.409129746,myciel7__KERB-R2__s2.json,0.0112,0.0008,3,6,0.6880977312,27,7,2,5,0,87,22150,1205,
E2,myciel7,3,KERB-R2,2,191,1888,6,5000,,7.0134,8,7,0.0248,2,124,0.0168,74.0485776,5.077,40.6548,25481.646,0.415602145,myciel7__KERB-R2__s3.json,0.0076,0.001,4,5,0.6993751056,27,9,3,5,0,72,18950,1034,
E2,myciel7,4,KERB-R2,2,191,1888,6,5000,,6.8886,8,7,0.052,2,260,0.0324,113.3676968,7.398,95.1746,35039.047,0.619898057,myciel7__KERB-R2__s4.json,0.009,0.0012,5,11,0.7402738623,41,20,5,15,0,180,26042,2170,
E2,myciel7,0,KERB-R3,3,191,1888,6,5000,,6.2962,7,7,0.0294,3,147,0.0154,134.6309472,5.496,27.5955,24265.9,0.734336918,myciel7__KERB-R3__s0.json,0.0058,0.0016,7,9,0.791181394,37,8,7,1,0,86,29768,2245,
E2,myciel7,1,KERB-R3,3,191,1888,6,5000,,6.803,8,7,0.0428,3,214,0.0226,100.0618336,5.7395,60.25275,24090.192,0.563010514,myciel7__KERB-R3__s1.json,0.0112,0.0012,5,6,0.6348289866,33,10,5,4,0,125,26210,3649,
E2,myciel7,2,KERB-R3,3,191,1888,6,5000,,6.9638,8,7,0.0164,3,82,0.0112,70.6026324,5.068,11.32945,25242.603,0.414578856,myciel7__KERB-R3__s2.json,0.0086,0.0008,3,5,0.7735921338,20,1,1,0,0,24,19942,1757,
E2,myciel7,3,KERB-R3,3,191,1888,6,5000,,6.7846,7,7,0.0484,3,242,0.0254,139.7673758,5.985,136.95955,43115.256,0.764392285,myciel7__KERB-R3__s3.json,0.0102,0.0016,7,8,0.6517675566,43,15,7,7,0,152,31764,5461,
E2,myciel7,4,KERB-R3,3,191,1888,6,5000,,6.8498,8,7,0.062,3,310,0.0308,138.4605404,9.7465,171.34555,26428.969,0.762805995,myciel7__KERB-R3__s4.json,0.0112,0.0018,7,12,0.7036311434,44,22,7,15,0,185,28582,8657,
E2,myciel7,0,KERB-R5,5,191,1888,6,5000,,6.287,7,7,0.031,5,155,0.0136,110.8028232,5.6165,31.98555,23691.9,0.600593012,myciel7__KERB-R5__s0.json,0.0082,0.0014,6,8,0.7754771154,27,5,4,1,0,57,22676,10827,
E2,myciel7,1,KERB-R5,5,191,1888,6,5000,,6.7156,7,6,0.0394,5,197,0.017,227.5205792,7.107,135.9705,68713.564,1.205436808,myciel7__KERB-R5__s1.json,0.011,0.0014,7,8,0.6571345045,37,9,7,2,0,87,30503,14613,
E2,myciel7,2,KERB-R5,5,191,1888,6,5000,,6.959,7,7,0.0082,4,41,0.0064,55.7408936,6.71,15.62015,30537.83,0.326543538,myciel7__KERB-R5__s2.json,0.0062,0.0004,1,5,0.8851998468,13,0,0,0,0,0,13000,4156,
E2,myciel7,3,KERB-R5,5,191,1888,6,5000,,6.8398,7,6,0.0514,5,257,0.0196,160.4083426,6.3225,290.40925,41212.433,0.849971528,myciel7__KERB-R5__s3.json,0.009,0.0014,7,12,0.6776947053,37,10,7,3,0,140,29999,22876,
E2,myciel7,4,KERB-R5,5,191,1888,6,5000,,6.5348,7,7,0.0558,5,279,0.0208,146.0741924,6.1125,273.33445,33261.781,0.781424067,myciel7__KERB-R5__s4.json,0.0104,0.0014,6,10,0.7270543639,33,10,4,6,0,139,25953,22503,
E2,myciel7,0,KERB-direct,3,191,1888,6,5000,,6.8712,8,8,0.0422,3,211,0.024,91.8868604,14.666,87.72035,41589.233,0.518705891,myciel7__KERB-direct__s0.json,0.0096,0.0014,5,9,0.7109004739,38,26,4,21,1,159,14832,0,
E2,myciel7,1,KERB-direct,3,191,1888,6,5000,,6.9894,8,7,0.0472,3,236,0.0272,82.2448102,18.5305,50.11375,30097.707,0.468260903,myciel7__KERB-direct__s1.json,0.0104,0.001,4,8,0.621971781,39,27,4,22,0,184,17680,0,
E2,myciel7,2,KERB-direct,3,191,1888,6,5000,,7.289,8,8,0.0256,3,128,0.0168,77.1171016,6.445,33.24675,26345.726,0.455145976,myciel7__KERB-direct__s2.json,0.0088,0.0016,6,9,0.6978075916,40,19,5,13,0,83,23386,0,
E2,myciel7,3,KERB-direct,3,191,1888,6,5000,,7.017,8,7,0.0472,3,236,0.0246,103.13071,7.263,53.9357,42649.13,0.572396841,myciel7__KERB-direct__s3.json,0.0086,0.0012,5,8,0.6305350963,44,24,4,20,0,192,26095,0,
E2,myciel7,4,KERB-direct,3,191,1888,6,5000,,7.0644,8,6,0.0428,3,214,0.0232,116.1268808,10.9675,43.8234,37287.933,0.631502501,myciel7__KERB-direct__s4.json,0.0072,0.0018,9,11,0.7093017566,46,27,8,19,0,177,24299,0,
E2,myciel7,0,KERB-kempe,3,191,1888,6,5000,,6.6204,7,7,0.0406,3,203,0.0244,157.4462504,9.3785,56.93005,41910.126,0.850163277,myciel7__KERB-kempe__s0.json,0.0098,0.002,9,12,0.7237510639,50,24,9,15,0,153,28766,0,
E2,myciel7,1,KERB-kempe,3,191,1888,6,5000,,6.9894,8,7,0.047,3,235,0.0272,66.0342092,15.3955,39.273,22811.232,0.377857625,myciel7__KERB-kempe__s1.json,0.0104,0.001,4,8,0.6204299877,39,27,4,22,0,182,17680,0,
E2,myciel7,2,KERB-kempe,3,191,1888,6,5000,,7.1136,8,7,0.0594,3,297,0.0316,175.1246878,7.98,59.10515,57907.717,0.939561247,myciel7__KERB-kempe__s2.json,0.013,0.002,9,9,0.5923810531,51,24,9,15,0,227,31351,0,
E2,myciel7,3,KERB-kempe,3,191,1888,6,5000,,7.017,8,7,0.0472,3,236,0.0246,102.8282614,8.5345,57.73915,31080.133,0.567981737,myciel7__KERB-kempe__s3.json,0.0086,0.0012,5,8,0.6305350963,44,24,4,20,0,192,26095,0,
E2,myciel7,4,KERB-kempe,3,191,1888,6,5000,,7.0644,8,6,0.0428,3,214,0.0232,112.6309108,11.2285,45.15605,25412.835,0.615441561,myciel7__KERB-kempe__s4.json,0.0072,0.0018,9,11,0.7093017566,46,27,8,19,0,177,24299,0,
E2,myciel7,0,KERB-noElim,3,191,1888,6,5000,,6.3144,7,7,0.0392,3,196,0.0194,146.0776814,2.0955,34.9905,29889.29,0.788175012,myciel7__KERB-noElim__s0.json,0.007,0.0018,8,10,0.7450582327,41,11,8,3,0,124,32280,1532,
E2,myciel7,1,KERB-noElim,3,191,1888,6,5000,,6.7534,8,6,0.0564,3,282,0.0288,167.4407636,2.6125,66.47135,29552.818,0.893658994,myciel7__KERB-noElim__s1.json,0.0112,0.002,10,11,0.6266755783,51,18,10,8,0,182,36968,2920,
E2,myciel7,2,KERB-noElim,3,191,1888,6,5000,,7.131,8,7,0.025,3,125,0.0166,96.867248,2.001,22.2235,29787.587,0.529566224,myciel7__KERB-noElim__s2.json,0.011,0.0012,5,7,0.7376753927,32,6,5,1,0,58,27328,633,
E2,myciel7,3,KERB-noElim,3,191,1888,6,5000,,6.8412,7,6,0.0448,3,224,0.0224,126.7777122,2.246,44.32815,36326.165,0.685697451,myciel7__KERB-noElim__s3.json,0.0092,0.001,5,10,0.6498223635,40,16,5,11,0,148,28852,2851,
E2,myciel7,4,KERB-noElim,3,191,1888,6,5000,,6.665,7,7,0.0408,3,204,0.0202,106.564844,2.075,30.26375,26169.63,0.579184737,myciel7__KERB-noElim__s4.json,0.007,0.0014,6,9,0.7653218355,36,12,6,5,0,141,26612,2460,
E2,myciel7,0,KERB-noMig,3,191,1888,6,5000,,6.8624,7,7,0.0082,3,41,0.0068,6.5355012,4.794,8.79245,451.357,0.076857996,myciel7__KERB-noMig__s0.json,0.0064,0.0006,2,5,0.8642574384,0,0,0,0,0,0,0,727,
E2,myciel7,1,KERB-noMig,3,191,1888,6,5000,,7.0378,8,7,0.0076,3,38,0.0066,6.8583378,4.754,8.7786,544.177,0.0794009,myciel7__KERB-noMig__s1.json,0.0064,0.0004,1,4,0.890052356,0,0,0,0,0,0,0,729,
E2,myciel7,2,KERB-noMig,3,191,1888,6,5000,,6.997,8,7,0.0084,3,42,0.007,6.4069572,4.588,7.6505,546.65,0.07682779,myciel7__KERB-noMig__s2.json,0.0066,0.0006,2,4,0.8785838943,0,0,0,0,0,0,0,785,
E2,myciel7,3,KERB-noMig,3,191,1888,6,5000,,6.986,7,7,0.0078,3,39,0.0066,6.2395554,4.67,8.36505,439.418,0.07594937,myciel7__KERB-noMig__s3.json,0.0066,0.0002,0,3,0.8586387435,0,0,0,0,0,0,0,347,
E2,myciel7,4,KERB-noMig,3,191,1888,6,5000,,7.0058,8,8,0.003,2,15,0.0024,6.3686858,4.679,8.5718,908.309,0.076699871,myciel7__KERB-noMig__s4.json,0.0024,0.0004,0,2,0.9396160558,0,0,0,0,0,0,0,587,
E2,myciel7,0,KERB-tabu,3,191,1888,6,5000,,6.4602,7,6,0.047,3,235,0.025,295.7383106,6.329,76.42625,24229.714,1.527155318,myciel7__KERB-tabu__s0.json,0.0106,0.0026,13,9,0.7074969366,51,17,11,6,0,150,77019,5674,
E2,myciel7,1,KERB-tabu,3,191,1888,6,5000,,6.7474,7,7,0.054,3,270,0.0272,301.401227,8.9405,325.95305,27393.043,1.562811279,myciel7__KERB-tabu__s1.json,0.0102,0.0016,7,11,0.6399457049,38,20,6,13,0,182,71259,7617,
E2,myciel7,2,KERB-tabu,3,191,1888,6,5000,,6.8314,8,7,0.066,3,330,0.033,447.021702,7.2515,2283.9856,28696.172,2.292371906,myciel7__KERB-tabu__s2.json,0.0126,0.0024,11,11,0.5884816754,52,17,9,8,0,225,102741,6456,
E2,myciel7,3,KERB-tabu,3,191,1888,6,5000,,6.8518,7,7,0.0352,3,176,0.0184,231.4360298,5.3765,44.2143,30304.954,1.206960754,myciel7__KERB-tabu__s3.json,0.008,0.0012,5,8,0.6779509757,30,11,5,6,0,114,49231,3101,
E2,myciel7,4,KERB-tabu,3,191,1888,6,5000,,6.708,7,7,0.0354,3,177,0.0178,275.4535348,5.733,48.9134,40850.945,1.430407096,myciel7__KERB-tabu__s4.json,0.0074,0.001,4,8,0.7299671666,27,7,4,3,0,105,55511,3382,
E2,myciel7,0,Tabu-WarmStart,,191,1888,6,5000,,6.071,7,7,0.1036,39,518,0.0164,856.3894136,2.118,8.2416,79781.046,4.33339849,myciel7__Tabu-WarmStart__s0.json,0.0154,0.0012,5,13,0.5746022762,,,,,,,,,196349
E2,myciel7,1,Tabu-WarmStart,,191,1888,6,5000,,6.0946,7,6,0.158,49,790,0.0158,972.2288932,2.1915,8.55025,81464.501,4.914086165,myciel7__Tabu-WarmStart__s1.json,0.014,0.0018,9,22,0.5625289946,,,,,,,,,197858
E2,myciel7,2,Tabu-WarmStart,,191,1888,6,5000,,6.3844,7,7,0.1938,57,969,0.018,1141.233306,2.2745,9.614,192051.672,5.782779144,myciel7__Tabu-WarmStart__s2.json,0.0144,0.0038,18,22,0.5537419156,,,,,,,,,188114
E2,myciel7,3,Tabu-WarmStart,,191,1888,6,5000,,6.3562,7,6,0.164,57,820,0.0196,839.4055434,2.218,8.72605,95303.377,4.250415739,myciel7__Tabu-WarmStart__s3.json,0.0168,0.0028,14,15,0.4752905121,,,,,,,,,188322
E2,myciel7,4,Tabu-WarmStart,,191,1888,6,5000,,6.0208,7,6,0.0788,47,394,0.0114,1017.279408,2.16,7.66445,84317.667,5.140699843,myciel7__Tabu-WarmStart__s4.json,0.0104,0.001,5,10,0.653413772,,,,,,,,,198073
E2,queen11_11,0,DSATUR-Recompute,,121,1584,10,5000,500,11.796,13,12,22.894,91,,0.46,1602.681134,1501.977,2438.48055,4781.09,1.622627835,queen11_11__DSATUR-Recompute__s0.json,,,,,,,,,,,,,,
E2,queen11_11,1,DSATUR-Recompute,,121,1584,10,5000,500,11.964,13,12,20.246,93,,0.432,1537.413206,1511.955,1729.35225,2370.586999,1.552391294,queen11_11__DSATUR-Recompute__s1.json,,,,,,,,,,,,,,
E2,queen11_11,2,DSATUR-Recompute,,121,1584,10,5000,500,11.916,13,12,21.42,92,,0.424,1634.350422,1532.3225,2558.1781,3671.511,1.653120698,queen11_11__DSATUR-Recompute__s2.json,,,,,,,,,,,,,,
E2,queen11_11,3,DSATUR-Recompute,,121,1584,9,5000,500,12.05,14,12,20.71,92,,0.422,1742.412614,1582.91,2690.710849,3523.282001,1.749688364,queen11_11__DSATUR-Recompute__s3.json,,,,,,,,,,,,,,
E2,queen11_11,4,DSATUR-Recompute,,121,1584,10,5000,500,11.556,13,11,20.368,93,,0.414,1485.81531,1436.7105,1720.739199,3040.939,1.502018102,queen11_11__DSATUR-Recompute__s4.json,,,,,,,,,,,,,,
E2,queen11_11,0,FF-Repair,,121,1584,10,5000,,15.495,17,17,0.0208,1,104,0.0208,1.7813902,1.508,2.44805,61.913,0.041310584,queen11_11__FF-Repair__s0.json,0.0208,0.0014,0,4,0.6244437381,,,,,,,,,
E2,queen11_11,1,FF-Repair,,121,1584,10,5000,,16.2396,17,17,0.0218,1,109,0.0218,1.8488156,1.526,2.53145,70.297,0.042386847,queen11_11__FF-Repair__s1.json,0.0218,0.0014,0,7,0.6710137236,,,,,,,,,
E2,queen11_11,2,FF-Repair,,121,1584,10,5000,,15.3956,16,16,0.0192,1,96,0.0192,3.2247738,2.738,4.03655,176.244,0.075873185,queen11_11__FF-Repair__s2.json,0.0192,0.0012,0,3,0.5793732782,,,,,,,,,
E2,queen11_11,3,FF-Repair,,121,1584,9,5000,,15.424,16,16,0.0196,1,98,0.0196,1.9094216,1.554,2.7676,75.887,0.042855658,queen11_11__FF-Repair__s3.json,0.0196,0.0014,0,5,0.6181480857,,,,,,,,,
E2,queen11_11,4,FF-Repair,,121,1584,10,5000,,14.6788,15,15,0.0178,1,89,0.0178,1.8938064,1.531,2.9645,163.868,0.042784916,queen11_11__FF-Repair__s4.json,0.0178,0.001,0,4,0.6726715572,,,,,,,,,
E2,queen11_11,0,KERB-R10,10,121,1584,10,5000,,11.2244,12,11,0.3438,10,1719,0.1074,1364.654561,94.8535,5328.2697,36193.038,6.880975089,queen11_11__KERB-R10__s0.json,0.0746,0.0088,43,35,0.1652796408,55,47,32,14,0,375,23982,1240280,
E2,queen11_11,1,KERB-R10,10,121,1584,10,5000,,11.3648,12,12,0.3262,10,1631,0.102,1280.749184,77.203,4868.50215,49298.839,6.457772258,queen11_11__KERB-R10__s1.json,0.073,0.0072,34,25,0.1915470406,67,46,26,19,0,409,34391,1167591,
E2,queen11_11,2,KERB-R10,10,121,1584,10,5000,,11.335,12,12,0.3406,10,1703,0.1062,1272.714208,101.635,4763.7701,34122.052,6.415927755,queen11_11__KERB-R10__s2.json,0.0744,0.0076,36,28,0.2031708749,57,47,27,19,0,434,31018,1224794,
E2,queen11_11,3,KERB-R10,10,121,1584,9,5000,,11.4618,13,11,0.3134,10,1567,0.1034,1214.63647,82.5035,4949.3202,35437.062,6.128261985,queen11_11__KERB-R10__s3.json,0.0792,0.0068,32,23,0.1863011387,52,33,19,14,0,316,28593,1091452,
E2,queen11_11,4,KERB-R10,10,121,1584,10,5000,,11.0194,12,11,0.3046,10,1523,0.1036,1201.740792,78.89,4964.2064,36457.253,6.063223569,queen11_11__KERB-R10__s4.json,0.0776,0.0056,27,26,0.1796476072,51,44,20,23,0,381,16605,1148797,
E2,queen11_11,0,KERB-R1,1,121,1584,10,5000,,13.1688,15,14,0.1324,1,662,0.1324,26.7235214,18.4795,49.62465,2821.186,0.172957166,queen11_11__KERB-R1__s0.json,0.05,0.006,26,14,0.2654365684,53,53,23,30,0,405,834,972,
E2,queen11_11,1,KERB-R1,1,121,1584,10,5000,,13.1104,15,13,0.1448,1,724,0.1448,36.52315,20.421,70.7417,15098.592,0.222739956,queen11_11__KERB-R1__s1.json,0.0548,0.007,32,16,0.279302315,65,65,31,33,0,448,2078,1901,
E2,queen11_11,2,KERB-R1,1,121,1584,10,5000,,13.1368,14,13,0.1334,1,667,0.1334,35.9338642,19.0685,75.8672,8720.731,0.218164167,queen11_11__KERB-R1__s2.json,0.0498,0.0062,28,14,0.3036911296,60,60,28,31,0,415,1883,704,
E2,queen11_11,3,KERB-R1,1,121,1584,9,5000,,13.118,14,13,0.1274,1,637,0.1274,36.9011674,20.8215,72.0623,8434.31,0.226083364,queen11_11__KERB-R1__s3.json,0.0518,0.006,26,12,0.2908779532,56,56,22,33,0,373,1644,742,
E2,queen11_11,4,KERB-R1,1,121,1584,10,5000,,13.073,15,13,0.1204,1,602,0.1204,27.4627194,16.328,59.4347,6490.538,0.179781914,queen11_11__KERB-R1__s4.json,0.0464,0.0056,25,12,0.3212706955,57,57,23,34,0,367,685,781,
E2,queen11_11,0,KERB-R25,25,121,1584,10,5000,,11.1178,13,11,0.383,25,1915,0.1048,1410.268478,111.155,5454.0852,49566.505,7.111284857,queen11_11__KERB-R25__s0.json,0.0768,0.01,49,29,0.1802127614,58,52,35,17,0,492,28310,1242167,
E2,queen11_11,1,KERB-R25,25,121,1584,10,5000,,11.2084,12,11,0.3072,25,1536,0.0916,1235.42126,64.906,4869.85415,49427.396,6.229608736,queen11_11__KERB-R25__s1.json,0.07,0.0084,41,25,0.1798058712,61,38,23,15,0,341,38042,1112684,
E2,queen11_11,2,KERB-R25,25,121,1584,10,5000,,11.2362,12,12,0.3122,24,1561,0.0948,1261.332625,75.471,5004.44905,33276.01,6.361403669,queen11_11__KERB-R25__s2.json,0.0764,0.009,43,25,0.201809605,60,40,24,16,0,263,38742,1137487,
E2,queen11_11,3,KERB-R25,25,121,1584,9,5000,,11.2508,13,12,0.3478,25,1739,0.104,1408.8631,59.6305,5340.9202,46407.779,7.102697468,queen11_11__KERB-R25__s3.json,0.0824,0.0082,38,29,0.1716860169,64,39,26,13,0,389,38197,1223016,
E2,queen11_11,4,KERB-R25,25,121,1584,10,5000,,11.0108,12,11,0.3278,24,1639,0.1038,1415.88276,91.0745,6309.6274,65452.83,7.137999281,queen11_11__KERB-R25__s4.json,0.0782,0.0076,37,27,0.1720964708,53,45,26,18,0,374,20522,1236941,
E2,queen11_11,0,KERB-R2,2,121,1584,10,5000,,12.209,13,12,0.3114,2,1557,0.1962,107.2820352,40.5755,319.7064,22014.38,0.580005365,queen11_11__KERB-R2__s0.json,0.0656,0.0072,34,24,0.1745993832,55,55,32,22,0,877,7125,32299,
E2,queen11_11,1,KERB-R2,2,121,1584,10,5000,,12.3196,14,12,0.2846,2,1423,0.1832,108.1475992,35.4755,308.50805,31137.765,0.591560623,queen11_11__KERB-R2__s1.json,0.066,0.007,33,22,0.1519778375,54,51,32,18,0,779,6820,28783,
E2,queen11_11,2,KERB-R2,2,121,1584,10,5000,,12.2914,14,13,0.2618,2,1309,0.1672,80.9957686,30.8545,272.05395,18912.659,0.448693792,queen11_11__KERB-R2__s2.json,0.06,0.0066,30,20,0.1829672515,49,49,26,23,0,740,3259,33020,
E2,queen11_11,3,KERB-R2,2,121,1584,9,5000,,12.2962,13,12,0.337,2,1685,0.21,156.076967,54.449,403.8099,33762.817,0.834249521,queen11_11__KERB-R2__s3.json,0.0676,0.0068,31,25,0.1889398435,56,53,29,24,0,954,8564,43213,
E2,queen11_11,4,KERB-R2,2,121,1584,10,5000,,11.8964,13,12,0.346,2,1730,0.217,112.047218,39.429,301.06075,27587.828,0.605086064,queen11_11__KERB-R2__s4.json,0.0754,0.008,38,25,0.1610089333,54,51,35,15,0,940,7677,38233,
E2,queen11_11,0,KERB-R3,3,121,1584,10,5000,,11.6774,13,11,0.5672,3,2836,0.251,257.9364912,61.8235,820.1228,33107.911,1.362197585,queen11_11__KERB-R3__s0.json,0.075,0.0088,41,39,0.1335427619,53,50,40,9,0,1331,15782,143271,
E2,queen11_11,1,KERB-R3,3,121,1584,10,5000,,11.8768,13,13,0.3828,3,1914,0.1802,217.3471204,32.7655,728.82895,25791.554,1.15829093,queen11_11__KERB-R3__s1.json,0.0724,0.0054,24,27,0.1634239229,49,38,20,17,0,827,17230,123525,
E2,queen11_11,2,KERB-R3,3,121,1584,10,5000,,11.785,13,12,0.458,3,2290,0.2068,231.2554722,50.4245,725.11295,35019.271,1.2293457,queen11_11__KERB-R3__s2.json,0.0746,0.0062,28,33,0.1554152081,52,44,27,16,0,1022,17815,119142,
E2,queen11_11,3,KERB-R3,3,121,1584,9,5000,,11.8752,13,12,0.4236,3,2118,0.1972,239.4805998,36.993,737.82845,33838.577,1.269188661,queen11_11__KERB-R3__s3.json,0.0714,0.0068,31,31,0.1452563232,57,46,30,15,0,969,18764,127308,
E2,queen11_11,4,KERB-R3,3,121,1584,10,5000,,11.4414,12,11,0.388,3,1940,0.1816,223.1546694,44.939,773.78795,46986.258,1.192387911,queen11_11__KERB-R3__s4.json,0.0718,0.0052,25,27,0.155925705,49,42,25,17,0,854,12488,105942,
E2,queen11_11,0,KERB-R5,5,121,1584,10,5000,,11.2192,13,11,0.625,5,3125,0.1932,823.4450526,62.3475,4150.41305,44236.923,4.169277524,queen11_11__KERB-R5__s0.json,0.0824,0.007,34,46,0.1468932231,64,52,32,19,0,1027,26963,727617,
E2,queen11_11,1,KERB-R5,5,121,1584,10,5000,,11.4174,13,12,0.5534,5,2767,0.1724,690.9812676,45.732,4005.66065,43593.481,3.506135235,queen11_11__KERB-R5__s1.json,0.0836,0.0074,35,41,0.1354929855,66,43,28,15,0,844,35681,537292,
E2,queen11_11,2,KERB-R5,5,121,1584,10,5000,,11.3878,13,12,0.6248,5,3124,0.1898,826.2447658,76.5625,4146.7299,33049.656,4.192676979,queen11_11__KERB-R5__s2.json,0.0764,0.0076,36,43,0.1404588311,56,41,31,9,0,981,29538,702416,
E2,queen11_11,3,KERB-R5,5,121,1584,9,5000,,11.3898,12,11,0.623,5,3115,0.189,698.846148,51.193,3896.49755,38046.286,3.544747772,queen11_11__KERB-R5__s3.json,0.083,0.006,28,39,0.1429712269,63,43,26,17,0,1016,35230,554762,
E2,queen11_11,4,KERB-R5,5,121,1584,10,5000,,10.9546,12,11,0.502,5,2510,0.1672,950.1193114,48.3745,4160.9565,58092.956,4.804856545,queen11_11__KERB-R5__s4.json,0.0782,0.0086,42,35,0.1597576636,78,52,41,11,0,827,34731,781490,
E2,queen11_11,0,KERB-direct,3,121,1584,10,5000,,13.0692,14,12,0.146,3,730,0.0976,31.4044044,19.2705,62.1689,8616.8,0.197341693,queen11_11__KERB-direct__s0.json,0.0566,0.0062,29,17,0.3091135515,61,61,29,31,0,427,1277,0,
E2,queen11_11,1,KERB-direct,3,121,1584,10,5000,,13.4522,15,14,0.1366,3,683,0.0916,33.774111,19.4165,64.98405,3063.414,0.209654831,queen11_11__KERB-direct__s1.json,0.0518,0.0064,28,14,0.2816209479,59,59,27,32,0,404,1249,0,
E2,queen11_11,2,KERB-direct,3,121,1584,10,5000,,13.405,15,13,0.138,3,690,0.0922,28.2581606,19.2135,54.0879,2002.404,0.180849117,queen11_11__KERB-direct__s2.json,0.0546,0.0062,28,13,0.2669780812,59,59,28,30,0,405,855,0,
E2,queen11_11,3,KERB-direct,3,121,1584,9,5000,,13.359,15,14,0.1514,3,757,0.1032,37.536976,19.5955,72.7535,6163.536,0.244627278,queen11_11__KERB-direct__s3.json,0.0612,0.0074,32,17,0.2771488149,62,62,30,31,0,440,1327,0,
E2,queen11_11,4,KERB-direct,3,121,1584,10,5000,,12.8586,14,13,0.1316,3,658,0.0886,33.9141172,22.515,69.85715,5391.691,0.208899967,queen11_11__KERB-direct__s4.json,0.0514,0.0062,28,13,0.2889798789,54,54,22,30,1,374,1196,0,
E2,queen11_11,0,KERB-kempe,3,121,1584,10,5000,,12.778,14,13,0.1538,3,769,0.0948,40.2594044,20.582,86.8156,18274.674,0.241006659,queen11_11__KERB-kempe__s0.json,0.0528,0.0052,23,14,0.2428397941,54,54,23,30,0,461,2538,0,
E2,queen11_11,1,KERB-kempe,3,121,1584,10,5000,,12.7672,14,13,0.1498,3,749,0.095,39.3314248,26.676,80.1198,3011.522,0.237916099,queen11_11__KERB-kempe__s1.json,0.055,0.006,27,17,0.2626532346,51,51,23,28,0,415,1499,0,
E2,queen11_11,2,KERB-kempe,3,121,1584,10,5000,,13.1186,14,13,0.1328,3,664,0.0856,50.0951406,25.1665,144.13635,19450.962,0.297062489,queen11_11__KERB-kempe__s2.json,0.0524,0.005,22,15,0.2820621328,51,51,21,29,0,360,1910,0,
E2,queen11_11,3,KERB-kempe,3,121,1584,9,5000,,12.8972,14,13,0.1544,3,772,0.096,33.25662,22.0625,60.15385,2909.964,0.207967731,queen11_11__KERB-kempe__s3.json,0.0534,0.0048,20,13,0.2477840106,55,55,20,34,0,449,1386,0,
E2,queen11_11,4,KERB-kempe,3,121,1584,10,5000,,12.6238,14,13,0.1494,3,747,0.0978,39.8061396,24.656,86.8758,5908.656,0.23811207,queen11_11__KERB-kempe__s4.json,0.0558,0.0052,23,15,0.2764778121,55,55,23,31,0,423,1804,0,
E2,queen11_11,0,KERB-noElim,3,121,1584,10,5000,,11.7638,13,12,0.4384,3,2192,0.1962,182.977704,35.959,603.7873,37900.073,0.95862808,queen11_11__KERB-noElim__s0.json,0.0672,0.006,28,30,0.147757435,53,48,28,19,0,1045,15067,95964,
E2,queen11_11,1,KERB-noElim,3,121,1584,10,5000,,12.0864,13,12,0.4258,3,2129,0.1952,132.0589248,30.306,472.0418,21660.338,0.704024898,queen11_11__KERB-noElim__s1.json,0.0732,0.004,18,32,0.1534573714,35,34,18,15,0,940,7165,80011,
E2,queen11_11,2,KERB-noElim,3,121,1584,10,5000,,12.0206,13,12,0.402,3,2010,0.1868,170.9148634,23.565,576.4272,35522.982,0.900190141,queen11_11__KERB-noElim__s2.json,0.0734,0.006,27,29,0.1507339336,55,48,28,20,0,961,13888,78223,
E2,queen11_11,3,KERB-noElim,3,121,1584,9,5000,,12.1574,13,12,0.3946,3,1973,0.1852,148.2837738,21.2565,561.27085,30914.755,0.78497344,queen11_11__KERB-noElim__s3.json,0.0746,0.0056,25,28,0.164836868,50,45,25,19,0,898,10402,87405,
E2,queen11_11,4,KERB-noElim,3,121,1584,10,5000,,11.4808,13,12,0.457,3,2285,0.2146,187.9368726,38.1705,588.5103,41461.787,0.984668392,queen11_11__KERB-noElim__s4.json,0.0762,0.0066,31,35,0.1483480116,54,47,31,16,0,1141,12872,96275,
E2,queen11_11,0,KERB-noMig,3,121,1584,10,5000,,12.6326,13,13,0.0508,3,254,0.0346,11.4498694,5.889,12.53405,2039.048,0.091305435,queen11_11__KERB-noMig__s0.json,0.0346,0.0006,0,10,0.4153705993,0,0,0,0,0,0,0,5462,
E2,queen11_11,1,KERB-noMig,3,121,1584,10,5000,,12.7514,13,13,0.0506,3,253,0.0342,12.6716994,5.8865,18.5904,1709.381,0.097799191,queen11_11__KERB-noMig__s1.json,0.0338,0.001,2,9,0.4524221736,0,0,0,0,0,0,0,6966,
E2,queen11_11,2,KERB-noMig,3,121,1584,10,5000,,12.73,13,13,0.057,3,285,0.0384,11.5609198,5.964,18.66715,1832.68,0.092712316,queen11_11__KERB-noMig__s2.json,0.0384,0.0006,0,8,0.4254023488,0,0,0,0,0,0,0,5382,
E2,queen11_11,3,KERB-noMig,3,121,1584,9,5000,,12.5492,13,13,0.074,3,370,0.0458,16.6980122,6.051,21.39065,1865.206,0.12100836,queen11_11__KERB-noMig__s3.json,0.0454,0.0012,2,8,0.3580522671,0,0,0,0,0,0,0,9945,
E2,queen11_11,4,KERB-noMig,3,121,1584,10,5000,,12.9014,13,13,0.049,3,245,0.0362,12.6662192,5.914,19.373,1817.122,0.09893036,queen11_11__KERB-noMig__s4.json,0.0362,0.0006,0,7,0.426918536,0,0,0,0,0,0,0,6407,
E2,queen11_11,0,KERB-tabu,3,121,1584,10,5000,,11.724,14,12,0.4836,3,2418,0.2216,587.6099086,49.784,4654.2365,23273.923,2.988916625,queen11_11__KERB-tabu__s0.json,0.0794,0.0066,31,34,0.139128711,50,48,30,17,0,1099,139412,125768,
E2,queen11_11,1,KERB-tabu,3,121,1584,10,5000,,11.7352,13,12,0.4328,3,2164,0.2006,814.505543,36.61,5384.73995,34142.33,4.123044632,queen11_11__KERB-tabu__s1.json,0.079,0.0082,39,28,0.1379905593,73,51,34,16,0,957,192636,120331,
E2,queen11_11,2,KERB-tabu,3,121,1584,10,5000,,12.0314,13,13,0.3782,3,1891,0.1736,692.364727,56.349,4743.6579,45919.356,3.511879613,queen11_11__KERB-tabu__s2.json,0.0736,0.0054,23,31,0.1752538121,43,34,24,10,0,732,168761,116975,
E2,queen11_11,3,KERB-tabu,3,121,1584,9,5000,,11.8452,13,12,0.514,3,2570,0.2338,989.8564028,55.0955,5906.56315,48441.951,5.003766255,queen11_11__KERB-tabu__s3.json,0.08,0.0092,43,37,0.1547480464,68,54,41,13,0,1223,226091,141822,
E2,queen11_11,4,KERB-tabu,3,121,1584,10,5000,,11.3578,12,11,0.4698,3,2349,0.22,762.3211396,41.9505,5410.49885,33115.23,3.863854372,queen11_11__KERB-tabu__s4.json,0.0764,0.0074,36,34,0.1384939609,63,57,36,20,0,1180,174977,126830,
E2,queen11_11,0,Tabu-WarmStart,,121,1584,10,5000,,10.1368,11,10,1.5214,86,7607,0.0988,1200.265229,2.124,1063.33355,109550.601,6.0497549,queen11_11__Tabu-WarmStart__s0.json,0.0944,0.0056,28,83,0.08254902238,,,,,,,,,196808
E2,queen11_11,1,Tabu-WarmStart,,121,1584,10,5000,,10.4036,11,10,1.5148,98,7574,0.106,1062.538123,2.3015,828.65125,103500.196,5.363683593,queen11_11__Tabu-WarmStart__s1.json,0.098,0.009,45,83,0.08219070461,,,,,,,,,184809
E2,queen11_11,2,Tabu-WarmStart,,121,1584,10,5000,,10.3696,11,10,1.5978,109,7989,0.1062,1031.483043,2.1365,1064.25255,128274.346,5.204629142,queen11_11__Tabu-WarmStart__s2.json,0.0964,0.0102,51,92,0.07895360253,,,,,,,,,182275
E2,queen11_11,3,Tabu-WarmStart,,121,1584,9,5000,,10.4008,11,11,1.477,103,7385,0.1014,1129.219076,2.202,719.36195,135226.862,5.69745005,queen11_11__Tabu-WarmStart__s3.json,0.0934,0.009,43,81,0.06623432578,,,,,,,,,189216
E2,queen11_11,4,Tabu-WarmStart,,121,1584,10,5000,,10.033,11,10,1.2896,96,6448,0.0996,1146.717569,2.121,596.0041,94846.499,5.780184094,queen11_11__Tabu-WarmStart__s4.json,0.098,0.0018,9,75,0.09009392367,,,,,,,,,214215
E2,school1,0,DSATUR-Recompute,,385,15276,14,5000,500,25.798,30,27,14.404,272,,0.13,19525.96699,18761.0915,24904.4974,45424.291,21.9412479,school1__DSATUR-Recompute__s0.json,,,,,,,,,,,,,,
E2,school1,1,DSATUR-Recompute,,385,15276,14,5000,500,26.662,30,29,13.278,289,,0.134,20604.55567,19006.8495,32392.16445,45747.12,23.07070502,school1__DSATUR-Recompute__s1.json,,,,,,,,,,,,,,
E2,school1,2,DSATUR-Recompute,,385,15276,14,5000,500,26.456,30,27,19.358,285,,0.15,19729.84658,18600.758,27691.27835,34733.295,22.10183084,school1__DSATUR-Recompute__s2.json,,,,,,,,,,,,,,
E2,school1,3,DSATUR-Recompute,,385,15276,14,5000,500,26.814,30,28,16.716,303,,0.132,20001.83462,18952.55,28334.37575,57794.384,22.42151649,school1__DSATUR-Recompute__s3.json,,,,,,,,,,,,,,
E2,school1,4,DSATUR-Recompute,,385,15276,14,5000,500,26.136,29,24,16.202,291,,0.126,20811.49557,19502.3405,29468.73225,60629.978,23.32783188,school1__DSATUR-Recompute__s4.json,,,,,,,,,,,,,,
E2,school1,0,FF-Repair,,385,15276,14,5000,,14.6636,15,15,0.0012,1,6,0.0012,2.0565198,1.76,3.28205,51.221,0.109993343,school1__FF-Repair__s0.json,0.0012,0.0002,0,1,0.9844155844,,,,,,,,,
E2,school1,1,FF-Repair,,385,15276,14,5000,,14,14,14,0.0016,1,8,0.0016,2.2760834,1.861,3.94805,59.369,0.119375932,school1__FF-Repair__s1.json,0.0016,0,0,2,0.9837662338,,,,,,,,,
E2,school1,2,FF-Repair,,385,15276,14,5000,,14.6356,15,15,0.0026,1,13,0.0026,2.10963,1.8,3.1355,46.299,0.108988901,school1__FF-Repair__s2.json,0.0026,0.0002,0,2,0.971028971,,,,,,,,,
E2,school1,3,FF-Repair,,385,15276,14,5000,,14.4788,15,15,0.0028,1,14,0.0028,2.5828678,1.987,4.4371,57.028,0.129181232,school1__FF-Repair__s3.json,0.0028,0.0002,0,2,0.972541744,,,,,,,,,
E2,school1,4,FF-Repair,,385,15276,14,5000,,14,14,14,0.0012,1,6,0.0012,2.3354132,1.8975,3.9943,65.952,0.115323983,school1__FF-Repair__s4.json,0.0012,0,0,2,0.9887445887,,,,,,,,,
E2,school1,0,KERB-R10,10,385,15276,14,5000,,14,14,14,0.0014,2,7,0.0012,527.2552188,8.233,15.0265,345168.341,2.741777511,school1__KERB-R10__s0.json,0.0012,0,0,1,0.9818181818,10,0,0,0,0,0,10000,2,
E2,school1,1,KERB-R10,10,385,15276,14,5000,,14,14,14,0.0014,1,7,0.0014,499.4248696,8.5015,15.94345,279806.172,2.61201764,school1__KERB-R10__s1.json,0.0014,0,0,1,0.9818181818,10,0,0,0,0,0,10000,0,
E2,school1,2,KERB-R10,10,385,15276,14,5000,,14,14,14,0.0028,2,14,0.0026,507.2323712,8.209,14.78915,276836.919,2.642185735,school1__KERB-R10__s2.json,0.0026,0,0,1,0.9636363636,10,0,0,0,0,0,10000,11,
E2,school1,3,KERB-R10,10,385,15276,14,5000,,14,14,14,0.0032,2,16,0.003,502.0391478,8.577,16.64055,285675.11,2.626083969,school1__KERB-R10__s3.json,0.003,0,0,2,0.9711038961,10,0,0,0,0,0,10000,14,
E2,school1,4,KERB-R10,10,385,15276,14,5000,,14,14,14,0.0012,1,6,0.0012,509.5521146,8.6855,16.82275,293381.076,2.660561853,school1__KERB-R10__s4.json,0.0012,0,0,2,0.9887445887,10,0,0,0,0,0,10000,0,
E2,school1,0,KERB-R1,1,385,15276,14,5000,,14.1438,15,14,0.0016,1,8,0.0016,646.6564278,8.3265,15.27015,278047.615,3.346321074,school1__KERB-R1__s0.json,0.0012,0.0002,1,2,0.9837662338,14,1,1,0,0,2,13001,338,
E2,school1,1,KERB-R1,1,385,15276,14,5000,,14,14,14,0.0014,1,7,0.0014,558.2294892,8.5225,16.43795,326865.057,2.9019993,school1__KERB-R1__s1.json,0.0014,0,0,1,0.9818181818,10,0,0,0,0,0,10000,0,
E2,school1,2,KERB-R1,1,385,15276,14,5000,,14.1158,15,14,0.003,1,15,0.003,704.28943,8.231,16.1622,312024.414,3.626979609,school1__KERB-R1__s2.json,0.0026,0.0002,1,2,0.9658874459,14,1,1,0,0,2,13002,198,
E2,school1,3,KERB-R1,1,385,15276,14,5000,,14.119,15,14,0.0034,1,17,0.0034,700.5769672,8.626,16.71145,376670.778,3.612690334,school1__KERB-R1__s3.json,0.003,0.0002,1,2,0.9717341482,14,1,1,0,0,2,13004,176,
E2,school1,4,KERB-R1,1,385,15276,14,5000,,14,14,14,0.0012,1,6,0.0012,493.2473922,8.356,13.32245,303863.188,2.566107931,school1__KERB-R1__s4.json,0.0012,0,0,2,0.9887445887,10,0,0,0,0,0,10000,0,
E2,school1,0,KERB-R25,25,385,15276,14,5000,,14,14,14,0.0014,2,7,0.0012,1489.823542,12.249,14722.2711,287311.853,7.565693798,school1__KERB-R25__s0.json,0.0012,0,0,1,0.9818181818,10,0,0,0,0,0,10000,287002,
E2,school1,1,KERB-R25,25,385,15276,14,5000,,14,14,14,0.0014,1,7,0.0014,1043.207907,12.136,41.18735,302471.814,5.330982129,school1__KERB-R25__s1.json,0.0014,0,0,1,0.9818181818,10,0,0,0,0,0,10000,160000,
E2,school1,2,KERB-R25,25,385,15276,14,5000,,14,14,14,0.0028,2,14,0.0026,1510.876555,11.7865,15899.15865,261579.186,7.676137349,school1__KERB-R25__s2.json,0.0026,0,0,1,0.9636363636,10,0,0,0,0,0,10000,287011,
E2,school1,3,KERB-R25,25,385,15276,14,5000,,14,14,14,0.0032,2,16,0.003,1203.41283,12.0065,50.7047,325243.958,6.133864518,school1__KERB-R25__s3.json,0.003,0,0,2,0.9711038961,10,0,0,0,0,0,10000,194014,
E2,school1,4,KERB-R25,25,385,15276,14,5000,,14,14,14,0.0012,1,6,0.0012,995.3581756,11.612,38.89675,242372.163,5.084483358,school1__KERB-R25__s4.json,0.0012,0,0,2,0.9887445887,10,0,0,0,0,0,10000,160000,
E2,school1,0,KERB-R2,2,385,15276,14,5000,,14,14,14,0.0014,2,7,0.0012,509.9467596,8.17,14.53055,291271.67,2.652806332,school1__KERB-R2__s0.json,0.0012,0,0,1,0.9818181818,10,0,0,0,0,0,10000,2,
E2,school1,1,KERB-R2,2,385,15276,14,5000,,14,14,14,0.0014,1,7,0.0014,524.4156006,8.408,14.74505,336933.057,2.730835057,school1__KERB-R2__s1.json,0.0014,0,0,1,0.9818181818,10,0,0,0,0,0,10000,0,
E2,school1,2,KERB-R2,2,385,15276,14,5000,,14,14,14,0.0028,2,14,0.0026,518.0067296,8.2735,14.38715,325541.939,2.696365403,school1__KERB-R2__s2.json,0.0026,0,0,1,0.9636363636,10,0,0,0,0,0,10000,11,
E2,school1,3,KERB-R2,2,385,15276,14,5000,,14,14,14,0.0032,2,16,0.003,523.9598558,8.4905,15.20775,288308.161,2.732159692,school1__KERB-R2__s3.json,0.003,0,0,2,0.9711038961,10,0,0,0,0,0,10000,14,
E2,school1,4,KERB-R2,2,385,15276,14,5000,,14,14,14,0.0012,1,6,0.0012,497.91575,8.5545,14.56455,308602.966,2.596075585,school1__KERB-R2__s4.json,0.0012,0,0,2,0.9887445887,10,0,0,0,0,0,10000,0,
E2,school1,0,KERB-R3,3,385,15276,14,5000,,14,14,14,0.0014,2,7,0.0012,508.8675852,8.203,14.6798,292065.674,3.104879988,school1__KERB-R3__s0.json,0.0012,0,0,1,0.9818181818,10,0,0,0,0,0,10000,2,
E2,school1,1,KERB-R3,3,385,15276,14,5000,,14,14,14,0.0014,1,7,0.0014,504.0940982,8.369,13.71645,302637.702,3.062139696,school1__KERB-R3__s1.json,0.0014,0,0,1,0.9818181818,10,0,0,0,0,0,10000,0,
E2,school1,2,KERB-R3,3,385,15276,14,5000,,14,14,14,0.0028,2,14,0.0026,540.5378848,8.4085,16.484,319241.372,3.263865352,school1__KERB-R3__s2.json,0.0026,0,0,1,0.9636363636,10,0,0,0,0,0,10000,11,
E2,school1,3,KERB-R3,3,385,15276,14,5000,,14,14,14,0.0032,2,16,0.003,478.4177266,8.1885,15.0337,261968.669,2.929332541,school1__KERB-R3__s3.json,0.003,0,0,2,0.9711038961,10,0,0,0,0,0,10000,14,
E2,school1,4,KERB-R3,3,385,15276,14,5000,,14,14,14,0.0012,1,6,0.0012,563.0596506,8.782,18.223,382467.739,3.399191687,school1__KERB-R3__s4.json,0.0012,0,0,2,0.9887445887,10,0,0,0,0,0,10000,0,
E2,school1,0,KERB-R5,5,385,15276,14,5000,,14,14,14,0.0014,2,7,0.0012,501.7814448,8.2095,14.14405,275385.521,2.609798666,school1__KERB-R5__s0.json,0.0012,0,0,1,0.9818181818,10,0,0,0,0,0,10000,2,
E2,school1,1,KERB-R5,5,385,15276,14,5000,,14,14,14,0.0014,1,7,0.0014,503.3512942,8.3605,13.72525,333004.208,2.622551051,school1__KERB-R5__s1.json,0.0014,0,0,1,0.9818181818,10,0,0,0,0,0,10000,0,
E2,school1,2,KERB-R5,5,385,15276,14,5000,,14,14,14,0.0028,2,14,0.0026,521.0206986,8.352,15.70115,269228.384,2.716100397,school1__KERB-R5__s2.json,0.0026,0,0,1,0.9636363636,10,0,0,0,0,0,10000,11,
E2,school1,3,KERB-R5,5,385,15276,14,5000,,14,14,14,0.0032,2,16,0.003,468.801547,8.217,13.7923,252440.768,2.445319537,school1__KERB-R5__s3.json,0.003,0,0,2,0.9711038961,10,0,0,0,0,0,10000,14,
E2,school1,4,KERB-R5,5,385,15276,14,5000,,14,14,14,0.0012,1,6,0.0012,510.4171802,8.627,16.8433,293189.444,2.666075287,school1__KERB-R5__s4.json,0.0012,0,0,2,0.9887445887,10,0,0,0,0,0,10000,0,
E2,school1,0,KERB-direct,3,385,15276,14,5000,,14.1438,15,14,0.0016,1,8,0.0016,662.2461312,8.614,17.033,306875.714,3.424616915,school1__KERB-direct__s0.json,0.0012,0.0002,1,2,0.9837662338,14,1,1,0,0,2,13001,0,
E2,school1,1,KERB-direct,3,385,15276,14,5000,,14,14,14,0.0014,1,7,0.0014,478.2401834,8.476,13.7273,256315.375,2.495305777,school1__KERB-direct__s1.json,0.0014,0,0,1,0.9818181818,10,0,0,0,0,0,10000,0,
E2,school1,2,KERB-direct,3,385,15276,14,5000,,14.1158,15,14,0.003,1,15,0.003,708.305174,8.467,15.64645,328461.394,3.650127012,school1__KERB-direct__s2.json,0.0026,0.0002,1,2,0.9658874459,14,1,1,0,0,2,13002,0,
E2,school1,3,KERB-direct,3,385,15276,14,5000,,14.119,15,14,0.0034,1,17,0.0034,601.4937578,8.462,14.5401,237943.033,3.110552255,school1__KERB-direct__s3.json,0.003,0.0002,1,2,0.9717341482,14,1,1,0,0,2,13004,0,
E2,school1,4,KERB-direct,3,385,15276,14,5000,,14,14,14,0.0012,1,6,0.0012,543.9156868,8.723,17.14045,347615.819,2.836585261,school1__KERB-direct__s4.json,0.0012,0,0,2,0.9887445887,10,0,0,0,0,0,10000,0,
E2,school1,0,KERB-kempe,3,385,15276,14,5000,,14,14,14,0.0014,2,7,0.0012,529.847911,8.226,14.7843,313644.11,2.757591327,school1__KERB-kempe__s0.json,0.0012,0,0,1,0.9818181818,10,0,0,0,0,0,10000,0,
E2,school1,1,KERB-kempe,3,385,15276,14,5000,,14,14,14,0.0014,1,7,0.0014,554.4999022,8.657,18.53945,352500.952,2.901111094,school1__KERB-kempe__s1.json,0.0014,0,0,1,0.9818181818,10,0,0,0,0,0,10000,0,
E2,school1,2,KERB-kempe,3,385,15276,14,5000,,14,14,14,0.0028,2,14,0.0026,523.546604,8.393,14.83095,283351.377,2.730504427,school1__KERB-kempe__s2.json,0.0026,0,0,1,0.9636363636,10,0,0,0,0,0,10000,0,
E2,school1,3,KERB-kempe,3,385,15276,14,5000,,14,14,14,0.0034,3,17,0.003,471.276051,8.504,17.28945,241333.002,2.468376285,school1__KERB-kempe__s3.json,0.003,0,0,2,0.9717341482,10,0,0,0,0,0,10000,0,
E2,school1,4,KERB-kempe,3,385,15276,14,5000,,14,14,14,0.0012,1,6,0.0012,498.269114,8.578,16.7103,261372.015,2.602731837,school1__KERB-kempe__s4.json,0.0012,0,0,2,0.9887445887,10,0,0,0,0,0,10000,0,
E2,school1,0,KERB-noElim,3,385,15276,14,5000,,14,14,14,0.0014,2,7,0.0012,555.616858,2.483,5.941,358872.491,2.89763366,school1__KERB-noElim__s0.json,0.0012,0,0,1,0.9818181818,10,0,0,0,0,0,10000,2,
E2,school1,1,KERB-noElim,3,385,15276,14,5000,,14,14,14,0.0014,1,7,0.0014,483.8306794,2.296,4.4694,264175.406,2.521521928,school1__KERB-noElim__s1.json,0.0014,0,0,1,0.9818181818,10,0,0,0,0,0,10000,0,
E2,school1,2,KERB-noElim,3,385,15276,14,5000,,14,14,14,0.0028,2,14,0.0026,532.463368,2.478,5.51915,316663.237,2.778177619,school1__KERB-noElim__s2.json,0.0026,0,0,1,0.9636363636,10,0,0,0,0,0,10000,11,
E2,school1,3,KERB-noElim,3,385,15276,14,5000,,14,14,14,0.0032,2,16,0.003,487.417399,2.484,5.518,271589.777,2.548106614,school1__KERB-noElim__s3.json,0.003,0,0,2,0.9711038961,10,0,0,0,0,0,10000,14,
E2,school1,4,KERB-noElim,3,385,15276,14,5000,,14,14,14,0.0012,1,6,0.0012,516.5415606,2.6695,5.558,284682.781,2.702955695,school1__KERB-noElim__s4.json,0.0012,0,0,2,0.9887445887,10,0,0,0,0,0,10000,0,
E2,school1,0,KERB-noMig,3,385,15276,14,5000,,14,14,14,0.0014,2,7,0.0012,9.5953792,8.153,15.73805,210.848,0.155198028,school1__KERB-noMig__s0.json,0.0012,0,0,1,0.9818181818,0,0,0,0,0,0,0,2,
E2,school1,1,KERB-noMig,3,385,15276,14,5000,,14,14,14,0.0014,1,7,0.0014,10.0470614,8.359,15.8462,490.031,0.158937006,school1__KERB-noMig__s1.json,0.0014,0,0,1,0.9818181818,0,0,0,0,0,0,0,0,
E2,school1,2,KERB-noMig,3,385,15276,14,5000,,14,14,14,0.0028,2,14,0.0026,9.0305488,8.118,13.72765,307.237,0.146537623,school1__KERB-noMig__s2.json,0.0026,0,0,1,0.9636363636,0,0,0,0,0,0,0,11,
E2,school1,3,KERB-noMig,3,385,15276,14,5000,,14,14,14,0.0032,2,16,0.003,10.3751744,8.162,16.72305,279.96,0.165651805,school1__KERB-noMig__s3.json,0.003,0,0,2,0.9711038961,0,0,0,0,0,0,0,14,
E2,school1,4,KERB-noMig,3,385,15276,14,5000,,14,14,14,0.0012,1,6,0.0012,9.6303522,8.2245,14.44515,1644.868,0.153080413,school1__KERB-noMig__s4.json,0.0012,0,0,2,0.9887445887,0,0,0,0,0,0,0,0,
E2,school1,0,KERB-tabu,3,385,15276,14,5000,,14,14,14,0.0014,2,7,0.0012,544.4028158,8.2425,16.07815,344504.291,2.832544233,school1__KERB-tabu__s0.json,0.0012,0,0,1,0.9818181818,10,0,0,0,0,0,10000,2,
E2,school1,1,KERB-tabu,3,385,15276,14,5000,,14,14,14,0.0014,1,7,0.0014,513.2094724,8.447,17.32945,332477.44,2.67963629,school1__KERB-tabu__s1.json,0.0014,0,0,1,0.9818181818,10,0,0,0,0,0,10000,0,
E2,school1,2,KERB-tabu,3,385,15276,14,5000,,14,14,14,0.0028,2,14,0.0026,509.7096148,8.2485,15.26215,279829.301,2.659792269,school1__KERB-tabu__s2.json,0.0026,0,0,1,0.9636363636,10,0,0,0,0,0,10000,11,
E2,school1,3,KERB-tabu,3,385,15276,14,5000,,14,14,14,0.0032,2,16,0.003,501.4208188,8.7085,17.72415,292470.537,2.63348575,school1__KERB-tabu__s3.json,0.003,0,0,2,0.9711038961,10,0,0,0,0,0,10000,14,
E2,school1,4,KERB-tabu,3,385,15276,14,5000,,14,14,14,0.0012,1,6,0.0012,487.5083076,8.44,14.42395,265047.195,2.549396838,school1__KERB-tabu__s4.json,0.0012,0,0,2,0.9887445887,10,0,0,0,0,0,10000,0,
E2,school1,0,Tabu-WarmStart,,385,15276,14,5000,,14,14,14,0.0016,2,8,0.0014,10579.56465,2.704,8.0654,722746.103,53.01578041,school1__Tabu-WarmStart__s0.json,0.0014,0,0,2,0.9837662338,,,,,,,,,200011
E2,school1,1,Tabu-WarmStart,,385,15276,14,5000,,14,14,14,0.0014,1,7,0.0014,9807.928513,2.6455,8.5694,599305.235,49.1598068,school1__Tabu-WarmStart__s1.json,0.0014,0,0,1,0.9818181818,,,,,,,,,200007
E2,school1,2,Tabu-WarmStart,,385,15276,14,5000,,14,14,14,0.0028,2,14,0.0026,10499.22705,2.6025,7.78025,647968.333,52.61030143,school1__Tabu-WarmStart__s2.json,0.0026,0,0,2,0.9684601113,,,,,,,,,200014
E2,school1,3,Tabu-WarmStart,,385,15276,14,5000,,14,14,14,0.0028,2,14,0.0026,10080.91094,2.651,7.73645,728901.065,50.52584213,school1__Tabu-WarmStart__s3.json,0.0026,0,0,2,0.9684601113,,,,,,,,,200014
E2,school1,4,Tabu-WarmStart,,385,15276,14,5000,,14,14,14,0.001,1,5,0.001,10138.06226,2.602,7.63455,610801.588,50.81060562,school1__Tabu-WarmStart__s4.json,0.001,0,0,1,0.987012987,,,,,,,,,200005
