workload,algorithm,instance,seed,n,updates,calls_repair,calls_empty_class,updates_with_waste,waste_s,total_s,waste_share,mean_us,median_us,p95_us,mean_us_without_waste,median_us_without_waste,p95_us_without_waste,mean_waste_per_call_us,wall_s,differences
E5 real,KERB-R3,sx-superuser,0,194085,1536008,0,19817,19763,16.462914279,111.72346906562495,0.14735412726335853,72.7362546716065,5.091000080108643,37.558998107910156,62.01826734406654,5.091000080108643,37.558998107910156,830.7470494524903,226.40906223699858,
E5 real,KERB-R3,digg-friends,0,279374,3167915,0,39209,39156,43.703120639,640.7595199672215,0.0682051835004116,202.26537642809907,5.795000076293945,64.0702995300291,188.46982931304078,5.795000076293945,64.02400207519531,1114.6196189395291,977.7280312119983,
E5 RGG,KERB-R3,rgg_1000000,0,1000000,20000,0,0,0,0.0,2.4699021925358773,0.0,123.49510962679386,7.23199987411499,31.878050231933592,123.49510962679386,7.23199987411499,31.878050231933592,0.0,87.87216618099774,
E5 RGG,KERB-R3,rgg_100000,0,100000,20000,0,273,273,0.056359542,0.5652622635688782,0.09970512031736309,28.26311317844391,6.931000232696533,25.079600429534903,25.44513607844391,6.931000232696533,25.079600429534903,206.44520879120878,5.885893491999013,
E5 RGG,KERB-R3,rgg_10000,0,10000,20000,0,171,171,0.005079610000000001,2.1108676818623544,0.0024064085322100413,105.54338409311771,5.179999828338623,19.75745000839233,105.2894035931177,5.179999828338623,19.75745000839233,29.705321637426906,2.5617652799992356,
E5 RGG,KERB-R3,rgg_1000,0,1000,20000,0,313,313,0.004191198,2.930788565285921,0.0014300581248484286,146.53942826429605,4.117000102996826,20.205749893188464,146.32986836429606,4.117000102996826,20.205749893188464,13.390408945686902,3.0435009600041667,
E3,KERB-R1,primary-school,0,242,35654,0,0,0,0.0,1.998245698350191,0.0,56.04548433135668,15.170499801635742,63.76515083312984,56.04548433135668,15.170499801635742,63.76515083312984,0.0,2.767885575987748,
E3,KERB-R2,primary-school,0,242,35654,0,1596,1548,0.025032703,3.9942665038518905,0.006267158932900344,112.02856632781429,8.1875,177.52775268554686,111.32646549761292,8.1875,167.7773474121092,15.684651002506266,4.689540931998636,
E3,KERB-R3,primary-school,0,242,35654,1,2044,1998,0.040244451,6.0455470930264,0.006656874949567821,169.5615384816963,6.579499959945679,453.5540054321281,168.43278852376733,6.579499959945679,440.74575120849585,19.679438141809293,6.7654329530050745,
E3,KERB-R5,primary-school,0,242,35654,87,2055,1984,0.052454373,10.922209121016264,0.004802542454444358,306.33895554541607,6.126999855041504,1584.993463134765,304.86774970595906,6.126999855041504,1562.518604394531,24.488502801120447,11.63790627400158,
E3,KERB-R10,primary-school,0,242,35654,96,3091,2947,0.12027436600000001,16.095542555793287,0.007472526358343201,451.4372175854963,7.514999866485596,3856.3229736328117,448.06384107795157,7.514999866485596,3817.0020337890624,37.73905428302479,16.812282605998917,
E3,KERB-R1,primary-school,1,242,35654,0,0,0,0.0,2.0096462463731766,0.0,56.365239422594286,15.324999809265137,51.615550231933575,56.365239422594286,15.324999809265137,51.615550231933575,0.0,2.7450980409921613,
E3,KERB-R2,primary-school,1,242,35654,0,1286,1265,0.021357732,4.118175718243599,0.005186211920337646,115.50389067828571,7.705000162124634,173.98005065917968,114.9048630236046,7.705000162124634,165.43895339965775,16.60787869362364,4.833073989007971,
E3,KERB-R3,primary-school,1,242,35654,2,1746,1706,0.033696203,5.864600202450752,0.005745694819216956,164.4864588110942,5.963500022888184,351.2594482421874,163.54136981687196,5.963500022888184,338.3238130737303,19.27700400457666,6.597687236004276,
E3,KERB-R5,primary-school,1,242,35654,76,1885,1827,0.047877788,9.444588925073862,0.005069335296626006,264.89563373180744,6.13100004196167,1065.8149658203113,263.55278894580863,6.13100004196167,1047.0282767089834,24.414986231514533,10.16117099999974,
E3,KERB-R10,primary-school,1,242,35654,113,3404,3197,0.133168708,18.19796336462307,0.007317780859965935,510.4045370680168,7.9679999351501465,4028.575622558593,506.6695085158207,7.9679999351501465,3989.285704199217,37.86429001990332,18.998580582003342,
E3,KERB-R1,primary-school,2,242,35654,0,0,0,0.0,1.9010067475049495,0.0,53.31819003491753,16.05500030517578,56.22959995269773,53.31819003491753,16.05500030517578,56.22959995269773,0.0,2.676052114009508,
E3,KERB-R2,primary-school,2,242,35654,0,1164,1139,0.020038025,4.1785097707006935,0.004795495547361094,117.19610059742787,7.447000026702881,179.77699813842767,116.63408721884483,7.447000026702881,170.99970090332013,17.21479810996564,4.911321566003608,
E3,KERB-R3,primary-school,2,242,35654,2,1781,1726,0.034856247,6.172100048462153,0.005647388526808606,173.11101274645628,6.018500089645386,347.08840332031235,172.13338759920774,6.018500089645386,336.1975402709961,19.5492131239484,6.903884796003695,
E3,KERB-R5,primary-school,2,242,35654,78,2016,1953,0.056790613,10.898347396321297,0.005210938038107456,305.6696975464547,6.201000213623047,1574.6746948242167,304.0768716924131,6.201000213623047,1554.2280222167965,27.12063658070678,11.687403932999587,
E3,KERB-R10,primary-school,2,242,35654,118,3458,3200,0.137556823,18.320069432185413,0.007508531750340139,513.8292879392329,7.995999813079834,4000.615600585936,509.9711844164866,7.995999813079834,3955.0637936523435,38.46667309843401,19.07949055400968,
E3,KERB-R1,high-school-2013,0,327,30318,0,0,0,0.0,1.5006747036468984,0.0,49.49781330057716,9.247499942779541,30.754650211334205,49.49781330057716,9.247499942779541,30.754650211334205,0.0,2.359249336994253,
E3,KERB-R2,high-school-2013,0,327,30318,0,646,637,0.008083389,2.4619364058709143,0.003283345979499615,81.20378672309897,4.7829999923706055,63.93150005340574,80.93716659644154,4.7829999923706055,61.231949485778784,12.512986068111456,3.2553561579989037,
E3,KERB-R3,high-school-2013,0,327,30318,0,777,772,0.009638916,2.59526187221694,0.003714043697550332,85.60135471393033,4.431500196456909,55.99239902496321,85.2834275419533,4.431500196456909,54.686550903320104,12.405297297297299,3.4456238270067843,
E3,KERB-R5,high-school-2013,0,327,30318,8,1032,1020,0.017177492,2.9849638414514064,0.005754673393848425,98.45516991395891,4.39549994468689,70.7935005187986,97.88859256716823,4.39549994468689,70.23075103759751,16.51681923076923,3.8146346819994505,
E3,KERB-R10,high-school-2013,0,327,30318,54,1851,1799,0.05006876,7.754691488697291,0.006456576650789629,255.7784645655152,5.317999839782715,1492.2031677246014,254.1270113034267,5.317999839782715,1462.3769655273406,26.28281364829396,8.609777918012696,
E3,KERB-R1,high-school-2013,1,327,30318,0,0,0,0.0,1.6377401477839946,0.0,54.01873961949979,5.77049994468689,27.913000106811523,54.01873961949979,5.77049994468689,27.913000106811523,0.0,2.4136641640070593,
E3,KERB-R2,high-school-2013,1,327,30318,0,644,638,0.008186526000000001,2.2095725652546885,0.003705026994239664,72.87989198676325,4.4770002365112305,56.68394966125464,72.60987001961503,4.4770002365112305,54.063351333618144,12.711996894409939,3.058131630998105,
E3,KERB-R3,high-school-2013,1,327,30318,0,773,766,0.010160747,2.3878207520873547,0.004255238585692753,78.75917778505689,4.486000061035156,49.02235107421829,78.42403869276846,4.486000061035156,48.67639884948679,13.144562742561448,3.25565473100869,
E3,KERB-R5,high-school-2013,1,327,30318,6,895,882,0.014661542000000001,2.8107095995411875,0.005216313347488233,92.70761922096402,4.295000076293945,41.47170066833475,92.22402722940785,4.295000076293945,41.47170066833475,16.272521642619314,3.6344228609959828,
E3,KERB-R10,high-school-2013,1,327,30318,49,1842,1808,0.048806623,7.728780374077797,0.006314919125363766,254.92381997749843,5.431000232696533,1619.0023864746045,253.31399667121173,5.431000232696533,1600.6225565917948,25.80995399259651,8.524780034989817,
E3,KERB-R1,high-school-2013,2,327,30318,0,0,0,0.0,1.7073746922619344,0.0,56.31554496543091,5.914000034332275,31.207150650024413,56.31554496543091,5.914000034332275,31.207150650024413,0.0,2.5551050049980404,
E3,KERB-R2,high-school-2013,2,327,30318,0,581,578,0.006733624,2.2185544489130975,0.0030351402929501693,73.17614779712044,4.599499940872192,62.63025112152088,72.95404792245853,4.599499940872192,59.76819953918442,11.589714285714285,3.0373425930010853,
E3,KERB-R3,high-school-2013,2,327,30318,0,690,685,0.008258365,2.211606069167137,0.003734103064344545,72.94696448206139,4.047999858856201,39.648099899291964,72.6745729984543,4.047999858856201,39.648099899291964,11.968644927536232,2.9683776129968464,
E3,KERB-R5,high-school-2013,2,327,30318,6,872,865,0.014623986999999998,2.817721885716915,0.005190003695584458,92.93891040691719,4.353000164031982,44.91434974670404,92.4565571184417,4.353000164031982,44.91434974670404,16.65602164009111,3.5951498560025357,
E3,KERB-R10,high-school-2013,2,327,30318,43,1662,1643,0.042939958,6.9587766814370156,0.006170618769035238,229.52624452262734,5.218999862670898,1032.9370422363247,228.10992557018983,5.218999862670898,1006.0946559082,25.184726099706744,7.746302802988794,
E3,KERB-R1,SFHH-conf,0,403,23027,0,0,0,0.0,1.1648116989514827,0.0,50.58460498334489,10.868000030517578,51.158098983764674,50.58460498334489,10.868000030517578,51.158098983764674,0.0,1.704503789995215,
E3,KERB-R2,SFHH-conf,0,403,23027,0,601,590,0.008383387999999999,1.8025377677128316,0.004650880636269467,78.27931418390722,5.381999969482422,86.38960037231449,77.91524643734883,5.381999969482422,80.34330103149419,13.94906489184692,2.338960204011528,
E3,KERB-R3,SFHH-conf,0,403,23027,1,947,930,0.016540559,2.664066013603687,0.006208764691091702,115.69314342309842,5.192999839782715,147.3069000244141,114.97483191921168,5.192999839782715,136.80990363769553,17.447847046413504,3.1890076829877216,
E3,KERB-R5,SFHH-conf,0,403,23027,11,918,898,0.018217437000000003,3.6020125761117936,0.005057571736649761,156.42561237294453,4.886000156402588,197.6686035156258,155.63447861691898,4.886000156402588,181.48830104980527,19.609727664155006,4.128169923991663,
E3,KERB-R10,SFHH-conf,0,403,23027,44,1185,1153,0.033630177,6.74587885703969,0.004985292163215336,292.95517683761193,5.670000076293945,2719.0574707031255,291.49470969035,5.670000076293945,2703.905472460943,27.363854353132623,7.270152598008281,
E3,KERB-R1,SFHH-conf,1,403,23027,0,0,0,0.0,0.9676838230826855,0.0,42.02387732152193,10.666000366210938,44.26140022277832,42.02387732152193,10.666000366210938,44.26140022277832,0.0,1.4979814999969676,
E3,KERB-R2,SFHH-conf,1,403,23027,0,712,700,0.010481891,1.8602876185228825,0.005634553977369853,80.78723318377915,5.242000102996826,93.41030120849611,80.33203315772278,5.242000102996826,86.05880126953127,14.721757022471909,2.4231417629926,
E3,KERB-R3,SFHH-conf,1,403,23027,1,847,825,0.013404637,2.5459997024097443,0.005264979798431534,110.56584454812804,5.436999797821045,123.8513992309573,109.98371761018562,5.436999797821045,112.7050985229494,15.80735495283019,3.08892593201017,
E3,KERB-R5,SFHH-conf,1,403,23027,13,919,898,0.019066424999999998,3.9087086135270597,0.004877934603264077,169.74458737686453,4.939000129699707,269.91140136718843,168.91658438038215,4.939000129699707,260.24421276855685,20.457537553648066,4.458160708003561,
E3,KERB-R10,SFHH-conf,1,403,23027,42,1271,1209,0.039211401,7.067455241943836,0.005548164036085961,306.9203648735761,5.783999919891357,2943.1130615234424,305.21752034324214,5.783999919891357,2910.7209033203135,29.863976389946686,7.583776904997649,
E3,KERB-R1,SFHH-conf,2,403,23027,0,0,0,0.0,1.0794939488720894,0.0,46.879487074829086,12.803999900817871,44.10690116882325,46.879487074829086,12.803999900817871,44.10690116882325,0.0,1.5874024410004495,
E3,KERB-R2,SFHH-conf,2,403,23027,0,757,744,0.010799492,1.8753251256690024,0.0057587305007431155,81.44027123242292,6.743000030517578,110.35939941406254,80.97127865848798,6.743000030517578,103.41100311279297,14.266171730515191,2.3994563610031037,
E3,KERB-R3,SFHH-conf,2,403,23027,1,825,796,0.012648283000000001,2.405710439189434,0.005257608228304334,104.4734632904605,4.9019999504089355,138.58650054931658,103.92418275022514,4.9019999504089355,131.11159879150392,15.31269128329298,2.923755556999822,
E3,KERB-R5,SFHH-conf,2,403,23027,14,840,808,0.01749267,3.7271063084766864,0.004693364919647131,161.85809304193714,4.9120001792907715,177.77149810791084,161.09843394609314,4.9120001792907715,170.42760467529317,20.483220140515222,4.247969924006611,
E3,KERB-R10,SFHH-conf,2,403,23027,43,1326,1257,0.041527464,7.452350271687269,0.005572398302018869,323.6353094926508,6.15500020980835,3314.737182617189,321.83188464356056,6.15500020980835,3287.8645160156284,30.3341592403214,7.979041454003891,
E3,KERB-R1,CollegeMsg,0,1899,32153,0,0,0,0.0,1.1217555687325,0.0,34.88805301939166,13.513999938964844,52.66159820556638,34.88805301939166,13.513999938964844,52.66159820556638,0.0,3.3796115330042085,
E3,KERB-R2,CollegeMsg,0,1899,32153,0,621,620,0.012779612,3.0663831898310185,0.004167650032253228,95.36849406994739,5.926000118255615,70.05599975585938,94.97103156256082,5.926000118255615,65.30839996337883,20.57908534621578,5.437089544997434,
E3,KERB-R3,CollegeMsg,0,1899,32153,0,847,847,0.018009291999999996,3.3928192338974474,0.005308061160485732,105.52107840318003,5.793000221252441,107.36059875488276,104.96096606529555,5.793000221252441,99.13960090332002,21.262446280991732,5.636125007993542,
E3,KERB-R5,CollegeMsg,0,1899,32153,0,809,803,0.018491106,4.2602776367535595,0.004340352337715412,132.50015975969768,5.269000053405762,67.19259796142565,131.925062381537,5.269000053405762,66.42499847412046,22.85674412855377,6.62645009100379,
E3,KERB-R10,CollegeMsg,0,1899,32153,20,651,640,0.022852069,4.786350761327029,0.004774424219938324,148.86171621083656,4.738999843597412,25.68339958190911,148.15098722753797,4.738999843597412,25.68339958190911,34.0567347242921,7.004283307993319,
E3,KERB-R1,CollegeMsg,1,1899,32153,0,0,0,0.0,1.2513486174423694,0.0,38.91856490661429,12.225000381469727,52.079000854492136,38.91856490661429,12.225000381469727,52.079000854492136,0.0,3.5421326030045748,
E3,KERB-R2,CollegeMsg,1,1899,32153,0,590,589,0.011041078,2.789928103543758,0.003957477608822842,86.77038234515467,5.8470001220703125,78.0669998168945,86.42699049991472,5.8470001220703125,71.94100189208983,18.713691525423727,5.055036468009348,
E3,KERB-R3,CollegeMsg,1,1899,32153,0,1047,1034,0.02021787,3.6675488037188053,0.00551263829931849,114.06552432801932,5.435999870300293,105.34119873046872,113.43672234997683,5.435999870300293,95.1084015624997,19.310286532951288,5.925804963000701,
E3,KERB-R5,CollegeMsg,1,1899,32153,0,695,691,0.015382325,3.6021967803294657,0.0042702622699565835,112.03299164399795,4.809999942779541,39.72480087280259,111.55458138679022,4.809999942779541,39.72480087280259,22.132841726618707,5.816819909989135,
E3,KERB-R10,CollegeMsg,1,1899,32153,16,668,656,0.021986307999999996,4.92763643107295,0.004461836482366591,153.25588377672224,4.854000091552734,27.957799530029227,152.57208108334993,4.854000091552734,27.957799530029227,32.143725146198825,7.16141115600476,
E3,KERB-R1,CollegeMsg,2,1899,32153,0,0,0,0.0,1.2642504526753426,0.0,39.319828715060574,8.968999862670898,53.7568000793457,39.319828715060574,8.968999862670898,53.7568000793457,0.0,3.562125519994879,
E3,KERB-R2,CollegeMsg,2,1899,32153,0,855,841,0.016669112,2.730659325202942,0.0061044275447143725,84.92704647164936,8.718000411987305,99.6282012939453,84.4086154698766,8.718000411987305,94.15119785156246,19.496037426900585,5.070834173006006,
E3,KERB-R3,CollegeMsg,2,1899,32153,0,878,863,0.017419465,3.520281734080553,0.004948315593993137,109.48532746806062,5.698999881744385,93.34600219726552,108.94355951483698,5.698999881744385,86.07439727783174,19.83993735763098,5.836675187994842,
E3,KERB-R5,CollegeMsg,2,1899,32153,0,675,673,0.01636748,3.706227708250761,0.004416210035763023,115.2684884225659,5.34499979019165,47.36960144042955,114.7594385671869,5.34499979019165,47.34100112915038,24.24811851851852,5.99618757700955,
E3,KERB-R10,CollegeMsg,2,1899,32153,13,680,673,0.027252175000000003,5.347418474609136,0.005096323605380813,166.311649756139,5.203000068664551,27.82459983825638,165.46407176963694,5.203000068664551,27.82459983825638,39.32492784992785,7.63071459501225,
E3,KERB-R1,email-Eu-core-temporal,0,986,146777,0,0,0,0.0,7.307965010242223,0.0,49.78957881849489,13.244000434875488,45.07019958496092,49.78957881849489,13.244000434875488,45.07019958496092,0.0,13.318301437990158,
E3,KERB-R2,email-Eu-core-temporal,0,986,146777,0,3148,3119,0.049116892999999995,13.341169556517363,0.003681603235153072,90.89414251904155,5.6539998054504395,77.7032028198242,90.55950634988699,5.6539998054504395,71.5536010742187,15.602570838627699,19.30068422399927,
E3,KERB-R3,email-Eu-core-temporal,0,986,146777,0,3688,3655,0.06493291100000001,13.943902772477864,0.004656724308789861,95.00059799885449,5.232999801635742,89.18419952392541,94.55820640480366,5.232999801635742,82.64160239257755,17.606537689804775,19.874955905994284,
E3,KERB-R5,email-Eu-core-temporal,0,986,146777,17,3150,3109,0.067551765,14.835153999791622,0.004553492670244532,101.07274300327451,4.8379998207092285,29.353200149535855,100.61250900884758,4.8379998207092285,29.353200149535855,21.329891064098515,20.779872640996473,
E3,KERB-R10,email-Eu-core-temporal,0,986,146777,124,4480,4396,0.14371497,26.21372649069762,0.005482431887393029,178.5956007460135,5.118000030517578,47.353199005126584,177.61646252953545,5.118000030517578,47.353199005126584,31.21524109470026,32.16066660700017,
E3,KERB-R1,email-Eu-core-temporal,1,986,146777,0,0,0,0.0,7.766439900717258,0.0,52.9131941701851,13.550999641418457,46.08600006103498,52.9131941701851,13.550999641418457,46.08600006103498,0.0,13.698563924990594,
E3,KERB-R2,email-Eu-core-temporal,1,986,146777,0,2958,2949,0.044131893,13.099279424662829,0.003369032110034246,89.24613137387212,5.420000076293945,74.52840118408182,88.94545829157721,5.420000076293945,69.89599927978472,14.91950405679513,18.954078599999775,
E3,KERB-R3,email-Eu-core-temporal,1,986,146777,0,4002,3985,0.066345464,14.291695321851968,0.004642238902095677,97.37012830247224,5.176000118255615,92.27319793701004,96.91811290496445,5.176000118255615,85.04500047607395,16.57807696151924,20.209818967996398,
E3,KERB-R5,email-Eu-core-temporal,1,986,146777,25,3536,3507,0.07641284200000001,16.222353876089336,0.00471034244374532,110.52381419493064,4.942999839782715,39.35280075073235,110.00320918188363,4.942999839782715,39.35280075073235,21.458253861274923,22.12339559099928,
E3,KERB-R10,email-Eu-core-temporal,1,986,146777,127,4374,4316,0.154275215,26.77862955043769,0.0057611318275052805,182.4443172325207,5.406000137329102,44.550199127197246,181.3932314697649,5.406000137329102,44.550199127197246,34.27576427460564,32.73059099500824,
E3,KERB-R1,email-Eu-core-temporal,2,986,146777,0,0,0,0.0,7.34302657445383,0.0,50.02845523790397,13.069999694824219,45.23420104980467,50.02845523790397,13.069999694824219,45.23420104980467,0.0,13.401776069993502,
E3,KERB-R2,email-Eu-core-temporal,2,986,146777,0,3621,3593,0.058090895000000004,13.851609633149147,0.004193801048289657,94.3717996222102,6.438000202178955,89.65320129394495,93.9760230700256,6.438000202178955,83.01039677734371,16.042776857221764,20.01056380099908,
E3,KERB-R3,email-Eu-core-temporal,2,986,146777,0,4039,4019,0.070367977,14.732852803371191,0.004776262814754947,100.37575916779326,5.26200008392334,90.87239990234266,99.89633816177732,5.26200008392334,84.25020269775379,17.42212849715276,20.699915391000104,
E3,KERB-R5,email-Eu-core-temporal,2,986,146777,20,3345,3318,0.072366519,15.246977432530164,0.004746286227564195,103.87851933565997,4.940000057220459,38.005001068115234,103.38548214999737,4.940000057220459,38.005001068115234,21.505652005943535,21.155324390012538,
E3,KERB-R10,email-Eu-core-temporal,2,986,146777,121,4026,3987,0.14230213600000002,25.09613594143653,0.005670280728956496,170.98139314358878,5.335999965667725,40.1524002075195,170.01188064503654,5.335999965667725,40.1524002075195,34.314476971304565,31.326391655005864,
E2,KERB-R1,DSJC125.5,0,125,5000,0,0,0,0.0,0.22645739838552476,0.0,45.29147967710495,23.7814998626709,72.56099815368653,45.29147967710495,23.7814998626709,72.56099815368653,0.0,0.29699515498941764,
E2,KERB-R2,DSJC125.5,0,125,5000,0,273,265,0.006541783000000001,0.7337964159603119,0.008914983580887126,146.75928319206238,39.067501068115234,428.5192092895508,145.45092659206236,39.067501068115234,421.19605364990275,23.962575091575093,0.8098029929969925,
E2,KERB-R3,DSJC125.5,0,125,5000,0,482,467,0.01390021,1.3940599167742729,0.009971027667278328,278.8119833548546,61.07950019836426,1039.8622802734383,276.0319413548546,61.07950019836426,1017.8263155761719,28.838609958506222,1.4689362909994088,
E2,KERB-R5,DSJC125.5,0,125,5000,53,956,877,0.038445357000000006,5.245599838139534,0.007329067825660809,1049.1199676279068,87.27249908447266,5005.410717773439,1041.4308962279067,87.27249908447266,4967.904254882813,38.102435084241826,5.325060946997837,
E2,KERB-R10,DSJC125.5,0,125,5000,46,922,799,0.049535191,5.9674171802830696,0.008300943189235892,1193.483436056614,105.99449920654297,5452.853076171875,1183.576397856614,105.99449920654297,5426.127083593751,51.17271797520661,6.045018017000984,
E2,KERB-R25,DSJC125.5,0,125,5000,47,1012,825,0.050548515,6.060453572089195,0.008340714832433675,1212.090714417839,93.69049835205078,5510.875659179688,1201.981011417839,93.69049835205078,5476.414762695314,47.73230878186969,6.137268631006009,
E2,KERB-kempe,DSJC125.5,0,125,5000,0,0,0,0.0,0.22522657510471344,0.0,45.04531502094269,19.445500373840332,89.260803604126,45.04531502094269,19.445500373840332,89.260803604126,0.0,0.3017369029985275,
E2,KERB-direct,DSJC125.5,0,125,5000,0,0,0,0.0,0.24813528583955766,0.0,49.62705716791153,26.569000244140625,75.66599769592294,49.62705716791153,26.569000244140625,75.66599769592294,0.0,0.3143561909964774,
E2,KERB-noElim,DSJC125.5,0,125,5000,0,0,0,0.0,1.1745949968856573,0.0,234.91899937713146,46.707000732421875,840.8294647216811,234.91899937713146,46.707000732421875,840.8294647216811,0.0,1.2450591859960696,
E2,KERB-noMig,DSJC125.5,0,125,5000,0,68,67,0.0018076569999999998,0.11902771610975266,0.015186857809933965,23.805543221950533,6.730999946594238,19.637550354004016,23.44401182195053,6.730999946594238,19.637550354004016,26.58319117647059,0.18645066900353413,
E2,KERB-R1,DSJC125.5,1,125,5000,0,0,0,0.0,0.2129870395684242,0.0,42.59740791368485,20.542499542236328,71.04085350036623,42.59740791368485,20.542499542236328,71.04085350036623,0.0,0.27876389599987306,
E2,KERB-R2,DSJC125.5,1,125,5000,0,480,456,0.009172242999999998,0.5824166211204529,0.015748594163323224,116.48332422409058,50.18850135803223,362.98498687744154,114.64887562409058,50.18850135803223,355.50670993652346,19.10883958333333,0.650369809998665,
E2,KERB-R3,DSJC125.5,1,125,5000,0,533,508,0.015143512999999999,1.7571600724835397,0.008618174995631684,351.4320144967079,59.622501373291016,1207.5164978027344,348.4033118967079,59.622501373291016,1192.0846313476568,28.411844277673545,1.8331421600014437,
E2,KERB-R5,DSJC125.5,1,125,5000,47,794,744,0.033579515,5.293794407593727,0.006343184569433144,1058.7588815187455,83.02000045776367,4940.782617187501,1052.0429785187453,83.02000045776367,4910.528508203126,39.92807966706302,5.372241265999037,
E2,KERB-R10,DSJC125.5,1,125,5000,36,877,736,0.04721584300000001,5.723100962890625,0.008250045439728224,1144.620192578125,106.68199920654297,5528.609814453127,1135.177023978125,106.68199920654297,5479.327659570313,51.7150525739321,5.7996701919910265,
E2,KERB-R25,DSJC125.5,1,125,5000,38,917,786,0.047050246,5.993733825035095,0.0078499058138813,1198.7467650070191,72.34349822998047,5286.815234375001,1189.336715807019,72.34349822998047,5256.119460546875,49.267273298429316,6.069781200989382,
E2,KERB-kempe,DSJC125.5,1,125,5000,0,0,0,0.0,0.27745700188827516,0.0,55.491400377655026,29.224499702453613,107.70224647521974,55.491400377655026,29.224499702453613,107.70224647521974,0.0,0.34280981300980784,
E2,KERB-direct,DSJC125.5,1,125,5000,0,0,0,0.0,0.2701216389312744,0.0,54.02432778625488,26.637499809265137,104.03764877319338,54.02432778625488,26.637499809265137,104.03764877319338,0.0,0.33467092899081763,
E2,KERB-noElim,DSJC125.5,1,125,5000,0,199,199,0.004133993000000001,1.3465589270372391,0.003070042399923635,269.3117854074478,43.746999740600586,905.3757202148439,268.4849868074478,43.746999740600586,896.9501770019538,20.773834170854272,1.4172878990066238,
E2,KERB-noMig,DSJC125.5,1,125,5000,0,60,60,0.0013982390000000001,0.08839839018297195,0.015817471303559334,17.679678036594392,5.559000015258789,12.036500215530397,17.40003023659439,5.559000015258789,12.036500215530397,23.303983333333335,0.14647371700266376,
E2,KERB-R1,DSJC125.5,2,125,5000,0,0,0,0.0,0.2508559824652672,0.0,50.171196493053436,22.17549991607666,82.31279830932618,50.171196493053436,22.17549991607666,82.31279830932618,0.0,0.31307321299391333,
E2,KERB-R2,DSJC125.5,2,125,5000,0,528,504,0.011474657999999999,0.8204599975228309,0.013985639805285808,164.0919995045662,41.543500900268555,356.9094512939456,161.79706790456618,41.543500900268555,355.22710092773445,21.73230681818182,0.8920126320008421,
E2,KERB-R3,DSJC125.5,2,125,5000,0,831,778,0.02083462,1.7184464639072419,0.01212410187782528,343.6892927814484,64.89400100708008,1096.8275085449238,339.5223687814484,64.89400100708008,1082.4112943359382,25.071744885679905,1.7907549789961195,
E2,KERB-R5,DSJC125.5,2,125,5000,58,741,673,0.028424304,4.849022042262554,0.005861863227731837,969.8044084525109,76.53149795532227,4893.217602539063,964.1195476525107,76.53149795532227,4854.299905273438,35.57484856070088,4.922294138988946,
E2,KERB-R10,DSJC125.5,2,125,5000,45,924,793,0.04902971799999999,5.795737984508992,0.0084596160369996,1159.1475969017984,62.404998779296875,5072.046142578125,1149.3416533017983,62.404998779296875,5023.682226562501,50.59826418988647,5.86695261800196,
E2,KERB-R25,DSJC125.5,2,125,5000,44,928,784,0.050535098,5.934668753435612,0.008515234817570055,1186.9337506871223,100.28350067138672,5403.652856445314,1176.8267310871222,100.28350067138672,5340.712806054693,51.990841563786006,6.007556181997643,
E2,KERB-kempe,DSJC125.5,2,125,5000,0,0,0,0.0,0.2508350597233772,0.0,50.167011944675444,23.71299934387207,76.966353225708,50.167011944675444,23.71299934387207,76.966353225708,0.0,0.313734322990058,
E2,KERB-direct,DSJC125.5,2,125,5000,0,0,0,0.0,0.22876364332532884,0.0,45.75272866506577,20.47000026702881,78.34620170593263,45.75272866506577,20.47000026702881,78.34620170593263,0.0,0.29225377799593844,
E2,KERB-noElim,DSJC125.5,2,125,5000,0,1,1,6.316899999999999e-05,0.8751842207453251,7.217794665699521e-05,175.03684414906502,30.75100040435791,653.2846405029303,175.02421034906502,30.75100040435791,653.2846405029303,63.169,0.9422643090074416,
E2,KERB-noMig,DSJC125.5,2,125,5000,0,75,74,0.0018080219999999998,0.07989671638345719,0.022629490695494407,15.979343276691436,5.789999961853027,13.790200233459489,15.617738876691437,5.789999961853027,13.790200233459489,24.10696,0.14223317199503072,
E2,KERB-R1,DSJC125.5,3,125,5000,0,0,0,0.0,0.3110073031783104,0.0,62.20146063566208,21.195500373840332,97.30675125122072,62.20146063566208,21.195500373840332,97.30675125122072,0.0,0.3728636180021567,
E2,KERB-R2,DSJC125.5,3,125,5000,0,398,392,0.008648385,0.6784410252976417,0.012747438137612374,135.68820505952834,37.4739990234375,332.09540252685554,133.95852805952836,37.4739990234375,325.8279937744143,21.72961055276382,0.7443565749999834,
E2,KERB-R3,DSJC125.5,3,125,5000,0,524,510,0.013663838,1.8511593291573525,0.00738123282247119,370.2318658314705,67.5354995727539,1117.115954589844,367.49909823147055,67.5354995727539,1101.604247509767,26.07602671755725,1.92302597098751,
E2,KERB-R5,DSJC125.5,3,125,5000,46,684,641,0.028443561000000003,4.798923982729912,0.005927070547973053,959.7847965459823,83.41699981689453,4986.597656250001,954.0960843459824,83.41699981689453,4946.490053710938,38.96378219178082,4.874517393007409,
E2,KERB-R10,DSJC125.5,3,125,5000,55,1023,866,0.056109781000000004,6.6090403252978325,0.008489853025290997,1321.8080650595664,105.70000076293945,6000.466748046875,1310.5861088595666,105.70000076293945,5957.349801953126,52.04988961038961,6.6939657740003895,
E2,KERB-R25,DSJC125.5,3,125,5000,49,919,789,0.05249307400000001,6.382158659144402,0.008224971644161113,1276.4317318288804,95.16949844360352,5798.7706298828125,1265.9331170288804,95.16949844360352,5764.7996582031265,54.228382231404964,6.463936306012329,
E2,KERB-kempe,DSJC125.5,3,125,5000,0,0,0,0.0,0.28298812038183213,0.0,56.59762407636642,22.5939998626709,82.5136516571045,56.59762407636642,22.5939998626709,82.5136516571045,0.0,0.3509898469928885,
E2,KERB-direct,DSJC125.5,3,125,5000,0,0,0,0.0,0.2970418116488457,0.0,59.40836232976913,22.68400001525879,70.28080101013185,59.40836232976913,22.68400001525879,70.28080101013185,0.0,0.3639235339942388,
E2,KERB-noElim,DSJC125.5,3,125,5000,0,433,433,0.009264579,1.5459705958845615,0.00599272652705213,309.1941191769123,51.0359992980957,925.8882263183596,307.34120337691235,51.0359992980957,924.2709259033206,21.39625635103926,1.61762651099707,
E2,KERB-noMig,DSJC125.5,3,125,5000,0,75,75,0.002028366,0.09812758763742446,0.02067070075639371,19.625517527484895,5.739999771118164,14.691849899292013,19.219844327484893,5.739999771118164,14.691849899292013,27.04488,0.15769378400000278,
E2,KERB-R1,DSJC125.5,4,125,5000,0,0,0,0.0,0.2918113428769112,0.0,58.36226857538223,21.72599983215332,95.14865303039551,58.36226857538223,21.72599983215332,95.14865303039551,0.0,0.3546930769953178,
E2,KERB-R2,DSJC125.5,4,125,5000,0,218,215,0.005514818,0.8136961682095528,0.006777490438642152,162.73923364191054,42.1254997253418,365.5168075561525,161.63627004191056,42.1254997253418,347.7232482910164,25.29733027522936,0.8870583009993425,
E2,KERB-R3,DSJC125.5,4,125,5000,0,460,445,0.012308988999999998,1.3100302926869392,0.00939595753526709,262.00605853738784,50.245500564575195,979.5065032958985,259.54426073738784,50.245500564575195,974.7443107666016,26.75867173913043,1.3853774089948274,
E2,KERB-R5,DSJC125.5,4,125,5000,40,873,810,0.034476146,4.9870203426718716,0.006913175329364886,997.4040685343742,84.60649871826172,4869.083081054688,990.5088393343743,84.60649871826172,4841.9314695312505,37.761386637458926,5.062360131996684,
E2,KERB-R10,DSJC125.5,4,125,5000,48,992,833,0.049566705999999995,6.129955390523911,0.008085981518988455,1225.991078104782,86.7504997253418,5319.292236328126,1216.0777369047821,86.7504997253418,5262.016210937501,47.66029423076923,6.203170558001148,
E2,KERB-R25,DSJC125.5,4,125,5000,42,1257,1077,0.058229305,7.218068904808998,0.008067158372678468,1443.6137809617996,94.24049758911133,5328.295190429688,1431.9679199617997,94.24049758911133,5279.387573437501,44.82625481139338,7.292615387996193,
E2,KERB-kempe,DSJC125.5,4,125,5000,0,0,0,0.0,0.39038863272953034,0.0,78.07772654590606,27.97700023651123,89.70015296936039,78.07772654590606,27.97700023651123,89.70015296936039,0.0,0.46586382399254944,
E2,KERB-direct,DSJC125.5,4,125,5000,0,0,0,0.0,0.36158552196073535,0.0,72.31710439214706,29.243000030517578,79.49109725952148,72.31710439214706,29.243000030517578,79.49109725952148,0.0,0.44194733900076244,
E2,KERB-noElim,DSJC125.5,4,125,5000,0,8,8,0.00017818600000000002,0.967033304741025,0.00018426045837968203,193.406660948205,49.16399955749512,749.7703002929687,193.371023748205,49.16399955749512,749.7703002929687,22.27325,1.0362156220071483,
E2,KERB-noMig,DSJC125.5,4,125,5000,0,81,81,0.0029045,0.10739181589221955,0.027045822587775322,21.47836317844391,5.9775002002716064,21.076600265503007,20.89746317844391,5.9775002002716064,21.076600265503007,35.858024691358025,0.181696990999626,
E2,KERB-R1,DSJC250.5,0,250,5000,0,0,0,0.0,0.44012898150205615,0.0,88.02579630041123,30.871999740600586,120.31039772033692,88.02579630041123,30.871999740600586,120.31039772033692,0.0,0.5696653530030744,
E2,KERB-R2,DSJC250.5,0,250,5000,0,191,183,0.007274602,1.305066484093666,0.005574123685393712,261.01329681873324,85.81949996948242,643.2047637939455,259.55837641873325,85.81949996948242,642.0108947753907,38.08692146596859,1.456638830000884,
E2,KERB-R3,DSJC250.5,0,250,5000,0,510,497,0.023597813999999998,3.085249836050034,0.00764859095826472,617.0499672100067,111.48450088500977,2453.3966918945334,612.3304044100066,111.48450088500977,2447.1975810546874,46.27022352941176,3.246171820006566,
E2,KERB-R5,DSJC250.5,0,250,5000,32,546,513,0.026539901,6.084773161698341,0.004361691109055635,1216.9546323396683,55.08849906921387,6295.600732421875,1211.6466521396683,55.08849906921387,6252.090129882812,45.916783737024225,6.228914744002395,
E2,KERB-R10,DSJC250.5,0,250,5000,37,888,736,0.08010396400000001,7.596252452671051,0.010545195081271061,1519.2504905342103,123.55450057983398,6787.399829101563,1503.2296977342103,123.55450057983398,6670.359398242189,86.59888000000001,7.772459963001893,
E2,KERB-R25,DSJC250.5,0,250,5000,35,786,656,0.080370509,7.90209457212162,0.010170785513444122,1580.418914424324,158.135498046875,7477.045971679688,1564.344812624324,158.135498046875,7418.358105468752,97.89343361753959,8.07590720600274,
E2,KERB-kempe,DSJC250.5,0,250,5000,0,0,0,0.0,0.666989107591629,0.0,133.3978215183258,40.85149955749512,243.0461051940918,133.3978215183258,40.85149955749512,243.0461051940918,0.0,0.8009396529960213,
E2,KERB-direct,DSJC250.5,0,250,5000,0,0,0,0.0,0.654377310307026,0.0,130.8754620614052,42.558000564575195,226.65315399169924,130.8754620614052,42.558000564575195,226.65315399169924,0.0,0.7918494290061062,
E2,KERB-noElim,DSJC250.5,0,250,5000,0,290,290,0.010988906000000001,2.2753051026934386,0.00482964064335445,455.0610205386877,69.14500045776367,1893.520153808595,452.8632393386877,69.14500045776367,1891.762097167969,37.89277931034483,2.4167386069893837,
E2,KERB-noMig,DSJC250.5,0,250,5000,0,96,96,0.004593969,0.203572929353714,0.02256669889549923,40.714585870742795,8.706000328063965,33.00919952392579,39.7957920707428,8.706000328063965,33.00919952392579,47.85384375,0.3475478639884386,
E2,KERB-R1,DSJC250.5,1,250,5000,0,0,0,0.0,0.5688711718416214,0.0,113.77423436832429,36.34700012207031,134.264656829834,113.77423436832429,36.34700012207031,134.264656829834,0.0,0.6974428829998942,
E2,KERB-R2,DSJC250.5,1,250,5000,0,505,482,0.014919528,1.6262169673633575,0.009174377281396561,325.2433934726715,78.97999954223633,720.8591247558608,322.2594878726715,78.97999954223633,714.6698242187505,29.5436198019802,1.7677393709891476,
E2,KERB-R3,DSJC250.5,1,250,5000,0,313,305,0.014919890000000002,3.062660979692936,0.0048715447445625785,612.5321959385872,69.04050064086914,2079.7204711914083,609.5482179385872,69.04050064086914,2059.3612356445324,47.6673801916933,3.203238305010018,
E2,KERB-R5,DSJC250.5,1,250,5000,25,383,373,0.025260513,5.184944959228993,0.004871896075779417,1036.9889918457984,61.193498611450195,6494.244604492188,1031.9368892457985,61.193498611450195,6436.661215429688,61.91302205882353,5.325025533005828,
E2,KERB-R10,DSJC250.5,1,250,5000,38,819,712,0.074397553,7.855022801106453,0.009471335078686267,1571.0045602212906,110.06750106811523,7066.408569335938,1556.1250496212906,110.06750106811523,7014.265721679687,86.8116137689615,7.995282592004514,
E2,KERB-R25,DSJC250.5,1,250,5000,37,764,696,0.075465148,7.178333107225418,0.010512906948277428,1435.6666214450836,138.20149993896484,7114.359472656252,1420.5735918450837,138.20149993896484,7056.390766992189,94.21366791510611,7.37842446299328,
E2,KERB-kempe,DSJC250.5,1,250,5000,0,0,0,0.0,0.5631004802513122,0.0,112.62009605026245,32.726999282836914,133.03994445800788,112.62009605026245,32.726999282836914,133.03994445800788,0.0,0.7251018530078,
E2,KERB-direct,DSJC250.5,1,250,5000,0,0,0,0.0,0.5660604176616668,0.0,113.21208353233338,41.72049903869629,133.73385162353517,113.21208353233338,41.72049903869629,133.73385162353517,0.0,0.6913694109971402,
E2,KERB-noElim,DSJC250.5,1,250,5000,0,0,0,0.0,2.975667367364764,0.0,595.1334734729528,46.229000091552734,1607.4134521484389,595.1334734729528,46.229000091552734,1607.4134521484389,0.0,3.109024131001206,
E2,KERB-noMig,DSJC250.5,1,250,5000,0,83,82,0.0034874140000000003,0.1541314374909401,0.02262623418538474,30.82628749818802,7.75,17.176650905609197,30.12880469818802,7.75,17.176650905609197,42.01703614457831,0.2774521279934561,
E2,KERB-R1,DSJC250.5,2,250,5000,0,0,0,0.0,0.8127944021010399,0.0,162.55888042020797,32.61549949645996,207.4097938537598,162.55888042020797,32.61549949645996,207.4097938537598,0.0,0.9446793079987401,
E2,KERB-R2,DSJC250.5,2,250,5000,0,361,352,0.012393382000000001,1.4423788339223862,0.00859232103836244,288.47576678447723,74.0625,826.8109069824224,285.99709038447725,74.0625,820.9712341308605,34.330698060941835,1.5886697929963702,
E2,KERB-R3,DSJC250.5,2,250,5000,0,411,402,0.01791489,3.2650592446045876,0.005486849903138456,653.0118489209175,67.79950332641602,2067.183276367189,649.4288709209175,67.79950332641602,2046.779705810547,43.5885401459854,3.40494052899885,
E2,KERB-R5,DSJC250.5,2,250,5000,28,478,466,0.031416672,6.3138377489523885,0.004975844050666768,1262.7675497904777,90.96100234985352,6614.976489257812,1256.4842153904776,90.96100234985352,6561.764180078125,62.08828458498024,6.489855182997417,
E2,KERB-R10,DSJC250.5,2,250,5000,22,754,690,0.07773108299999999,7.4815430952978135,0.010389712658188706,1496.3086190595627,126.06849670410156,7132.806201171885,1480.7624024595627,126.06849670410156,7073.041626953125,100.16892139175258,7.629218081012368,
E2,KERB-R25,DSJC250.5,2,250,5000,30,934,810,0.08207737799999999,7.923484845913887,0.010358747394125074,1584.6969691827774,93.53850173950195,6928.358569335939,1568.2814935827773,93.53850173950195,6868.572833203126,85.14250829875519,8.067908054988948,
E2,KERB-kempe,DSJC250.5,2,250,5000,0,0,0,0.0,0.6602490839905739,0.0,132.0498167981148,41.168500900268555,211.96434326171882,132.0498167981148,41.168500900268555,211.96434326171882,0.0,0.7996980409952812,
E2,KERB-direct,DSJC250.5,2,250,5000,0,0,0,0.0,0.6341467865538597,0.0,126.82935731077194,40.964500427246094,194.34254684448243,126.82935731077194,40.964500427246094,194.34254684448243,0.0,0.7626796920085326,
E2,KERB-noElim,DSJC250.5,2,250,5000,0,165,165,0.004918857,3.066098232506156,0.0016042724749818088,613.2196465012312,96.27199935913086,2264.9742309570315,612.2358751012313,96.27199935913086,2264.9742309570315,29.811254545454545,3.2171640309970826,
E2,KERB-noMig,DSJC250.5,2,250,5000,0,111,111,0.004557995,0.23833423769330978,0.01912438197765468,47.666847538661955,8.222000122070312,35.16850147247316,46.75524853866195,8.222000122070312,35.16850147247316,41.06301801801802,0.365934572997503,
E2,KERB-R1,DSJC250.5,3,250,5000,0,0,0,0.0,0.4629514487085342,0.0,92.59028974170685,29.88800048828125,181.14115142822268,92.59028974170685,29.88800048828125,181.14115142822268,0.0,0.5887358470063191,
E2,KERB-R2,DSJC250.5,3,250,5000,0,254,246,0.00955991,1.7139117693190575,0.005577830884374043,342.78235386381147,57.60449981689453,728.0832305908203,340.87037186381144,57.60449981689453,713.5302825927736,37.63744094488189,1.854074861999834,
E2,KERB-R3,DSJC250.5,3,250,5000,0,370,364,0.016594633,2.779147814204693,0.005971122843909934,555.8295628409386,81.43149948120117,2200.8397949218765,552.5106362409385,81.43149948120117,2183.323501757816,44.85035945945946,2.9350284469983308,
E2,KERB-R5,DSJC250.5,3,250,5000,30,499,473,0.035354375,6.345313903971672,0.005571729867906285,1269.0627807943345,109.09149932861328,6749.285400390627,1261.9919057943343,109.09149932861328,6727.818041992188,66.83246691871456,6.486570184992161,
E2,KERB-R10,DSJC250.5,3,250,5000,23,771,652,0.073068094,6.879200953706741,0.010621596096946184,1375.8401907413484,135.77000427246094,7035.944409179688,1361.226571941348,135.77000427246094,6928.0366320312505,92.0253073047859,7.018520096011343,
E2,KERB-R25,DSJC250.5,3,250,5000,25,810,698,0.076792515,7.260811751745224,0.010576298852747695,1452.1623503490448,100.64799880981445,6895.600219726563,1436.8038473490449,100.64799880981445,6807.938735937503,91.96708383233533,7.414990792007302,
E2,KERB-kempe,DSJC250.5,3,250,5000,0,0,0,0.0,0.5339557855806351,0.0,106.79115711612701,36.98150062561035,191.8209945678711,106.79115711612701,36.98150062561035,191.8209945678711,0.0,0.6596763319976162,
E2,KERB-direct,DSJC250.5,3,250,5000,0,0,0,0.0,0.674261988345623,0.0,134.8523976691246,41.256500244140625,232.20004882812518,134.8523976691246,41.256500244140625,232.20004882812518,0.0,0.8110069890099112,
E2,KERB-noElim,DSJC250.5,3,250,5000,0,59,59,0.00298823,2.1308695344836712,0.0014023523972921574,426.17390689673425,79.04650115966797,1815.7112304687525,425.57626089673425,79.04650115966797,1815.7112304687525,50.64796610169491,2.267398146999767,
E2,KERB-noMig,DSJC250.5,3,250,5000,0,93,90,0.003984094,0.15951019517326356,0.024977049245487964,31.90203903465271,8.059500217437744,21.24460067749085,31.105220234652712,8.059500217437744,21.24460067749085,42.839720430107526,0.28092523700615857,
E2,KERB-R1,DSJC250.5,4,250,5000,0,0,0,0.0,0.5911329885559082,0.0,118.22659771118164,29.12950038909912,144.15844802856446,118.22659771118164,29.12950038909912,144.15844802856446,0.0,0.7192845180106815,
E2,KERB-R2,DSJC250.5,4,250,5000,0,349,337,0.012345078,1.353305178610325,0.009122168595169976,270.661035722065,62.73649978637695,804.9635772705091,268.192020122065,62.73649978637695,778.7573638916042,35.372716332378225,1.4911815840023337,
E2,KERB-R3,DSJC250.5,4,250,5000,0,467,447,0.021462021,3.2031048686070442,0.006700380374787209,640.6209737214089,74.38600158691406,2118.475158691409,636.3285695214089,74.38600158691406,2091.8238159179737,45.95721841541756,3.3421296840097057,
E2,KERB-R5,DSJC250.5,4,250,5000,31,519,498,0.031081298,6.197153104851723,0.0050154155422861176,1239.4306209703445,66.73400115966797,6643.707690429688,1233.2143613703445,66.73400115966797,6610.978843750001,56.511450909090904,6.341673666989664,
E2,KERB-R10,DSJC250.5,4,250,5000,30,751,665,0.071357261,7.036821134853363,0.010140553473296003,1407.3642269706727,111.30500030517578,6973.542089843751,1393.0927747706726,111.30500030517578,6913.102244140626,91.36653137003842,7.186213018998387,
E2,KERB-R25,DSJC250.5,4,250,5000,36,774,689,0.075919952,7.268971601340294,0.010444386931708668,1453.7943202680588,123.24099731445312,6952.756909179688,1438.610329868059,123.24099731445312,6834.296530273438,93.72833580246915,7.413930787995923,
E2,KERB-kempe,DSJC250.5,4,250,5000,0,0,0,0.0,0.9106035474061966,0.0,182.12070948123932,44.90950012207031,193.53495635986332,182.12070948123932,44.90950012207031,193.53495635986332,0.0,1.0506457700103056,
E2,KERB-direct,DSJC250.5,4,250,5000,0,0,0,0.0,0.8296148305420875,0.0,165.9229661084175,38.341501235961914,190.48065719604494,165.9229661084175,38.341501235961914,190.48065719604494,0.0,0.9646144970029127,
E2,KERB-noElim,DSJC250.5,4,250,5000,0,257,257,0.008395056,3.06660506093967,0.0027375732554969392,613.3210121879339,69.32150268554688,2198.2105224609386,611.6420009879339,69.32150268554688,2188.9445142578143,32.665587548638136,3.207761716999812,
E2,KERB-noMig,DSJC250.5,4,250,5000,0,96,96,0.00441179,0.1543114223279953,0.028590171313582723,30.86228446559906,8.161499977111816,27.030899429321373,29.979926465599057,8.161499977111816,27.030899429321373,45.95614583333333,0.2853368440119084,
E2,KERB-R1,DSJC500.1,0,500,5000,0,0,0,0.0,0.8564370228891373,0.0,171.28740457782746,21.085999488830566,83.21559638977051,171.28740457782746,21.085999488830566,83.21559638977051,0.0,1.0100448270095512,
E2,KERB-R2,DSJC500.1,0,500,5000,0,161,160,0.002995019,1.5425078260788918,0.0019416556268718854,308.5015652157783,9.855500221252441,181.0469566345217,307.9025614157784,9.855500221252441,174.23424987792984,18.602602484472047,1.7144062360021053,
E2,KERB-R3,DSJC500.1,0,500,5000,0,208,207,0.0047592,2.7001523611631395,0.0017625672048927968,540.0304722326279,6.424999952316284,447.93715667724615,539.0786322326278,6.424999952316284,433.33711317138716,22.88076923076923,2.867531012991094,
E2,KERB-R5,DSJC500.1,0,500,5000,3,173,173,0.005366898,2.182363425078392,0.0024592136847267853,436.4726850156784,5.964500188827515,397.4096084594729,435.3993054156784,5.964500188827515,377.7760585815449,30.493738636363638,2.3450177170016104,
E2,KERB-R10,DSJC500.1,0,500,5000,13,195,196,0.009890066000000001,2.9337599587373733,0.003371123111332009,586.7519917474747,5.869999885559082,1275.6137817382946,584.7739785474746,5.869999885559082,1253.4843559082078,47.54839423076923,3.090397166990442,
E2,KERB-R25,DSJC500.1,0,500,5000,12,302,302,0.021377844,3.079351108106613,0.006942321044106107,615.8702216213227,7.021999835968018,4639.7291259765625,611.5946528213227,7.021999835968018,4594.702213867188,68.08230573248407,3.242612644986366,
E2,KERB-kempe,DSJC500.1,0,500,5000,0,0,0,0.0,0.4748215489125252,0.0,94.96430978250504,25.853500366210938,104.65230178833009,94.96430978250504,25.853500366210938,104.65230178833009,0.0,0.6438860130001558,
E2,KERB-direct,DSJC500.1,0,500,5000,0,0,0,0.0,0.730158564494133,0.0,146.0317128988266,21.19700050354004,154.1512008666992,146.0317128988266,21.19700050354004,154.1512008666992,0.0,0.9081307699962053,
E2,KERB-noElim,DSJC500.1,0,500,5000,0,0,0,0.0,1.763996734785676,0.0,352.7993469571352,3.4539999961853027,311.5065399169932,352.7993469571352,3.4539999961853027,311.5065399169932,0.0,1.921886309995898,
E2,KERB-noMig,DSJC500.1,0,500,5000,0,55,55,0.0014823220000000001,0.06809555709075928,0.021768263060456768,13.619111418151855,5.433000087738037,15.743800449371363,13.322647018151855,5.433000087738037,15.743800449371363,26.951309090909092,0.22754045500187203,
E2,KERB-R1,DSJC500.1,1,500,5000,0,0,0,0.0,0.443350857360363,0.0,88.6701714720726,32.667999267578125,95.46944923400882,88.6701714720726,32.667999267578125,95.46944923400882,0.0,0.6085338880075142,
E2,KERB-R2,DSJC500.1,1,500,5000,0,177,177,0.003590857,1.9758666176109314,0.0018173579977487514,395.17332352218625,10.315999984741211,224.52564468383815,394.45515212218623,10.315999984741211,212.99179871215833,20.287327683615818,2.130981177004287,
E2,KERB-R3,DSJC500.1,1,500,5000,0,364,357,0.007790379000000001,2.1652290379447936,0.0035979468515693488,433.0458075889587,9.337500095367432,487.19901275634777,431.4877317889587,9.337500095367432,470.03139367675783,21.402140109890112,2.3304400429915404,
E2,KERB-R5,DSJC500.1,1,500,5000,6,176,176,0.005728422,3.273246765123844,0.001750073370891505,654.6493530247689,6.196000099182129,848.597027587899,653.5036686247688,6.196000099182129,848.597027587899,31.474846153846155,3.4296422159968643,
E2,KERB-R10,DSJC500.1,1,500,5000,22,340,336,0.013823019,4.023072537978172,0.003435935810132539,804.6145075956344,6.789499998092651,4788.7640625,801.8499037956345,6.789499998092651,4750.909844726562,38.185135359116025,4.212124359997688,
E2,KERB-R25,DSJC500.1,1,500,5000,19,519,511,0.030080229,4.658882503871441,0.006456533079553716,931.7765007742881,9.867500305175781,5131.159838867187,925.7604549742881,9.867500305175781,5057.644216406251,55.9112063197026,4.8286829570133705,
E2,KERB-kempe,DSJC500.1,1,500,5000,0,0,0,0.0,0.7611613095378875,0.0,152.2322619075775,32.714500427246094,123.98839988708497,152.2322619075775,32.714500427246094,123.98839988708497,0.0,0.9099356149963569,
E2,KERB-direct,DSJC500.1,1,500,5000,0,0,0,0.0,0.5861681479654313,0.0,117.23362959308625,20.900500297546387,109.04774780273443,117.23362959308625,20.900500297546387,109.04774780273443,0.0,0.7420533749973401,
E2,KERB-noElim,DSJC500.1,1,500,5000,0,2,2,6.710699999999999e-05,2.771065970345259,2.4217034425794943e-05,554.2131940690517,3.3585000038146973,356.8480072021485,554.1997726690518,3.3585000038146973,356.8480072021485,33.5535,2.9319633419945603,
E2,KERB-noMig,DSJC500.1,1,500,5000,0,46,46,0.0009667040000000001,0.058100229074001315,0.016638557461946063,11.620045814800262,5.336999893188477,15.862599658966074,11.426705014800262,5.336999893188477,15.862599658966074,21.01530434782609,0.23188445600681007,
E2,KERB-R1,DSJC500.1,2,500,5000,0,0,0,0.0,0.44966606129837033,0.0,89.93321225967408,42.31949996948242,151.50990219116213,89.93321225967408,42.31949996948242,151.50990219116213,0.0,0.6046857569890562,
E2,KERB-R2,DSJC500.1,2,500,5000,0,161,161,0.003136027,2.1926567458868025,0.0014302407368973107,438.53134917736054,32.303998947143555,299.6510421752932,437.9041437773605,32.303998947143555,290.83716125488445,19.478428571428573,2.348926254999242,
E2,KERB-R3,DSJC500.1,2,500,5000,0,246,245,0.006226772000000001,3.2278726237487794,0.0019290637289052523,645.5745247497558,8.815500259399414,713.4442199707034,644.3291703497558,8.815500259399414,696.8453733154312,25.312081300813013,3.414657725006691,
E2,KERB-R5,DSJC500.1,2,500,5000,13,262,260,0.008124397,4.198895953565597,0.0019348888588441838,839.7791907131195,7.516000032424927,2288.193017578128,838.1543113131195,7.516000032424927,2280.4208740234376,29.54326181818182,4.381579278997378,
E2,KERB-R10,DSJC500.1,2,500,5000,19,406,393,0.014756700000000001,5.095030390743733,0.0028962928320916126,1019.0060781487465,6.759999990463257,4955.1260986328125,1016.0547381487467,6.759999990463257,4929.5204869140625,34.72164705882353,5.263669152001967,
E2,KERB-R25,DSJC500.1,2,500,5000,23,296,296,0.011971065,5.143510470892429,0.0023274114182804313,1028.7020941784858,6.922999858856201,4959.244067382812,1026.307881178486,6.922999858856201,4926.700588085938,37.52684952978056,5.308349864004413,
E2,KERB-kempe,DSJC500.1,2,500,5000,0,0,0,0.0,0.43012088660907744,0.0,86.02417732181549,27.551000595092773,185.42379760742205,86.02417732181549,27.551000595092773,185.42379760742205,0.0,0.5872157739941031,
E2,KERB-direct,DSJC500.1,2,500,5000,0,0,0,0.0,0.3182292385878563,0.0,63.64584771757126,29.895499229431152,120.81434707641603,63.64584771757126,29.895499229431152,120.81434707641603,0.0,0.4979567609989317,
E2,KERB-noElim,DSJC500.1,2,500,5000,0,1,1,6.5985e-05,2.7019056187776327,2.4421652459441654e-05,540.3811237555266,3.5049999952316284,439.9889038085951,540.3679267555266,3.5049999952316284,439.9889038085951,65.985,2.865226302994415,
E2,KERB-noMig,DSJC500.1,2,500,5000,0,41,41,0.0011191769999999998,0.06408264094638824,0.017464589215920538,12.81652818927765,5.688000202178955,16.129199695587157,12.592692789277649,5.688000202178955,16.129199695587157,27.296999999999997,0.23078495499794371,
E2,KERB-R1,DSJC500.1,3,500,5000,0,0,0,0.0,0.40195440374279023,0.0,80.39088074855805,22.781999588012695,98.53164749145512,80.39088074855805,22.781999588012695,98.53164749145512,0.0,0.5603550240048207,
E2,KERB-R2,DSJC500.1,3,500,5000,0,190,190,0.0058896389999999995,1.987345829800129,0.0029635702612425194,397.4691659600258,9.732999801635742,209.30254364013706,396.2912381600258,9.732999801635742,205.87205276489263,30.998099999999997,2.139742369996384,
E2,KERB-R3,DSJC500.1,3,500,5000,0,362,355,0.007335978999999999,2.9335201190042497,0.0025007426921926533,586.7040238008499,6.85099983215332,482.235211181641,585.23682800085,6.85099983215332,465.4540087158204,20.26513535911602,3.086779168006615,
E2,KERB-R5,DSJC500.1,3,500,5000,3,188,188,0.005971531000000001,2.5338736399726867,0.002356680659128831,506.77472799453733,6.0934998989105225,740.0065368652366,505.5804217945375,6.0934998989105225,738.1415269775398,31.26456020942409,2.6869682329997886,
E2,KERB-R10,DSJC500.1,3,500,5000,12,245,245,0.012531251,3.2912223149085045,0.0038074763115321084,658.2444629817008,6.542999982833862,4342.668310546876,655.7382127817009,6.542999982833862,4304.797860546875,48.75973151750973,3.4478626970085315,
E2,KERB-R25,DSJC500.1,3,500,5000,13,315,315,0.019826133000000003,4.288156153937817,0.004623463392720354,857.6312307875634,6.671999931335449,4721.147900390626,853.6660041875632,6.671999931335449,4694.67174765625,60.445527439024396,4.444906670003547,
E2,KERB-kempe,DSJC500.1,3,500,5000,0,0,0,0.0,0.5602793496456147,0.0,112.05586992912292,33.26449966430664,115.49514884948734,112.05586992912292,33.26449966430664,115.49514884948734,0.0,0.7132929490035167,
E2,KERB-direct,DSJC500.1,3,500,5000,0,0,0,0.0,0.4186842826604843,0.0,83.73685653209687,23.902999877929688,107.5000476837159,83.73685653209687,23.902999877929688,107.5000476837159,0.0,0.5750863590074005,
E2,KERB-noElim,DSJC500.1,3,500,5000,0,2,2,6.854099999999999e-05,2.5857788384058478,2.65069073124042e-05,517.1557676811696,2.8910000324249268,132.44125595092797,517.1420594811694,2.8910000324249268,132.44125595092797,34.2705,2.74007476499537,
E2,KERB-noMig,DSJC500.1,3,500,5000,0,37,37,0.0007921419999999999,0.05697091491985321,0.013904322953464707,11.394182983970643,5.377999782562256,13.495400428771978,11.235754583970643,5.377999782562256,13.495400428771978,21.409243243243242,0.2143744799977867,
E2,KERB-R1,DSJC500.1,4,500,5000,0,0,0,0.0,0.3291773567247391,0.0,65.83547134494782,21.4375,142.50064849853518,65.83547134494782,21.4375,142.50064849853518,0.0,0.4769922260020394,
E2,KERB-R2,DSJC500.1,4,500,5000,0,254,249,0.005582556000000001,1.3141698569073677,0.004247971425198729,262.83397138147353,25.65499973297119,238.95705413818362,261.71746018147354,25.65499973297119,227.30045089721733,21.97856692913386,1.4809474170033354,
E2,KERB-R3,DSJC500.1,4,500,5000,0,298,298,0.006864414000000001,2.1119751885609626,0.0032502342059601607,422.39503771219256,7.390499830245972,442.53411407470753,421.02215491219255,7.390499830245972,426.943885546875,23.034946308724834,2.27336606499739,
E2,KERB-R5,DSJC500.1,4,500,5000,4,198,197,0.005957075,2.81820281287384,0.0021137850593248536,563.6405625747681,5.789000034332275,805.4938232421875,562.4491475747681,5.789000034332275,790.0634368896492,29.490470297029702,2.970671229995787,
E2,KERB-R10,DSJC500.1,4,500,5000,14,219,218,0.014727753000000001,3.177165222480774,0.004635501136607674,635.4330444961548,6.804500102996826,2932.5816040039103,632.4874938961548,6.804500102996826,2886.339611816419,63.209240343347645,3.372632552011055,
E2,KERB-R25,DSJC500.1,4,500,5000,18,398,399,0.028121919000000002,4.529290025587082,0.006208902243206399,905.8580051174164,8.293499946594238,5139.414624023438,900.2336213174165,8.293499946594238,5056.646644726563,67.60076682692308,4.690528068007552,
E2,KERB-kempe,DSJC500.1,4,500,5000,0,0,0,0.0,0.5813939828338623,0.0,116.27879656677246,20.154500007629395,141.2571548461914,116.27879656677246,20.154500007629395,141.2571548461914,0.0,0.7462978510011453,
E2,KERB-direct,DSJC500.1,4,500,5000,0,0,0,0.0,0.39645893521595,0.0,79.29178704319,23.96150016784668,164.48730468750003,79.29178704319,23.96150016784668,164.48730468750003,0.0,0.5672453959996346,
E2,KERB-noElim,DSJC500.1,4,500,5000,0,0,0,0.0,2.530305349389076,0.0,506.06106987781527,2.8239998817443848,139.8510444641115,506.06106987781527,2.8239998817443848,139.8510444641115,0.0,2.6852003870008048,
E2,KERB-noMig,DSJC500.1,4,500,5000,0,43,43,0.000949182,0.05335347894763946,0.01779044251137807,10.670695789527892,5.196000099182129,11.653749895095828,10.480859389527893,5.196000099182129,11.653749895095828,22.074,0.20527036000567023,
E2,KERB-R1,DSJR500.1,0,500,5000,0,0,0,0.0,0.3594428967399597,0.0,71.88857934799195,16.417999267578125,59.83495121002204,71.88857934799195,16.417999267578125,59.83495121002204,0.0,0.49518891000479925,
E2,KERB-R2,DSJR500.1,0,500,5000,0,239,231,0.0034834539999999995,0.7008853935370445,0.004970076466311586,140.1770787074089,8.223999977111816,150.2757446289063,139.4803879074089,8.223999977111816,142.8817988281251,14.575121338912133,0.8241952979878988,
E2,KERB-R3,DSJR500.1,0,500,5000,0,185,184,0.0028900739999999994,0.8825970315003395,0.003274511353258373,176.5194063000679,5.399500131607056,192.16794357299815,175.9413915000679,5.399500131607056,187.6433053161622,15.62202162162162,1.0184034640114987,
E2,KERB-R5,DSJR500.1,0,500,5000,7,117,116,0.002633384,0.8248205458543301,0.0031926750773071514,164.964109170866,4.955499887466431,102.87979927063066,164.437432370866,4.955499887466431,102.87979927063066,21.236967741935484,0.9411932849907316,
E2,KERB-R10,DSJR500.1,0,500,5000,4,114,114,0.004066112,0.8062597596950531,0.005043178642002302,161.2519519390106,5.111500024795532,83.22704696655283,160.43872953901064,5.111500024795532,83.22704696655283,34.458576271186445,0.9290969010035042,
E2,KERB-R25,DSJR500.1,0,500,5000,8,206,200,0.009938609999999999,1.221640156947136,0.008135464394717072,244.3280313894272,5.388499975204468,641.9941986084027,242.34030938942718,5.388499975204468,641.9941986084027,46.442102803738315,1.3395573500019964,
E2,KERB-kempe,DSJR500.1,0,500,5000,0,0,0,0.0,0.251562481323719,0.0,50.31249626474381,21.000499725341797,64.85265007019045,50.31249626474381,21.000499725341797,64.85265007019045,0.0,0.37649823099491186,
E2,KERB-direct,DSJR500.1,0,500,5000,0,0,0,0.0,0.2610377946379185,0.0,52.2075589275837,19.792999267578125,65.23069648742677,52.2075589275837,19.792999267578125,65.23069648742677,0.0,0.38194034100160934,
E2,KERB-noElim,DSJR500.1,0,500,5000,0,3,3,6.9763e-05,0.7436466125451326,9.381203225176531e-05,148.72932250902653,2.8459999561309814,116.12234992980962,148.71536990902652,2.8459999561309814,116.12234992980962,23.254333333333335,0.8609548419917701,
E2,KERB-noMig,DSJR500.1,0,500,5000,0,27,27,0.00048646500000000005,0.0470303991587162,0.010343628986824002,9.40607983174324,4.703500032424927,17.067149448394776,9.308786831743241,4.703500032424927,17.067149448394776,18.017222222222223,0.16191134600376245,
E2,KERB-R1,DSJR500.1,1,500,5000,0,0,0,0.0,0.19822971965360642,0.0,39.64594393072128,19.06849956512451,70.570849609375,39.64594393072128,19.06849956512451,70.570849609375,0.0,0.338881775009213,
E2,KERB-R2,DSJR500.1,1,500,5000,0,111,109,0.0016940129999999999,0.8118613584194183,0.0020865791707318213,162.37227168388367,6.439500093460083,153.75915298461925,162.03346908388366,6.439500093460083,148.46420598144536,15.261378378378378,0.9371708609978668,
E2,KERB-R3,DSJR500.1,1,500,5000,0,147,147,0.002342205,0.7859271182131767,0.0029801809171886785,157.18542364263536,5.3465001583099365,192.21359710693375,156.71698264263534,5.3465001583099365,187.8372524291993,15.933367346938775,0.9030274919932708,
E2,KERB-R5,DSJR500.1,1,500,5000,6,121,118,0.0026057399999999996,1.0438799752063752,0.002496206519801134,208.77599504127502,4.8454999923706055,131.38579788208045,208.254847041275,4.8454999923706055,131.38579788208045,20.51763779527559,1.1580362179956865,
E2,KERB-R10,DSJR500.1,1,500,5000,8,276,272,0.009717019999999998,1.8047899401988983,0.005384017155441994,360.95798803977965,6.084500074386597,2745.884423828149,359.01458403977966,6.084500074386597,2699.726830175803,34.21485915492957,1.9285534649970941,
E2,KERB-R25,DSJR500.1,1,500,5000,7,748,718,0.04207313,3.2723412420430185,0.0128571951663979,654.4682484086037,9.333000183105469,3709.431481933594,646.0536224086037,9.333000183105469,3648.2829380859375,55.726,3.3950701959984144,
E2,KERB-kempe,DSJR500.1,1,500,5000,0,0,0,0.0,0.24991809712219237,0.0,49.98361942443848,18.16699981689453,76.96204795837403,49.98361942443848,18.16699981689453,76.96204795837403,0.0,0.3688076649996219,
E2,KERB-direct,DSJR500.1,1,500,5000,0,0,0,0.0,0.283399303283453,0.0,56.6798606566906,16.065000534057617,51.1733003616333,56.6798606566906,16.065000534057617,51.1733003616333,0.0,0.4007780690008076,
E2,KERB-noElim,DSJR500.1,1,500,5000,0,106,106,0.0016809350000000002,0.6551835035306215,0.0025655942051987846,131.0367007061243,3.051500082015991,191.1934516906739,130.7005137061243,3.051500082015991,184.51185137939453,15.857877358490567,0.7779442760074744,
E2,KERB-noMig,DSJR500.1,1,500,5000,0,18,18,0.000394284,0.05693503296375275,0.006925156261014513,11.387006592750549,5.073999881744385,19.027949142456063,11.30814979275055,5.073999881744385,19.027949142456063,21.904666666666667,0.19643099400855135,
E2,KERB-R1,DSJR500.1,2,500,5000,0,0,0,0.0,0.27532482272028924,0.0,55.064964544057844,17.29050064086914,46.95010128021241,55.064964544057844,17.29050064086914,46.95010128021241,0.0,0.3925070959958248,
E2,KERB-R2,DSJR500.1,2,500,5000,0,207,198,0.002653156,0.807647842215538,0.0032850406592084334,161.5295684431076,7.447499990463257,182.11620025634772,160.9989372431076,7.447499990463257,171.55604927978516,12.817178743961353,0.9311876059946371,
E2,KERB-R3,DSJR500.1,2,500,5000,0,305,304,0.005777726,0.7784965039470195,0.007421646687822765,155.6993007894039,5.813500165939331,329.1279113769533,154.54375558940393,5.813500165939331,309.4007906372075,18.94336393442623,0.8937796670070384,
E2,KERB-R5,DSJR500.1,2,500,5000,10,177,177,0.0041486,1.0652801303193569,0.0038943747113318484,213.05602606387137,5.3374998569488525,212.19640197753924,212.22630606387136,5.3374998569488525,209.18404998779354,22.185026737967913,1.1863133750011912,
E2,KERB-R10,DSJR500.1,2,500,5000,20,390,390,0.01418101,2.2191850984339716,0.006390188006402538,443.8370196867943,7.293500185012817,3378.009033203125,441.00081768679433,7.293500185012817,3340.329896972657,34.58782926829269,2.342469113005791,
E2,KERB-R25,DSJR500.1,2,500,5000,16,610,587,0.028296395000000002,2.7460461267647744,0.010304413580021361,549.2092253529548,8.08400011062622,3577.133630371094,543.5499463529549,8.08400011062622,3526.0285980468752,45.2019089456869,2.8642466649907874,
E2,KERB-kempe,DSJR500.1,2,500,5000,0,0,0,0.0,0.21131015522146224,0.0,42.26203104429245,16.41100025177002,53.51405105590821,42.26203104429245,16.41100025177002,53.51405105590821,0.0,0.3338567699975101,
E2,KERB-direct,DSJR500.1,2,500,5000,0,0,0,0.0,0.29162930636096,0.0,58.325861272192,19.35800075531006,59.34415168762207,58.325861272192,19.35800075531006,59.34415168762207,0.0,0.42377520201262087,
E2,KERB-noElim,DSJR500.1,2,500,5000,0,1,1,7.5021e-05,0.7333794418933391,0.00010229493181090678,146.67588837866782,3.072000026702881,156.43985061645523,146.66088417866783,3.072000026702881,156.43985061645523,75.021,0.8533566349942703,
E2,KERB-noMig,DSJR500.1,2,500,5000,0,49,49,0.000766447,0.059559734958648684,0.012868542825654467,11.911946991729737,4.9120001792907715,17.5894006729126,11.758657591729737,4.9120001792907715,17.5894006729126,15.641775510204083,0.170051250999677,
E2,KERB-R1,DSJR500.1,3,500,5000,0,0,0,0.0,0.22272806356930733,0.0,44.545612713861466,18.500499725341797,71.3432987213135,44.545612713861466,18.500499725341797,71.3432987213135,0.0,0.33800674600934144,
E2,KERB-R2,DSJR500.1,3,500,5000,0,133,133,0.001826225,0.942594592703104,0.0019374448083378933,188.5189185406208,6.440999984741211,140.1693038940431,188.15367354062082,6.440999984741211,138.1054458618164,13.731015037593984,1.0574465760000749,
E2,KERB-R3,DSJR500.1,3,500,5000,0,240,240,0.0036637049999999997,1.2786251033878326,0.0028653473096161516,255.72502067756653,5.634999990463257,334.50975189208987,254.9922796775665,5.634999990463257,322.8624864868166,15.265437499999999,1.3948445470014121,
E2,KERB-R5,DSJR500.1,3,500,5000,15,254,254,0.005411676000000001,1.8451225578906536,0.0029329628955307094,369.0245115781307,5.631999969482422,928.5387207031253,367.94217637813074,5.631999969482422,903.4150294921886,20.11775464684015,1.963658727996517,
E2,KERB-R10,DSJR500.1,3,500,5000,17,407,407,0.012525356999999999,2.46700076022768,0.005077159764978764,493.40015204553606,6.447000026702881,3340.66201171875,490.8950806455361,6.447000026702881,3312.1862853515627,29.540936320754717,2.5871506560069975,
E2,KERB-R25,DSJR500.1,3,500,5000,17,447,435,0.0206978,2.808631851875782,0.007369353155407926,561.7263703751564,7.724499940872192,3478.43642578125,557.5868103751565,7.724499940872192,3424.9940838867187,44.60732758620689,2.9330248320038663,
E2,KERB-kempe,DSJR500.1,3,500,5000,0,0,0,0.0,0.37488088421201704,0.0,74.97617684240342,14.11549997329712,89.53084869384766,74.97617684240342,14.11549997329712,89.53084869384766,0.0,0.49305453299894,
E2,KERB-direct,DSJR500.1,3,500,5000,0,0,0,0.0,0.3032968409385681,0.0,60.659368187713625,18.871000289916992,65.89435043334963,60.659368187713625,18.871000289916992,65.89435043334963,0.0,0.43863085500197485,
E2,KERB-noElim,DSJR500.1,3,500,5000,0,98,98,0.0010073710000000002,1.4769656870301962,0.0006820544369081234,295.3931374060392,3.115499973297119,264.7750457763677,295.1916632060392,3.115499973297119,264.7750457763677,10.279295918367348,1.6010231639957055,
E2,KERB-noMig,DSJR500.1,3,500,5000,0,32,32,0.0005716890000000001,0.04265633805036545,0.013402205302409972,8.53126761007309,4.640999794006348,17.02174987792969,8.41692981007309,4.640999794006348,17.02174987792969,17.865281250000002,0.15352083199832123,
E2,KERB-R1,DSJR500.1,4,500,5000,0,0,0,0.0,0.28799833585381507,0.0,57.59966717076301,16.76349925994873,87.97899742126465,57.59966717076301,16.76349925994873,87.97899742126465,0.0,0.42232269600208383,
E2,KERB-R2,DSJR500.1,4,500,5000,0,130,130,0.001819509,0.6864469945659637,0.0026506183498559337,137.28939891319274,6.433000087738037,136.80665206909188,136.92549711319276,6.433000087738037,129.09364674682618,13.996223076923076,0.8031682260043453,
E2,KERB-R3,DSJR500.1,4,500,5000,0,208,208,0.003217185,0.9744028056924343,0.0033016992369123877,194.88056113848685,5.682000160217285,243.09465026855477,194.23712413848685,5.682000160217285,232.12289689941457,15.467235576923077,1.0903054559894372,
E2,KERB-R5,DSJR500.1,4,500,5000,9,267,267,0.006040955,1.5193964390990735,0.003975891245067012,303.8792878198147,6.0224997997283936,979.2167755126969,302.6710968198147,6.0224997997283936,962.4953329345716,21.88751811594203,1.636411743995268,
E2,KERB-R10,DSJR500.1,4,500,5000,13,314,312,0.009590196,1.7106815585019588,0.005606067331665234,342.1363117003918,5.853500127792358,3268.1576904296876,340.2182725003917,5.853500127792358,3237.332599707032,29.32781651376147,1.8235291040036827,
E2,KERB-R25,DSJR500.1,4,500,5000,17,528,516,0.027106535000000005,2.7362789224922657,0.009906349377318139,547.2557844984532,7.623500108718872,3638.4909057617188,541.8344774984531,7.623500108718872,3593.8981500976565,49.73676146788991,2.856671125002322,
E2,KERB-kempe,DSJR500.1,4,500,5000,0,0,0,0.0,0.3081955212535858,0.0,61.63910425071716,16.26300048828125,58.472150039672854,61.63910425071716,16.26300048828125,58.472150039672854,0.0,0.42112180800177157,
E2,KERB-direct,DSJR500.1,4,500,5000,0,0,0,0.0,0.27100448559498785,0.0,54.200897118997574,18.008000373840332,59.09545116424561,54.200897118997574,18.008000373840332,59.09545116424561,0.0,0.40184773999499157,
E2,KERB-noElim,DSJR500.1,4,500,5000,0,97,97,0.0017770809999999996,1.015181968911767,0.0017505048891923848,203.0363937823534,2.6549999713897705,175.38654785156254,202.6809775823534,2.6549999713897705,175.38654785156254,18.320422680412367,1.1267789239936974,
E2,KERB-noMig,DSJR500.1,4,500,5000,0,28,28,0.000497606,0.05200451610088348,0.009568515146544098,10.400903220176696,4.916499853134155,18.00210056304933,10.301382020176696,4.916499853134155,18.00210056304933,17.771642857142858,0.17422146300668828,
E2,KERB-R1,flat300_28_0,0,300,5000,0,0,0,0.0,0.595568073322773,0.0,119.11361466455459,34.24100112915039,125.61894760131837,119.11361466455459,34.24100112915039,125.61894760131837,0.0,0.7556075810134644,
E2,KERB-R2,flat300_28_0,0,300,5000,0,237,235,0.008891402,1.6815756451215744,0.005287542089346311,336.3151290243149,64.3385009765625,753.4560668945325,334.53684862431487,64.3385009765625,746.2787719726564,37.516464135021096,1.8505589589913143,
E2,KERB-R3,flat300_28_0,0,300,5000,0,507,498,0.025818818,3.500139436434269,0.007376511270163184,700.0278872868538,82.47000122070312,2758.0664428710943,694.8641236868538,82.47000122070312,2722.522799609378,50.92469033530572,3.678388668005937,
E2,KERB-R5,flat300_28_0,0,300,5000,31,638,578,0.043457593,6.711426921292782,0.006475164448580336,1342.2853842585564,167.86000061035156,7096.438916015627,1333.5938656585563,167.86000061035156,7057.6261855468765,64.95903288490284,6.891696414997568,
E2,KERB-R10,flat300_28_0,0,300,5000,39,822,694,0.09520498399999999,7.569362297114372,0.012577675669758136,1513.8724594228745,96.98450088500977,7089.443237304688,1494.8314626228746,96.98450088500977,6997.520414648438,110.57489430894309,7.74828519798757,
E2,KERB-R25,flat300_28_0,0,300,5000,34,745,660,0.09956858600000001,7.497777192790985,0.013279747242387238,1499.555438558197,134.2405014038086,7263.670019531251,1479.6417213581972,134.2405014038086,7149.936804296875,127.81589987163031,7.678815579012735,
E2,KERB-kempe,flat300_28_0,0,300,5000,0,0,0,0.0,0.7335485066490174,0.0,146.70970132980347,31.945499420166016,258.0822021484375,146.70970132980347,31.945499420166016,258.0822021484375,0.0,0.8985183820041129,
E2,KERB-direct,flat300_28_0,0,300,5000,0,0,0,0.0,0.6551462518978118,0.0,131.02925037956237,39.659000396728516,257.45759582519537,131.02925037956237,39.659000396728516,257.45759582519537,0.0,0.812580085999798,
E2,KERB-noElim,flat300_28_0,0,300,5000,0,0,0,0.0,2.8891206090594532,0.0,577.8241218118906,96.34600067138672,2277.4697631835984,577.8241218118906,96.34600067138672,2277.4697631835984,0.0,3.0804131939949,
E2,KERB-noMig,flat300_28_0,0,300,5000,0,108,108,0.005143641,0.22527075780153274,0.022833149984480598,45.05415156030655,8.737500190734863,30.740099811553957,44.025423360306554,8.737500190734863,30.740099811553957,47.626305555555554,0.42172395800298546,
E2,KERB-R1,flat300_28_0,1,300,5000,0,0,0,0.0,0.7783533654227257,0.0,155.67067308454514,36.4114990234375,197.48030700683597,155.67067308454514,36.4114990234375,197.48030700683597,0.0,0.9686237849964527,
E2,KERB-R2,flat300_28_0,1,300,5000,0,164,162,0.006737954,2.1159566551985742,0.003184353509059792,423.19133103971484,62.35050010681152,745.3152282714846,421.8437402397148,62.35050010681152,744.2011199951174,41.08508536585366,2.289946537988726,
E2,KERB-R3,flat300_28_0,1,300,5000,0,334,327,0.016692232,3.4149110606069564,0.004888042969128798,682.9822121213913,68.97999954223633,2289.2131713867207,679.6437657213912,68.97999954223633,2289.2131713867207,49.97674251497006,3.591672465990996,
E2,KERB-R5,flat300_28_0,1,300,5000,23,348,327,0.026875374000000004,5.914264174009323,0.0045441619125006025,1182.8528348018647,35.43649864196777,6915.369946289063,1177.4777600018647,35.43649864196777,6843.3090740234375,72.44036118598383,6.091172372005531,
E2,KERB-R10,flat300_28_0,1,300,5000,26,736,659,0.086616339,7.653566855024338,0.011317120584520533,1530.7133710048674,105.06599807739258,7489.509008789063,1513.3901032048677,105.06599807739258,7408.680084765626,113.66973622047244,7.843701222998789,
E2,KERB-R25,flat300_28_0,1,300,5000,35,758,661,0.08634142199999999,8.009466493958474,0.010779921741994573,1601.8932987916946,68.93499755859375,7083.079638671876,1584.6250143916945,68.93499755859375,6984.676653515626,108.87947288776796,8.19814978800423,
E2,KERB-kempe,flat300_28_0,1,300,5000,0,0,0,0.0,1.4769992220726014,0.0,295.39984441452026,30.361000061035156,227.8356010437012,295.39984441452026,30.361000061035156,227.8356010437012,0.0,1.6472890230070334,
E2,KERB-direct,flat300_28_0,1,300,5000,0,0,0,0.0,1.2695671711721421,0.0,253.9134342344284,33.24099922180176,170.9739501953126,253.9134342344284,33.24099922180176,170.9739501953126,0.0,1.4384466460032854,
E2,KERB-noElim,flat300_28_0,1,300,5000,0,3,3,0.00017584899999999998,3.2341969466661213,5.437176612922996e-05,646.8393893332243,31.087499618530273,1770.2940551757813,646.8042195332243,31.087499618530273,1770.2940551757813,58.61633333333333,3.406929114004015,
E2,KERB-noMig,flat300_28_0,1,300,5000,0,118,118,0.0056296409999999995,0.21329604379558564,0.026393555641356488,42.65920875911713,8.628499984741211,31.285949134826723,41.533280559117124,8.628499984741211,31.285949134826723,47.7088220338983,0.3809337740094634,
E2,KERB-R1,flat300_28_0,2,300,5000,0,0,0,0.0,0.7224590171532631,0.0,144.49180343065262,30.94099998474121,122.85434913635255,144.49180343065262,30.94099998474121,122.85434913635255,0.0,0.8829598079901189,
E2,KERB-R2,flat300_28_0,2,300,5000,0,217,214,0.008856062,2.1346193859000206,0.00414877802501827,426.9238771800041,76.89200210571289,803.5853576660174,425.15266478000416,76.89200210571289,801.0842085937503,40.811345622119816,2.3088908860081574,
E2,KERB-R3,flat300_28_0,2,300,5000,0,511,487,0.023734329,3.746179462752819,0.006335609181563131,749.2358925505638,104.74100112915039,2801.8527832031305,744.4890267505639,104.74100112915039,2753.9086357421897,46.4468277886497,3.922455448002438,
E2,KERB-R5,flat300_28_0,2,300,5000,32,421,392,0.029817952000000005,7.04078175528574,0.004235034266985298,1408.156351057148,186.14149475097656,7389.498120117189,1402.1927606571478,186.14149475097656,7320.953743945317,65.823293598234,7.231810099998256,
E2,KERB-R10,flat300_28_0,2,300,5000,31,863,728,0.094073448,8.268236790894509,0.011377691565824468,1653.6473581789016,144.31649780273438,7392.50925292969,1634.8326685789016,144.31649780273438,7272.302194531251,105.22757046979866,8.447653511990211,
E2,KERB-R25,flat300_28_0,2,300,5000,24,763,644,0.085797127,8.099303897668838,0.010593148261135669,1619.8607795337678,125.93350219726562,7513.902075195314,1602.7013541337678,125.93350219726562,7468.283984375001,109.01795044472682,8.291093348991126,
E2,KERB-kempe,flat300_28_0,2,300,5000,0,0,0,0.0,0.9184861708016395,0.0,183.69723416032792,27.998499870300293,212.48890075683596,183.69723416032792,27.998499870300293,212.48890075683596,0.0,1.1010658580053132,
E2,KERB-direct,flat300_28_0,2,300,5000,0,0,0,0.0,1.1589449277305603,0.0,231.78898554611206,50.81099891662598,248.0535530090332,231.78898554611206,50.81099891662598,248.0535530090332,0.0,1.3225818689970765,
E2,KERB-noElim,flat300_28_0,2,300,5000,0,133,133,0.005250683,3.5110201284546854,0.0014954864420874162,702.204025690937,69.88850021362305,2275.4923828125106,701.153889090937,69.88850021362305,2275.1960755859473,39.47881954887218,3.6843346459936583,
E2,KERB-noMig,flat300_28_0,2,300,5000,0,89,89,0.004218068,0.17544102953577043,0.02404265416796351,35.088205907154084,8.407999992370605,31.431850624084547,34.24459230715408,8.407999992370605,31.431850624084547,47.39402247191011,0.3287076859996887,
E2,KERB-R1,flat300_28_0,3,300,5000,0,0,0,0.0,0.8274182175731659,0.0,165.48364351463317,30.909000396728516,125.71084976196289,165.48364351463317,30.909000396728516,125.71084976196289,0.0,0.9957659969950328,
E2,KERB-R2,flat300_28_0,3,300,5000,0,387,373,0.017538527999999998,1.8185782098002434,0.009644087840426984,363.7156419600487,54.65650177001953,632.7260162353516,360.2079363600487,54.65650177001953,622.5907501953128,45.31919379844961,1.987843700000667,
E2,KERB-R3,flat300_28_0,3,300,5000,0,598,568,0.028355851,3.976303178589344,0.007131209499487835,795.2606357178688,82.36999893188477,2537.6241577148453,789.5894655178688,82.36999893188477,2499.2950250000004,47.4178110367893,4.157296981997206,
E2,KERB-R5,flat300_28_0,3,300,5000,31,431,403,0.031550548000000005,5.805415091979027,0.005434675643364657,1161.0830183958053,76.3754997253418,6769.181933593752,1154.7729087958053,76.3754997253418,6723.394202148439,68.29122943722945,5.9846080069983145,
E2,KERB-R10,flat300_28_0,3,300,5000,27,663,591,0.07786926300000001,7.682086162544251,0.01013647352455759,1536.41723250885,147.70399475097656,7784.341796875002,1520.84337990885,147.70399475097656,7719.520219335939,112.85400434782609,7.887299326001084,
E2,KERB-R25,flat300_28_0,3,300,5000,30,752,653,0.10084098999999999,8.142367541088104,0.012384725878699909,1628.4735082176207,105.31099700927734,7621.728222656252,1608.305310217621,105.31099700927734,7479.114818164064,128.9526726342711,8.342138187013916,
E2,KERB-kempe,flat300_28_0,3,300,5000,0,0,0,0.0,0.7094045408120155,0.0,141.8809081624031,36.6870002746582,142.14764633178723,141.8809081624031,36.6870002746582,142.14764633178723,0.0,0.8746820210071746,
E2,KERB-direct,flat300_28_0,3,300,5000,0,0,0,0.0,0.748727308737278,0.0,149.7454617474556,34.41300010681152,162.8640495300293,149.7454617474556,34.41300010681152,162.8640495300293,0.0,0.9111248350091046,
E2,KERB-noElim,flat300_28_0,3,300,5000,0,1,1,0.00020925999999999999,3.7034678606529234,5.650379802758902e-05,740.6935721305847,78.3754997253418,2217.34194335938,740.6517201305847,78.3754997253418,2217.34194335938,209.26,3.889880880989949,
E2,KERB-noMig,flat300_28_0,3,300,5000,0,101,101,0.004967035,0.20227800851345062,0.024555486958285497,40.455601702690124,8.63700008392334,30.53255071640018,39.46219470269013,8.63700008392334,30.53255071640018,49.17856435643564,0.35830496200651396,
E2,KERB-R1,flat300_28_0,4,300,5000,0,0,0,0.0,0.670702558839798,0.0,134.1405117679596,36.83100128173828,145.49540634155287,134.1405117679596,36.83100128173828,145.49540634155287,0.0,0.8367630080028903,
E2,KERB-R2,flat300_28_0,4,300,5000,0,341,329,0.014347985,1.7213570992479323,0.008335275118840066,344.2714198495865,59.13199996948242,873.9732116699221,341.4018228495865,59.13199996948242,836.9423767089847,42.07620234604106,1.9167463409976335,
E2,KERB-R3,flat300_28_0,4,300,5000,0,387,373,0.020252455000000003,4.578554457042217,0.004423329500613442,915.7108914084434,92.26750183105469,3102.9072021484385,911.6604004084435,92.26750183105469,3099.534191894532,52.33192506459949,4.758856084998115,
E2,KERB-R5,flat300_28_0,4,300,5000,31,518,487,0.033196040999999996,7.123692051314831,0.004659948908638317,1424.7384102629662,118.90999984741211,6965.625708007813,1418.099202062966,118.90999984741211,6931.4732125,60.46637704918032,7.3100924659956945,
E2,KERB-R10,flat300_28_0,4,300,5000,30,755,652,0.08965188399999999,8.029019462528229,0.011165981651733329,1605.8038925056458,191.73049926757812,7541.159619140626,1587.8735157056458,191.73049926757812,7478.246443554691,114.20622165605094,8.208254211000167,
E2,KERB-R25,flat300_28_0,4,300,5000,29,728,625,0.081110856,7.705781365590095,0.010525974220109303,1541.156273118019,119.54499816894531,7279.7693603515645,1524.934101918019,119.54499816894531,7181.961523437501,107.14776221928666,7.879883514993708,
E2,KERB-kempe,flat300_28_0,4,300,5000,0,0,0,0.0,0.7415658824214936,0.0,148.3131764842987,33.47949981689453,171.86704711914064,148.3131764842987,33.47949981689453,171.86704711914064,0.0,0.904636663995916,
E2,KERB-direct,flat300_28_0,4,300,5000,0,0,0,0.0,0.8546137243909836,0.0,170.9227448781967,36.16800117492676,211.89934539794922,170.9227448781967,36.16800117492676,211.89934539794922,0.0,1.015981157994247,
E2,KERB-noElim,flat300_28_0,4,300,5000,0,106,106,0.003998796999999999,3.6749414596287013,0.0010881253603435683,734.9882919257402,100.77249908447266,2472.6026000976613,734.1885325257402,100.77249908447266,2472.6026000976613,37.7245,3.8486924419994466,
E2,KERB-noMig,flat300_28_0,4,300,5000,0,93,93,0.004482987,0.19500145259571075,0.0229895056694496,39.00029051914215,8.460000038146973,33.050049209594725,38.10369311914215,8.460000038146973,33.050049209594725,48.20416129032258,0.3550371500023175,
E2,KERB-R1,le450_15c,0,450,5000,0,0,0,0.0,0.46417447836732867,0.0,92.83489567346572,33.60949897766113,132.38714447021485,92.83489567346572,33.60949897766113,132.38714447021485,0.0,0.6407195690117078,
E2,KERB-R2,le450_15c,0,450,5000,0,298,292,0.007619865,1.363944879796505,0.005586637050272041,272.788975959301,39.96049880981445,390.21078796386735,271.265002959301,39.96049880981445,386.7288604736333,25.570016778523488,1.5411388450011145,
E2,KERB-R3,le450_15c,0,450,5000,0,321,317,0.01080993,2.5469994068546296,0.0042441823782556455,509.3998813709259,13.809499740600586,991.8433258056672,507.23789537092597,13.809499740600586,987.0505716796879,33.675794392523365,2.7342656690016156,
E2,KERB-R5,le450_15c,0,450,5000,28,326,317,0.014845515,3.948674046061039,0.003759620274256113,789.7348092122078,7.991999864578247,4510.430200195316,786.7657062122079,7.991999864578247,4480.901359375004,41.93648305084746,4.112718114993186,
E2,KERB-R10,le450_15c,0,450,5000,20,417,406,0.02533982,4.451809548793316,0.005692026966173447,890.3619097586632,9.75,5482.541650390626,885.2939457586631,9.75,5431.090550195315,57.98585812356979,4.621207357005915,
E2,KERB-R25,le450_15c,0,450,5000,21,814,676,0.13674704999999998,6.40877916274643,0.02133745703002164,1281.755832549286,22.498499870300293,6205.337377929687,1254.406422549286,22.498499870300293,5999.3434609375,163.7689221556886,6.598439442997915,
E2,KERB-kempe,le450_15c,0,450,5000,0,0,0,0.0,0.46426767324876783,0.0,92.85353464975357,35.43550109863281,123.37214889526376,92.85353464975357,35.43550109863281,123.37214889526376,0.0,0.62643928801117,
E2,KERB-direct,le450_15c,0,450,5000,0,0,0,0.0,0.40774682318019867,0.0,81.54936463603974,32.9064998626709,125.93604774475098,81.54936463603974,32.9064998626709,125.93604774475098,0.0,0.5724469459964894,
E2,KERB-noElim,le450_15c,0,450,5000,0,2,2,8.352199999999999e-05,2.7145823919517995,3.076790015570212e-05,542.9164783903599,2.9574999809265137,335.26229858398443,542.8997739903599,2.9574999809265137,335.26229858398443,41.760999999999996,2.880054018998635,
E2,KERB-noMig,le450_15c,0,450,5000,0,63,63,0.001932853,0.10423467904567718,0.0185432815421535,20.846935809135438,6.704999923706055,28.874950504302983,20.460365209135436,6.704999923706055,28.874950504302983,30.68020634920635,0.27440670000214595,
E2,KERB-R1,le450_15c,1,450,5000,0,0,0,0.0,0.5900122199659348,0.0,118.00244399318694,24.786999702453613,101.39234886169434,118.00244399318694,24.786999702453613,101.39234886169434,0.0,0.7997778139979346,
E2,KERB-R2,le450_15c,1,450,5000,0,201,199,0.0056109409999999995,2.4831859706530572,0.0022595734134742912,496.6371941306114,17.62950038909912,310.2659515380863,495.5150059306114,17.62950038909912,296.4606934082036,27.91512935323383,2.6653077410010155,
E2,KERB-R3,le450_15c,1,450,5000,0,429,417,0.015060967,2.7674209525256157,0.005442239275616887,553.4841905051231,11.070499897003174,871.0157257080094,550.4719971051233,11.070499897003174,846.0217501708994,35.107149184149186,2.950065499986522,
E2,KERB-R5,le450_15c,1,450,5000,35,340,338,0.014402419000000001,5.612667970529556,0.0025660557644996648,1122.5335941059113,8.456000328063965,5236.181323242187,1119.6531103059112,8.456000328063965,5218.675833593752,38.40645066666667,5.795198669002275,
E2,KERB-R10,le450_15c,1,450,5000,33,371,371,0.020883718,5.806271685903073,0.0035967517763082204,1161.2543371806146,9.026500225067139,5655.446264648438,1157.0775935806143,9.026500225067139,5614.110291796876,51.692371287128715,6.000309415991069,
E2,KERB-R25,le450_15c,1,450,5000,21,812,687,0.122030474,6.596860037109375,0.018498266343918303,1319.372007421875,30.615500450134277,5965.2486328125,1294.9659126218748,30.615500450134277,5781.508153906251,146.4951668667467,6.8163621819985565,
E2,KERB-kempe,le450_15c,1,450,5000,0,0,0,0.0,0.8024972659020424,0.0,160.49945318040847,21.13599967956543,110.08794975280763,160.49945318040847,21.13599967956543,110.08794975280763,0.0,0.9774786439957097,
E2,KERB-direct,le450_15c,1,450,5000,0,0,0,0.0,0.7983595823783874,0.0,159.67191647567748,27.730000495910645,190.52669677734397,159.67191647567748,27.730000495910645,190.52669677734397,0.0,0.9588120520056691,
E2,KERB-noElim,le450_15c,1,450,5000,0,61,61,0.0010763049999999998,3.0804291879378556,0.00034940098743854427,616.0858375875712,3.0759999752044678,941.2398254394534,615.8705765875712,3.0759999752044678,928.6466721923829,17.64434426229508,3.2458421100018313,
E2,KERB-noMig,le450_15c,1,450,5000,0,47,47,0.0014153229999999998,0.08425584410524369,0.016797920844898603,16.851168821048738,6.458000183105469,27.608250331878665,16.568104221048735,6.458000183105469,27.608250331878665,30.113255319148934,0.2395045650046086,
E2,KERB-R1,le450_15c,2,450,5000,0,0,0,0.0,0.41364625045251846,0.0,82.7292500905037,24.60800075531006,107.83790321350102,82.7292500905037,24.60800075531006,107.83790321350102,0.0,0.5698604719946161,
E2,KERB-R2,le450_15c,2,450,5000,0,274,269,0.007395201999999999,2.2846094974045754,0.00323696544569271,456.92189948091504,22.70050048828125,290.1070037841799,455.44285908091507,22.70050048828125,278.9873467407227,26.989788321167882,2.4489236930094194,
E2,KERB-R3,le450_15c,2,450,5000,0,447,431,0.014512792,2.9363232979435923,0.004942504801894194,587.2646595887184,9.349500179290771,888.5418304443363,584.3621011887184,9.349500179290771,868.5724914550783,32.467096196868006,3.0977203369984636,
E2,KERB-R5,le450_15c,2,450,5000,14,250,250,0.011745498,4.17436119603014,0.0028137234533442117,834.872239206028,7.447000026702881,3753.603344726565,832.523139606028,7.447000026702881,3744.1074482421877,44.490522727272726,4.338886967001599,
E2,KERB-R10,le450_15c,2,450,5000,22,353,342,0.017059877,4.405369738134861,0.0038725187700641866,881.0739476269722,8.233500003814697,5441.6197265625,877.6619722269721,8.233500003814697,5411.060669726563,45.493005333333336,4.571512451002491,
E2,KERB-R25,le450_15c,2,450,5000,23,770,667,0.12262701599999999,6.780116119292259,0.018086270772129546,1356.023223858452,13.994500160217285,5928.399194335938,1331.497820658452,13.994500160217285,5705.771931054688,154.636842370744,6.948366979995626,
E2,KERB-kempe,le450_15c,2,450,5000,0,0,0,0.0,0.35500954455804823,0.0,71.00190891160965,28.44700050354004,178.08880157470708,71.00190891160965,28.44700050354004,178.08880157470708,0.0,0.5120233909983654,
E2,KERB-direct,le450_15c,2,450,5000,0,0,0,0.0,0.41448732806015015,0.0,82.89746561203003,34.16549873352051,132.35179824829103,82.89746561203003,34.16549873352051,132.35179824829103,0.0,0.5715440700005274,
E2,KERB-noElim,le450_15c,2,450,5000,0,0,0,0.0,2.396011493917942,0.0,479.2022987835884,22.243000030517578,862.3954986572269,479.2022987835884,22.243000030517578,862.3954986572269,0.0,2.559273746010149,
E2,KERB-noMig,le450_15c,2,450,5000,0,74,74,0.002282067,0.09191735794973373,0.024827378102490496,18.383471589946748,6.886000156402588,27.176099872589145,17.927058189946745,6.886000156402588,27.176099872589145,30.838743243243243,0.2504168960003881,
E2,KERB-R1,le450_15c,3,450,5000,0,0,0,0.0,0.6465744353713989,0.0,129.3148870742798,28.474499702453613,166.14719314575203,129.3148870742798,28.474499702453613,166.14719314575203,0.0,0.8164034040091792,
E2,KERB-R2,le450_15c,3,450,5000,0,223,222,0.006228776999999999,1.5660869262194634,0.003977286889838406,313.2173852438927,38.4010009765625,389.4506607055666,311.9716298438927,38.4010009765625,385.0847949707031,27.931735426008963,1.745455824988312,
E2,KERB-R3,le450_15c,3,450,5000,0,291,291,0.010356919999999999,3.0827663807926178,0.003359618836032948,616.5532761585235,20.295000076293945,1168.787585449219,614.4818921585236,20.295000076293945,1164.6784076660163,35.590790378006865,3.2589452610118315,
E2,KERB-R5,le450_15c,3,450,5000,24,301,300,0.014540477,4.083173223534107,0.0035610727745257857,816.6346447068214,9.129500389099121,4694.825634765626,813.7265493068213,9.129500389099121,4686.57761230469,44.73992923076923,4.254938319994835,
E2,KERB-R10,le450_15c,3,450,5000,33,460,458,0.032114893,5.947580223643303,0.005399656968448156,1189.5160447286605,22.996999740600586,5923.77021484375,1183.0930661286607,22.996999740600586,5848.206513671875,65.14177079107505,6.123199026988004,
E2,KERB-R25,le450_15c,3,450,5000,29,837,735,0.142055347,7.711676662093162,0.018420812130035838,1542.3353324186326,18.682000160217285,6221.7666748046895,1513.9242630186327,18.682000160217285,6015.2897523437505,164.03619745958432,7.883060249994742,
E2,KERB-kempe,le450_15c,3,450,5000,0,0,0,0.0,0.5320328447380066,0.0,106.40656894760131,26.055999755859375,76.9178520202637,106.40656894760131,26.055999755859375,76.9178520202637,0.0,0.6958554809971247,
E2,KERB-direct,le450_15c,3,450,5000,0,0,0,0.0,0.5252131158490181,0.0,105.04262316980362,21.595999717712402,77.14234886169434,105.04262316980362,21.595999717712402,77.14234886169434,0.0,0.6803499790112255,
E2,KERB-noElim,le450_15c,3,450,5000,0,102,102,0.003316861,2.7782275302479267,0.0011938766583685844,555.6455060495854,3.9839999675750732,666.1803314208987,554.9821338495854,3.9839999675750732,665.7832611083988,32.518245098039216,2.9454661140043754,
E2,KERB-noMig,le450_15c,3,450,5000,0,105,105,0.003717219,0.15443774501752852,0.024069368531495324,30.887549003505708,9.5169997215271,33.5675981521607,30.144105203505703,9.5169997215271,33.5675981521607,35.40208571428572,0.33287508599460125,
E2,KERB-R1,le450_15c,4,450,5000,0,0,0,0.0,0.4065076111006737,0.0,81.30152222013473,25.175500869750977,70.12065162658696,81.30152222013473,25.175500869750977,70.12065162658696,0.0,0.5903710929997033,
E2,KERB-R2,le450_15c,4,450,5000,0,353,348,0.011226903,2.4821046309714316,0.004523138492999822,496.4209261942863,19.889500617980957,321.34644470214863,494.17554559428635,19.889500617980957,308.52103941650427,31.804257790368272,2.659833586993045,
E2,KERB-R3,le450_15c,4,450,5000,0,269,264,0.008388946,3.261353168680668,0.0025722286321397153,652.2706337361336,8.951499938964844,1054.6678161621094,650.5928445361336,8.951499938964844,1042.3385738769541,31.185672862453533,3.4300615579995792,
E2,KERB-R5,le450_15c,4,450,5000,32,453,450,0.021607974000000002,5.016766600150109,0.00430715154246033,1003.3533200300217,18.29349994659424,5336.360205078126,999.0317252300217,18.29349994659424,5303.918815625001,44.55252371134021,5.189611516005243,
E2,KERB-R10,le450_15c,4,450,5000,39,447,441,0.029248350000000003,5.651023353313446,0.005175761657904032,1130.2046706626893,22.824000358581543,5671.978295898438,1124.3550006626892,22.824000358581543,5617.544458007813,60.18179012345679,5.821044441006961,
E2,KERB-R25,le450_15c,4,450,5000,28,854,749,0.13823494,7.433726204754829,0.01859564587024753,1486.7452409509658,35.37899971008301,6267.95690917969,1459.098252950966,35.37899971008301,6063.711904296878,156.72895691609978,7.610533932995168,
E2,KERB-kempe,le450_15c,4,450,5000,0,0,0,0.0,0.496351097345829,0.0,99.2702194691658,20.661499977111816,118.31129837036134,99.2702194691658,20.661499977111816,118.31129837036134,0.0,0.6963581949967192,
E2,KERB-direct,le450_15c,4,450,5000,0,0,0,0.0,0.451866684905529,0.0,90.37333698110581,27.229999542236328,114.58270034790044,90.37333698110581,27.229999542236328,114.58270034790044,0.0,0.6200554539973382,
E2,KERB-noElim,le450_15c,4,450,5000,0,1,1,9.2528e-05,2.899221243985653,3.191477718092283e-05,579.8442487971306,6.36650013923645,1039.599774169923,579.8257431971306,6.36650013923645,1039.599774169923,92.528,3.0694362969952635,
E2,KERB-noMig,le450_15c,4,450,5000,0,56,56,0.001956905,0.08903441802501678,0.02197919684778701,17.806883605003357,6.504000186920166,21.131399536132857,17.415502605003358,6.504000186920166,21.131399536132857,34.94473214285714,0.24204310700588394,
E2,KERB-R1,le450_25c,0,450,5000,0,0,0,0.0,0.39727630867147445,0.0,79.4552617342949,26.332500457763672,89.10005073547364,79.4552617342949,26.332500457763672,89.10005073547364,0.0,0.5600100029987516,
E2,KERB-R2,le450_25c,0,450,5000,0,450,435,0.016810784999999998,2.6035362149820327,0.006456904614294375,520.7072429964065,28.869999885559082,405.48544616699274,517.3450859964065,28.869999885559082,397.35663704834,37.3573,2.779087590010022,
E2,KERB-R3,le450_25c,0,450,5000,0,407,398,0.014310082,2.770051492491245,0.0051659985522977524,554.0102984982491,23.520999908447266,1304.3904785156265,551.1482820982491,23.520999908447266,1299.2092544433604,35.15990663390664,2.9376655359956203,
E2,KERB-R5,le450_25c,0,450,5000,32,506,490,0.023603346999999997,5.534774691977978,0.00426455426165953,1106.9549383955955,9.781499862670898,5400.755175781251,1102.2342689955958,9.781499862670898,5368.2895617187505,43.87239219330855,5.72036881299573,
E2,KERB-R10,le450_25c,0,450,5000,39,513,503,0.028976768,6.439940230618477,0.00449953989669515,1287.9880461236953,16.38800048828125,5933.352612304688,1282.1926925236953,16.38800048828125,5887.505670117188,52.49414492753623,6.61616447599954,
E2,KERB-R25,le450_25c,0,450,5000,25,852,734,0.114152354,7.043651980378151,0.016206415978245355,1408.73039607563,46.21299934387207,6391.992138671875,1385.89992527563,46.21299934387207,6243.991082226564,130.16231927023944,7.2193187049997505,
E2,KERB-kempe,le450_25c,0,450,5000,0,0,0,0.0,0.389560421169281,0.0,77.9120842338562,29.918999671936035,93.23924865722657,77.9120842338562,29.918999671936035,93.23924865722657,0.0,0.5512236399954418,
E2,KERB-direct,le450_25c,0,450,5000,0,0,0,0.0,0.32182695593452454,0.0,64.3653911869049,23.64699935913086,76.30464897155765,64.3653911869049,23.64699935913086,76.30464897155765,0.0,0.482224077990395,
E2,KERB-noElim,le450_25c,0,450,5000,0,4,4,0.000172039,2.2931763576532602,7.502214098180283e-05,458.63527153065206,25.994999885559082,917.6941802978519,458.60086373065207,25.994999885559082,917.6941802978519,43.00975,2.467597769005806,
E2,KERB-noMig,le450_25c,0,450,5000,0,101,100,0.0035741399999999995,0.1296681106953621,0.027563754733783113,25.93362213907242,7.631500005722046,34.528450965881355,25.21879413907242,7.631500005722046,34.528450965881355,35.387524752475244,0.3130526180029847,
E2,KERB-R1,le450_25c,1,450,5000,0,0,0,0.0,0.40569105368947983,0.0,81.13821073789596,35.4060001373291,126.92625274658204,81.13821073789596,35.4060001373291,126.92625274658204,0.0,0.5765555300022243,
E2,KERB-R2,le450_25c,1,450,5000,0,332,324,0.01091336,1.576516897172451,0.006922450383864308,315.3033794344902,37.31599998474121,398.3771636962895,313.1207074344902,37.31599998474121,390.64316253662156,32.871566265060245,1.7410679480090039,
E2,KERB-R3,le450_25c,1,450,5000,0,699,677,0.025711428,2.955783695754051,0.008698683884390514,591.1567391508103,37.67700004577637,1127.4736389160157,586.0144535508102,37.67700004577637,1108.548996337892,36.78315879828326,3.1250060799939092,
E2,KERB-R5,le450_25c,1,450,5000,36,575,562,0.028118828000000002,6.219056606243133,0.00452139766211041,1243.8113212486267,34.708499908447266,5589.57392578125,1238.1875556486268,34.708499908447266,5538.549340820313,46.02099509001637,6.399645369005157,
E2,KERB-R10,le450_25c,1,450,5000,30,475,462,0.03860742700000001,6.735877222876072,0.005731610853725668,1347.1754445752144,11.196499824523926,5918.321557617188,1339.4539591752145,11.196499824523926,5838.833379492187,76.4503504950495,6.913453375993413,
E2,KERB-R25,le450_25c,1,450,5000,32,936,781,0.137197398,8.285808603631974,0.016558118170851947,1657.1617207263946,84.31399917602539,6657.373608398438,1629.7222411263947,84.31399917602539,6420.120550390626,141.73284917355372,8.469127984993975,
E2,KERB-kempe,le450_25c,1,450,5000,0,0,0,0.0,0.41612017507171634,0.0,83.22403501434326,30.13949966430664,125.99705123901377,83.22403501434326,30.13949966430664,125.99705123901377,0.0,0.5876966119976714,
E2,KERB-direct,le450_25c,1,450,5000,0,0,0,0.0,0.3370047834324837,0.0,67.40095668649674,27.975000381469727,149.15115051269535,67.40095668649674,27.975000381469727,149.15115051269535,0.0,0.5013699900009669,
E2,KERB-noElim,le450_25c,1,450,5000,0,13,13,0.0004565680000000001,2.4585064842566253,0.0001857094959576858,491.701296851325,25.14199924468994,998.0722808837903,491.60998325132505,25.14199924468994,998.0722808837903,35.12061538461539,2.628759094994166,
E2,KERB-noMig,le450_25c,1,450,5000,0,90,90,0.0033880269999999996,0.1231501368546486,0.027511353917526002,24.630027370929717,7.677000045776367,34.15050144195557,23.952421970929716,7.677000045776367,34.15050144195557,37.64474444444444,0.2898812839994207,
E2,KERB-R1,le450_25c,2,450,5000,0,0,0,0.0,0.4713190812878609,0.0,94.26381625757217,23.920000076293945,88.77695312500002,94.26381625757217,23.920000076293945,88.77695312500002,0.0,0.638299251004355,
E2,KERB-R2,le450_25c,2,450,5000,0,333,323,0.009465679,2.5720800429410935,0.0036801650189611872,514.4160085882187,36.64200019836426,452.34775543212896,512.5228727882188,36.64200019836426,441.70614624023466,28.425462462462463,2.750648009998258,
E2,KERB-R3,le450_25c,2,450,5000,0,494,482,0.019216353999999998,2.963898067887783,0.0064834733043618135,592.7796135775566,33.3695011138916,1251.1793029785167,588.9363427775565,33.3695011138916,1213.311848632813,38.89950202429149,3.139037325992831,
E2,KERB-R5,le450_25c,2,450,5000,30,540,530,0.024254902,6.075251658959866,0.003992411073906466,1215.0503317919731,18.006999969482422,5536.573999023438,1210.199351391973,18.006999969482422,5511.655818945313,42.5524596491228,6.261530283009051,
E2,KERB-R10,le450_25c,2,450,5000,29,521,511,0.047822821,6.37776364918375,0.0074983683357599095,1275.5527298367501,40.79999923706055,6227.677099609375,1265.98816563675,40.79999923706055,6167.971766796875,86.95058363636365,6.5636298559984425,
E2,KERB-R25,le450_25c,2,450,5000,27,902,778,0.131683148,7.603411838310242,0.017318955069158117,1520.6823676620484,69.9379997253418,6510.303271484376,1494.3457380620484,69.9379997253418,6386.380519921876,141.74719913885897,7.787238974007778,
E2,KERB-kempe,le450_25c,2,450,5000,0,0,0,0.0,0.5487527203998566,0.0,109.75054407997132,28.577500343322754,134.86749725341798,109.75054407997132,28.577500343322754,134.86749725341798,0.0,0.7353963729983661,
E2,KERB-direct,le450_25c,2,450,5000,0,0,0,0.0,0.6483752807068824,0.0,129.6750561413765,30.279500007629395,144.33344268798828,129.6750561413765,30.279500007629395,144.33344268798828,0.0,0.8132031580025796,
E2,KERB-noElim,le450_25c,2,450,5000,0,51,51,0.002390161,2.715550593020201,0.0008801754628116479,543.1101186040402,6.900000095367432,895.7476531982422,542.6320864040401,6.900000095367432,895.7476531982422,46.86590196078431,2.8895285389880883,
E2,KERB-noMig,le450_25c,2,450,5000,0,102,102,0.004188015999999999,0.12190947702455521,0.034353490001080414,24.38189540491104,7.451000213623047,32.212299156189,23.54429220491104,7.451000213623047,32.212299156189,41.05898039215686,0.3149900140124373,
E2,KERB-R1,le450_25c,3,450,5000,0,0,0,0.0,0.31392487320232393,0.0,62.78497464046478,23.743000030517578,88.56660194396973,62.78497464046478,23.743000030517578,88.56660194396973,0.0,0.4778620279976167,
E2,KERB-R2,le450_25c,3,450,5000,0,327,323,0.011280504,2.0940265925045014,0.005386991760457193,418.8053185009003,26.789999961853027,435.4773391723641,416.5492177009003,26.789999961853027,426.33709875488285,34.49695412844037,2.2624142409913475,
E2,KERB-R3,le450_25c,3,450,5000,0,315,311,0.012151001,2.7682158303074837,0.004389470238182371,553.6431660614967,37.4375,1126.8638000488286,551.2129658614967,37.4375,1093.8965881347656,38.57460634920635,2.9447359219921054,
E2,KERB-R5,le450_25c,3,450,5000,39,609,586,0.031879937000000004,6.792668658711434,0.004693286041431559,1358.5337317422866,15.529000282287598,5647.692626953125,1352.1577443422868,15.529000282287598,5612.296363671876,49.19743364197531,6.975983707001433,
E2,KERB-R10,le450_25c,3,450,5000,42,536,526,0.038049597000000004,6.605496050770283,0.00576029365660781,1321.0992101540564,68.41600036621094,6177.403637695313,1313.4892907540568,68.41600036621094,6130.9168457031265,65.82975259515571,6.792094745003851,
E2,KERB-R25,le450_25c,3,450,5000,39,870,735,0.12127202599999999,7.5798830863046645,0.01599919479221445,1515.976617260933,47.392499923706055,6379.98134765625,1491.722212060933,47.392499923706055,6173.150985546878,133.4125698569857,7.762821004012949,
E2,KERB-kempe,le450_25c,3,450,5000,0,0,0,0.0,0.39868164314174653,0.0,79.7363286283493,27.970999717712402,118.25159759521493,79.7363286283493,27.970999717712402,118.25159759521493,0.0,0.5645609720086213,
E2,KERB-direct,le450_25c,3,450,5000,0,0,0,0.0,0.4145107966990471,0.0,82.90215933980942,33.08749961853027,122.71314811706543,82.90215933980942,33.08749961853027,122.71314811706543,0.0,0.5813326689967653,
E2,KERB-noElim,le450_25c,3,450,5000,0,94,94,0.0035231969999999996,3.0067562204499243,0.0011717601101271843,601.3512440899849,24.39050006866455,1065.3114379882843,600.6466046899849,24.39050006866455,1065.3114379882843,37.48081914893616,3.1899309630098287,
E2,KERB-noMig,le450_25c,3,450,5000,0,89,89,0.003059537,0.12168043875026703,0.02514403326798726,24.336087750053405,6.921000003814697,29.550299835205085,23.724180350053405,6.921000003814697,29.550299835205085,34.376820224719104,0.2709639410022646,
E2,KERB-R1,le450_25c,4,450,5000,0,0,0,0.0,0.5481453764066696,0.0,109.62907528133393,23.866000175476074,82.75745353698731,109.62907528133393,23.866000175476074,82.75745353698731,0.0,0.7041927410027711,
E2,KERB-R2,le450_25c,4,450,5000,0,221,218,0.00657473,1.8192858278942108,0.003613907116294159,363.85716557884217,30.574999809265137,379.9508621215822,362.5422195788422,30.574999809265137,367.0118560791017,29.74990950226244,2.0215095180028584,
E2,KERB-R3,le450_25c,4,450,5000,0,468,456,0.016896764,3.9622469387555124,0.004264439915324169,792.4493877511024,11.79699993133545,1022.5663787841798,789.0700349511026,11.79699993133545,1003.7746209716809,36.10419658119659,4.147417433006922,
E2,KERB-R5,le450_25c,4,450,5000,28,474,461,0.022246022,5.370329052779198,0.004142394587252986,1074.0658105558396,9.026000022888184,5495.603344726563,1069.6166061558395,9.026000022888184,5461.777205664062,44.31478486055777,5.5449232530081645,
E2,KERB-R10,le450_25c,4,450,5000,31,469,454,0.037189294000000005,5.8955568277740475,0.0063080206138970175,1179.1113655548095,13.331999778747559,5861.712475585938,1171.6735067548095,13.331999778747559,5798.225361328126,74.37858800000001,6.077301425000769,
E2,KERB-R25,le450_25c,4,450,5000,27,868,747,0.126305661,7.319662115953445,0.01725566822609375,1463.9324231906892,47.980499267578125,6576.546850585938,1438.6712909906892,47.980499267578125,6447.96145078125,141.123643575419,7.505632665997837,
E2,KERB-kempe,le450_25c,4,450,5000,0,0,0,0.0,1.0453918171372414,0.0,209.07836342744827,24.66550064086914,152.7163963317871,209.07836342744827,24.66550064086914,152.7163963317871,0.0,1.2114194519963348,
E2,KERB-direct,le450_25c,4,450,5000,0,0,0,0.0,0.7366953414087295,0.0,147.3390682817459,24.21500015258789,90.23420219421388,147.3390682817459,24.21500015258789,90.23420219421388,0.0,0.9147890400054166,
E2,KERB-noElim,le450_25c,4,450,5000,0,35,35,0.0017193450000000002,2.585347085223079,0.000665034497622065,517.0694170446158,18.297499656677246,935.0090240478523,516.7255480446158,18.297499656677246,935.0090240478523,49.124142857142864,2.765560904997983,
E2,KERB-noMig,le450_25c,4,450,5000,0,79,79,0.0028067279999999997,0.11616205741739273,0.02416217534710911,23.232411483478547,7.196000099182129,31.721799659729026,22.671065883478544,7.196000099182129,31.721799659729026,35.52820253164556,0.2799566869944101,
E2,KERB-R1,queen11_11,0,121,5000,0,0,0,0.0,0.13142901266431808,0.0,26.285802532863617,17.69099998474121,50.696299171447755,26.285802532863617,17.69099998474121,50.696299171447755,0.0,0.18743890400219243,
E2,KERB-R2,queen11_11,0,121,5000,0,203,201,0.003692133,0.5688548684310913,0.006490465679203815,113.77097368621826,40.31399917602539,336.86319427490264,113.03254708621827,40.31399917602539,336.2021469116212,18.18784729064039,0.631570505007403,
E2,KERB-R3,queen11_11,0,121,5000,0,696,667,0.012959083,1.2106663443980217,0.010704091230390674,242.13326887960434,61.280500411987305,814.761004638672,239.54145227960433,61.280500411987305,811.5498016357423,18.619372126436783,1.2743032049911562,
E2,KERB-R5,queen11_11,0,121,5000,37,789,749,0.026287833000000004,4.190319188588619,0.0062734679190045795,838.0638377177238,65.83649826049805,4120.146142578125,832.8062711177238,65.83649826049805,4098.317583398438,31.82546368038741,4.260896442996454,
E2,KERB-R10,queen11_11,0,121,5000,72,1289,1120,0.06274347400000001,6.76024751292944,0.009281239167648636,1352.049502585888,93.81500244140625,5129.713696289063,1339.5008077858881,93.81500244140625,5091.310262695314,46.101009551800146,6.8328583059919765,
E2,KERB-R25,queen11_11,0,121,5000,70,1249,1056,0.06650472199999999,6.71031665059948,0.009910817247954859,1342.063330119896,105.62249755859375,5117.322265625,1328.762385719896,105.62249755859375,5069.022924804688,50.42056254738438,6.7823307889921125,
E2,KERB-kempe,queen11_11,0,121,5000,0,0,0,0.0,0.20446034863328932,0.0,40.892069726657866,19.853500366210938,86.27380027771,40.892069726657866,19.853500366210938,86.27380027771,0.0,0.2612096240045503,
E2,KERB-direct,queen11_11,0,121,5000,0,0,0,0.0,0.15802804980754853,0.0,31.605609961509703,18.659000396728516,65.16114768981934,31.605609961509703,18.659000396728516,65.16114768981934,0.0,0.21607705700444058,
E2,KERB-noElim,queen11_11,0,121,5000,0,419,419,0.011023178999999998,0.9297810322903395,0.01185567205307091,185.9562064580679,36.8129997253418,600.4653137207034,183.7515706580679,36.8129997253418,596.7805953369141,26.308303102625295,0.9916868069994962,
E2,KERB-noMig,queen11_11,0,121,5000,0,25,25,0.000460771,0.05055216504335403,0.009114762930624994,10.110433008670807,4.627999782562256,10.455349922180178,10.018278808670807,4.627999782562256,10.455349922180178,18.43084,0.10115746399969794,
E2,KERB-R1,queen11_11,1,121,5000,0,0,0,0.0,0.18545882644319533,0.0,37.09176528863907,19.4685001373291,72.44755172729495,37.09176528863907,19.4685001373291,72.44755172729495,0.0,0.243986279994715,
E2,KERB-R2,queen11_11,1,121,5000,0,282,281,0.005414286,0.4739539187705517,0.011423654886206645,94.79078375411034,33.781999588012695,287.0171005249024,93.70792655411034,33.781999588012695,279.77890319824223,19.199595744680853,0.5414195920020575,
E2,KERB-R3,queen11_11,1,121,5000,0,574,555,0.011196548999999998,1.1000335726656914,0.010178370259070917,220.00671453313828,31.65149974822998,717.6368591308594,217.76740473313825,31.65149974822998,706.6782240234379,19.50618292682927,1.1608594549907139,
E2,KERB-R5,queen11_11,1,121,5000,49,501,500,0.015735062999999997,3.3816919640984535,0.00465301487156442,676.3383928196907,43.95750045776367,3981.3628784179696,673.1913802196907,43.95750045776367,3962.3217790039066,28.609205454545453,3.449383982006111,
E2,KERB-R10,queen11_11,1,121,5000,49,1191,1052,0.062177002,6.342261489899158,0.009803601144327559,1268.4522979798317,76.5634994506836,4939.085815429688,1256.0168975798317,76.5634994506836,4877.45951484375,50.142743548387095,6.410581274001743,
E2,KERB-R25,queen11_11,1,121,5000,52,1163,992,0.062147951,6.166771891728401,0.010077874144065574,1233.3543783456803,64.73849868774414,4827.293066406251,1220.9247881456804,64.73849868774414,4769.4056527343755,51.150576954732514,6.234467421003501,
E2,KERB-kempe,queen11_11,1,121,5000,0,0,0,0.0,0.19773852400159836,0.0,39.54770480031967,25.832500457763672,68.62105255126953,39.54770480031967,25.832500457763672,68.62105255126953,0.0,0.25363672099774703,
E2,KERB-direct,queen11_11,1,121,5000,0,0,0,0.0,0.18063419193077088,0.0,36.126838386154176,19.042500495910645,65.7001491546631,36.126838386154176,19.042500495910645,65.7001491546631,0.0,0.23804416100028902,
E2,KERB-noElim,queen11_11,1,121,5000,0,219,219,0.0048547880000000005,0.7117579197535515,0.006820841560401586,142.3515839507103,31.956000328063965,521.4550354003911,141.38062635071032,31.956000328063965,518.184216308594,22.16798173515982,0.7756069119932363,
E2,KERB-noMig,queen11_11,1,121,5000,0,39,39,0.000678629,0.06517346086883545,0.010412658633638801,13.03469217376709,4.8379998207092285,15.994800090789852,12.89896637376709,4.8379998207092285,15.994800090789852,17.40074358974359,0.1262742429971695,
E2,KERB-R1,queen11_11,2,121,5000,0,0,0,0.0,0.19141303684425354,0.0,38.282607368850705,18.759000778198242,80.52425193786621,38.282607368850705,18.759000778198242,80.52425193786621,0.0,0.25338428899704013,
E2,KERB-R2,queen11_11,2,121,5000,0,550,534,0.010785378,0.40791483533620837,0.026440269060355605,81.58296706724167,30.173500061035156,271.46889038085993,79.42589146724167,30.173500061035156,266.40023803710955,19.609778181818182,0.46904960898973513,
E2,KERB-R3,queen11_11,2,121,5000,0,570,555,0.011495563,1.196849436246395,0.009604853084990225,239.36988724927903,52.23349952697754,765.652038574219,237.070774649279,52.23349952697754,755.5126831054691,20.167654385964912,1.2643889370083343,
E2,KERB-R5,queen11_11,2,121,5000,41,897,860,0.02520658,3.837795169916153,0.006567984711010698,767.5590339832306,70.6520004272461,3919.36865234375,762.5177179832306,70.6520004272461,3895.202339257813,26.872686567164177,3.903849527006969,
E2,KERB-R10,queen11_11,2,121,5000,57,1297,1094,0.070709256,6.669589415222645,0.01060174046675399,1333.917883044529,104.95650100708008,5100.217236328125,1319.7760318445291,104.95650100708008,5054.579173828125,52.222493353028064,6.751680853005382,
E2,KERB-R25,queen11_11,2,121,5000,50,1198,1005,0.066568812,6.247942457058429,0.010654517460351422,1249.588491411686,76.76449966430664,4919.909399414064,1236.2747290116858,76.76449966430664,4840.587505078125,53.340394230769235,6.314768536001793,
E2,KERB-kempe,queen11_11,2,121,5000,0,0,0,0.0,0.24289336299896241,0.0,48.57867259979248,25.106499671936035,117.6689998626709,48.57867259979248,25.106499671936035,117.6689998626709,0.0,0.3160615329979919,
E2,KERB-direct,queen11_11,2,121,5000,0,0,0,0.0,0.1408019228334427,0.0,28.16038456668854,18.808499336242676,53.13379936218262,28.16038456668854,18.808499336242676,53.13379936218262,0.0,0.1965685480099637,
E2,KERB-noElim,queen11_11,2,121,5000,0,284,284,0.008640154,0.792884431961298,0.010897116467058772,158.5768863922596,23.375999450683594,564.7676635742188,156.84885559225958,23.375999450683594,554.8700225830079,30.423077464788733,0.8541098800051259,
E2,KERB-noMig,queen11_11,2,121,5000,0,30,30,0.000515805,0.05080884598207474,0.010151873950885936,10.161769196414948,4.644000053405762,11.202649688720706,10.058608196414948,4.644000053405762,11.202649688720706,17.193500000000004,0.1002611839940073,
E2,KERB-R1,queen11_11,3,121,5000,0,0,0,0.0,0.19247760223674773,0.0,38.49552044734955,20.274999618530273,69.17445297241215,38.49552044734955,20.274999618530273,69.17445297241215,0.0,0.25958613499824423,
E2,KERB-R2,queen11_11,3,121,5000,0,758,737,0.013845211,0.6117626454877854,0.02263167112624309,122.35252909755707,42.25749969482422,306.56790466308615,119.5834868975571,42.25749969482422,301.9843963623047,18.265449868073876,0.6715292599983513,
E2,KERB-R3,queen11_11,3,121,5000,0,659,641,0.011900494999999999,1.1776382243242265,0.010105391243417694,235.52764486484529,35.74300003051758,703.6544097900395,233.14754586484526,35.74300003051758,700.1104309082033,18.05841426403642,1.239303110007313,
E2,KERB-R5,queen11_11,3,121,5000,38,642,619,0.020782823,3.597066822404623,0.005777713905828076,719.4133644809247,53.794498443603516,4044.280737304688,715.2567998809246,53.794498443603516,4019.0200887695346,30.562975,3.6721042150020367,
E2,KERB-R10,queen11_11,3,121,5000,49,1194,1032,0.058426627,5.8431655051412585,0.009999139498717235,1168.6331010282518,82.1989974975586,4744.8919677734375,1156.9477756282515,82.1989974975586,4705.958693164063,47.00452695092518,5.911213087005308,
E2,KERB-R25,queen11_11,3,121,5000,55,1265,1083,0.067703864,6.9044853685536385,0.009805779922187409,1380.8970737107277,60.13800048828125,5191.430883789065,1367.3563009107277,60.13800048828125,5155.5408935546875,51.29080606060606,6.97382097398804,
E2,KERB-kempe,queen11_11,3,121,5000,0,0,0,0.0,0.17444541477298736,0.0,34.88908295459747,22.60949993133545,70.95124702453614,34.88908295459747,22.60949993133545,70.95124702453614,0.0,0.24087950900138821,
E2,KERB-direct,queen11_11,3,121,5000,0,0,0,0.0,0.17173225506925582,0.0,34.346451013851166,18.784500122070312,68.74919853210453,34.346451013851166,18.784500122070312,68.74919853210453,0.0,0.2338331740029389,
E2,KERB-noElim,queen11_11,3,121,5000,0,177,177,0.0026621149999999996,0.7638136593391895,0.0034852937852710287,152.7627318678379,20.994999885559082,578.1499572753909,152.23030886783792,20.994999885559082,575.2029754638676,15.040197740112992,0.8287179970066063,
E2,KERB-noMig,queen11_11,3,121,5000,0,46,46,0.00085397,0.07161769999313354,0.011924007613786475,14.323539998626709,4.747000217437744,18.463249874114993,14.152745998626708,4.747000217437744,18.463249874114993,18.564565217391305,0.12490881599660497,
E2,KERB-R1,queen11_11,4,121,5000,0,0,0,0.0,0.11184627902364731,0.0,22.369255804729463,15.253499984741211,48.40945091247559,22.369255804729463,15.253499984741211,48.40945091247559,0.0,0.16640221700072289,
E2,KERB-R2,queen11_11,4,121,5000,0,515,510,0.011520824,0.5727997565598488,0.020113178939167812,114.55995131196975,40.221500396728516,307.10568695068366,112.25578651196976,40.221500396728516,296.6878977661135,22.370532038834952,0.6373287859896664,
E2,KERB-R3,queen11_11,4,121,5000,0,622,604,0.013267182999999998,0.9950347197613716,0.013333387002999979,199.00694395227433,36.89850044250488,689.9131072998049,196.3535073522743,36.89850044250488,686.8033578613283,21.32987620578778,1.0616135460004443,
E2,KERB-R5,queen11_11,4,121,5000,52,1012,969,0.026125151000000003,4.512191218181848,0.005789903338920757,902.4382436363697,44.583499908447266,4026.915478515625,897.2132134363696,44.583499908447266,4002.984968945313,24.55371334586466,4.5930287549999775,
E2,KERB-R10,queen11_11,4,121,5000,56,1150,1038,0.057065013,6.004401309046268,0.009503863926287787,1200.8802618092536,76.21599960327148,5029.835986328125,1189.4672592092536,76.21599960327148,4978.470878906251,47.31758955223881,6.0735804779978935,
E2,KERB-R25,queen11_11,4,121,5000,64,1241,1052,0.069533851,6.4537473635630604,0.010774182359938387,1290.7494727126123,86.74850082397461,4935.6456298828125,1276.8427025126123,86.74850082397461,4881.871349023441,53.28264444444444,6.522056540008634,
E2,KERB-kempe,queen11_11,4,121,5000,0,0,0,0.0,0.2002046571779251,0.0,40.04093143558502,24.2214994430542,90.53860206604004,40.04093143558502,24.2214994430542,90.53860206604004,0.0,0.2585447790042963,
E2,KERB-direct,queen11_11,4,121,5000,0,0,0,0.0,0.17190959471368789,0.0,34.38191894273758,22.84950065612793,73.06189918518074,34.38191894273758,22.84950065612793,73.06189918518074,0.0,0.228770361005445,
E2,KERB-noElim,queen11_11,4,121,5000,0,570,570,0.013229761999999999,1.0011340387054681,0.013214775932608332,200.22680774109364,39.71449851989746,632.4837097167971,197.58085534109364,39.71449851989746,632.4837097167971,23.21010877192982,1.0657285030029016,
E2,KERB-noMig,queen11_11,4,121,5000,0,35,35,0.000621667,0.05695623392057419,0.010914819278025272,11.391246784114838,4.801000118255615,14.93134999275216,11.266913384114837,4.801000118255615,14.93134999275216,17.761914285714287,0.11122742699808441,
E2,KERB-R1,myciel7,0,191,5000,0,0,0,0.0,0.3458595417826176,0.0,69.17190835652352,12.229499816894531,39.097150039672854,69.17190835652352,12.229499816894531,39.097150039672854,0.0,0.40858289699826855,
E2,KERB-R2,myciel7,0,191,5000,0,88,88,0.001324277,0.6632434975204468,0.001996667897915086,132.64869950408936,4.534999847412109,49.218149566650425,132.38384410408935,4.534999847412109,47.757999420166065,15.048602272727273,0.7328314849874005,
E2,KERB-R3,myciel7,0,191,5000,0,76,76,0.001050846,0.7726056626148224,0.0013601324075771012,154.52113252296448,4.1575000286102295,26.97489957809449,154.31096332296448,4.1575000286102295,26.97489957809449,13.82692105263158,0.8389178319921484,
E2,KERB-R5,myciel7,0,191,5000,0,82,82,0.001348687,0.6400519663863182,0.0021071523420427537,128.01039327726363,4.012500047683716,31.65755014419556,127.74065587726366,4.012500047683716,31.65755014419556,16.44740243902439,0.7081715579988668,
E2,KERB-R10,myciel7,0,191,5000,11,207,205,0.009213922999999999,1.3133436442394257,0.007015622331911387,262.6687288478851,5.505500078201294,418.3081085205085,260.82594424788516,5.505500078201294,364.3095439209007,42.265701834862384,1.3946680460067,
E2,KERB-R25,myciel7,0,191,5000,9,550,419,0.035917538,3.9958323242192266,0.008988750048969629,799.1664648438453,7.917500019073486,7844.420166015625,791.9829572438454,7.917500019073486,7745.601888867188,64.25319856887299,4.082726145003107,
E2,KERB-kempe,myciel7,0,191,5000,0,0,0,0.0,0.6456368999061585,0.0,129.12737998123168,5.01800012588501,43.114898490905766,129.12737998123168,5.01800012588501,43.114898490905766,0.0,0.7096312629873864,
E2,KERB-direct,myciel7,0,191,5000,0,0,0,0.0,0.4082105409865379,0.0,81.64210819730759,12.675999641418457,47.86855106353763,81.64210819730759,12.675999641418457,47.86855106353763,0.0,0.48373769399768207,
E2,KERB-noElim,myciel7,0,191,5000,0,0,0,0.0,0.7353064406951666,0.0,147.0612881390333,2.00600004196167,36.28804988861085,147.0612881390333,2.00600004196167,36.28804988861085,0.0,0.798699361999752,
E2,KERB-noMig,myciel7,0,191,5000,0,31,31,0.00037613999999999996,0.027343087994098663,0.013756310190026108,5.4686175988197325,3.742000102996826,6.9755499124527,5.3933895988197325,3.742000102996826,6.9755499124527,12.133548387096774,0.08797324300394394,
E2,KERB-R1,myciel7,1,191,5000,0,0,0,0.0,0.2441174374027252,0.0,48.82348748054505,7.666499853134155,33.869648933410666,48.82348748054505,7.666499853134155,33.869648933410666,0.0,0.31037570800981484,
E2,KERB-R2,myciel7,1,191,5000,0,134,134,0.001716973,0.4453598162992001,0.003855249030474966,89.07196325984002,5.132999897003174,86.66019897460944,88.72856865984001,5.132999897003174,76.18009953308112,12.813231343283581,0.5097042239940492,
E2,KERB-R3,myciel7,1,191,5000,0,130,130,0.002040761,0.5583444447731972,0.0036550215894580436,111.66888895463943,4.5980000495910645,63.7774496078495,111.26073675463942,4.5980000495910645,61.7240509033206,15.698161538461537,0.62421167800494,
E2,KERB-R5,myciel7,1,191,5000,0,166,166,0.004159515999999999,0.7417336949207782,0.005607829371219628,148.34673898415565,5.498000144958496,87.57190093994163,147.51483578415565,5.498000144958496,87.57190093994163,25.057325301204816,0.8157903480023379,
E2,KERB-R10,myciel7,1,191,5000,6,222,215,0.008100754000000002,1.487561777987957,0.00544565887606826,297.5123555975914,5.189500093460083,465.74690093994155,295.89220479759143,5.189500093460083,395.7826546752953,35.529622807017546,1.5514585500059184,
E2,KERB-R25,myciel7,1,191,5000,10,545,457,0.043429381999999996,4.3467572265224454,0.00999121407908603,869.3514453044892,8.987000465393066,7517.245117187502,860.6655689044893,8.987000465393066,7410.273400195314,78.25113873873873,4.418211766009335,
E2,KERB-kempe,myciel7,1,191,5000,0,0,0,0.0,0.35640062022066116,0.0,71.28012404413224,14.699000358581543,39.76879997253425,71.28012404413224,14.699000358581543,39.76879997253425,0.0,0.42511451299651526,
E2,KERB-direct,myciel7,1,191,5000,0,0,0,0.0,0.33775129161047934,0.0,67.55025832209587,14.677000045776367,41.355749130249045,67.55025832209587,14.677000045776367,41.355749130249045,0.0,0.4040263530041557,
E2,KERB-noElim,myciel7,1,191,5000,0,0,0,0.0,0.8347676639189721,0.0,166.9535327837944,2.255000114440918,42.47525024414079,166.9535327837944,2.255000114440918,42.47525024414079,0.0,0.9002540060027968,
E2,KERB-noMig,myciel7,1,191,5000,0,33,33,0.000397406,0.028579162986278533,0.01390544573299096,5.715832597255707,3.7869999408721924,7.5012999296188365,5.636351397255706,3.7869999408721924,7.5012999296188365,12.042606060606062,0.0888226509996457,
E2,KERB-R1,myciel7,2,191,5000,0,0,0,0.0,0.36883536952495577,0.0,73.76707390499115,3.833500027656555,12.065399599075318,73.76707390499115,3.833500027656555,12.065399599075318,0.0,0.43184633798955474,
E2,KERB-R2,myciel7,2,191,5000,0,55,55,0.00080476,0.3566937165579796,0.0022561653391760506,71.33874331159592,4.005500078201294,41.65024986267091,71.17779131159591,4.005500078201294,41.65024986267091,14.632,0.41958692800835706,
E2,KERB-R3,myciel7,2,191,5000,0,83,83,0.0018388669999999999,0.3708404520506859,0.004958647283033369,74.16809041013718,4.137500047683716,10.669100189208988,73.80031701013718,4.137500047683716,10.669100189208988,22.155024096385542,0.43484401499154046,
E2,KERB-R5,myciel7,2,191,5000,0,104,104,0.0030001660000000003,0.25631110011863706,0.011705173902383988,51.262220023727416,4.823999881744385,9.938250303268463,50.66218682372742,4.823999881744385,9.938250303268463,28.84775,0.3172130070015555,
E2,KERB-R10,myciel7,2,191,5000,3,188,188,0.009092755,1.1592343765487672,0.00784375893602348,231.84687530975341,5.375999927520752,30.366949748992926,230.02832430975343,5.375999927520752,30.366949748992926,47.60604712041884,1.2313221219956176,
E2,KERB-R25,myciel7,2,191,5000,13,602,469,0.036093505000000005,4.8477807481589315,0.007445366627545487,969.5561496317863,7.909999847412109,8461.438574218755,962.3374486317864,7.909999847412109,8386.289445312503,58.68862601626017,4.919145193998702,
E2,KERB-kempe,myciel7,2,191,5000,0,0,0,0.0,0.6240342091209888,0.0,124.80684182419778,5.773999929428101,53.32174911499024,124.80684182419778,5.773999929428101,53.32174911499024,0.0,0.6923938399995677,
E2,KERB-direct,myciel7,2,191,5000,0,0,0,0.0,0.41774234821629525,0.0,83.54846964325905,5.243499994277954,32.28734931945801,83.54846964325905,5.243499994277954,32.28734931945801,0.0,0.4846622259938158,
E2,KERB-noElim,myciel7,2,191,5000,0,0,0,0.0,0.5400170199023485,0.0,108.0034039804697,2.0380001068115234,24.969349479675394,108.0034039804697,2.0380001068115234,24.969349479675394,0.0,0.6049503480026033,
E2,KERB-noMig,myciel7,2,191,5000,0,28,28,0.00035810499999999995,0.02882561999154091,0.012423149965381092,5.765123998308182,3.8389999866485596,7.017749881744395,5.6935029983081815,3.8389999866485596,7.017749881744395,12.789464285714285,0.09065297900815494,
E2,KERB-R1,myciel7,3,191,5000,0,0,0,0.0,0.5954451711883545,0.0,119.0890342376709,6.615499973297119,43.382701492309586,119.0890342376709,6.615499973297119,43.382701492309586,0.0,0.6673762529972009,
E2,KERB-R2,myciel7,3,191,5000,0,58,58,0.000854274,0.3951951608467102,0.002161650962956399,79.03903216934204,4.171999931335449,42.14194946289063,78.86817736934204,4.171999931335449,42.14194946289063,14.728862068965517,0.46122655300132465,
E2,KERB-R3,myciel7,3,191,5000,0,189,184,0.002826687,0.7315262624385357,0.0038640950368306207,146.30525248770715,4.75600004196167,142.12695083618166,145.73991508770715,4.75600004196167,133.29464698486336,14.956015873015872,0.7988815239950782,
E2,KERB-R5,myciel7,3,191,5000,0,195,195,0.0039024620000000006,0.839895871944189,0.004646364067686855,167.9791743888378,4.823999881744385,296.5754531860357,167.1986819888378,4.823999881744385,273.4167031860366,20.012625641025643,0.9068639769975562,
E2,KERB-R10,myciel7,3,191,5000,9,192,185,0.006720547999999999,1.516373710745573,0.004431986622015248,303.2747421491146,5.070000171661377,263.6222366333176,301.9306325491146,5.070000171661377,263.6222366333176,33.43556218905472,1.5822019680053927,
E2,KERB-R25,myciel7,3,191,5000,9,573,419,0.035746076,3.9605856767687797,0.009025452020814059,792.117135353756,7.690500020980835,7303.390625000002,784.9679201537559,7.690500020980835,7237.045305859376,61.419374570446735,4.034327738001593,
E2,KERB-kempe,myciel7,3,191,5000,0,0,0,0.0,0.46335072005796435,0.0,92.67014401159287,5.54200005531311,52.55609970092773,92.67014401159287,5.54200005531311,52.55609970092773,0.0,0.5260557019937551,
E2,KERB-direct,myciel7,3,191,5000,0,0,0,0.0,0.4789347923002243,0.0,95.78695846004486,6.268499851226807,53.25874938964844,95.78695846004486,6.268499851226807,53.25874938964844,0.0,0.5446952260099351,
E2,KERB-noElim,myciel7,3,191,5000,0,0,0,0.0,0.575588886674881,0.0,115.1177773349762,2.130000114440918,40.392498397827175,115.1177773349762,2.130000114440918,40.392498397827175,0.0,0.6376109009870561,
E2,KERB-noMig,myciel7,3,191,5000,0,29,29,0.00044031300000000007,0.026298815979242326,0.0167426929161959,5.259763195848465,3.7730000019073486,7.100399899482729,5.171700595848464,3.7730000019073486,7.100399899482729,15.183206896551726,0.08581841900013387,
E2,KERB-R1,myciel7,4,191,5000,0,0,0,0.0,0.3763254736545086,0.0,75.26509473090172,11.209500312805176,44.57229862213135,75.26509473090172,11.209500312805176,44.57229862213135,0.0,0.4400578589993529,
E2,KERB-R2,myciel7,4,191,5000,0,75,72,0.0010752770000000001,0.4810072072999477,0.002235469622245132,96.20144145998955,4.947499990463257,89.4970516204834,95.98638605998954,4.947499990463257,84.96565267028818,14.337026666666667,0.5454390839877306,
E2,KERB-R3,myciel7,4,191,5000,0,162,162,0.003193659,0.6525426872622967,0.004894176369363364,130.50853745245934,6.611999988555908,159.99804611206082,129.86980565245935,6.611999988555908,152.67560424804688,19.713944444444444,0.7184042479930213,
E2,KERB-R5,myciel7,4,191,5000,0,173,173,0.003300018,0.6825035070195198,0.004835166363336531,136.50070140390397,4.6579999923706055,264.28918609619257,135.84069780390396,4.6579999923706055,251.24230054321296,19.075248554913294,0.7461769439978525,
E2,KERB-R10,myciel7,4,191,5000,5,341,307,0.018933926,1.7245458996534349,0.010979079190530658,344.90917993068695,6.348999977111816,1315.763677978519,341.12239473068695,6.348999977111816,1260.6610779785176,54.72232947976878,1.794188565996592,
E2,KERB-R25,myciel7,4,191,5000,10,528,438,0.035810998,4.038030928816795,0.008868430834553605,807.6061857633591,8.0649995803833,7603.860864257814,800.443986163359,8.0649995803833,7528.818714257813,66.56319330855018,4.1075192319985945,
E2,KERB-kempe,myciel7,4,191,5000,0,0,0,0.0,0.5552481571257114,0.0,111.0496314251423,8.505499839782715,42.45735130310059,111.0496314251423,8.505499839782715,42.45735130310059,0.0,0.6212635490082903,
E2,KERB-direct,myciel7,4,191,5000,0,0,0,0.0,0.5431472600507736,0.0,108.62945201015472,8.72100019454956,41.19724864959719,108.62945201015472,8.72100019454956,41.19724864959719,0.0,0.6100217960047303,
E2,KERB-noElim,myciel7,4,191,5000,0,0,0,0.0,0.5681974910973311,0.0,113.6394982194662,2.1085000038146973,31.05949926376344,113.6394982194662,2.1085000038146973,31.05949926376344,0.0,0.6428197979985271,
E2,KERB-noMig,myciel7,4,191,5000,0,24,24,0.000421413,0.02836850194811821,0.014854961350116477,5.673700389623642,3.750499963760376,6.255250167846684,5.589417789623642,3.750499963760376,6.255250167846684,17.558875,0.09468908200506121,
E2,KERB-R1,school1,0,385,5000,0,0,0,0.0,3.196578117518425,0.0,639.315623503685,5.476500034332275,10.256249570846558,639.315623503685,5.476500034332275,10.256249570846558,0.0,3.4009011870075483,
E2,KERB-R2,school1,0,385,5000,0,0,0,0.0,2.474824892127514,0.0,494.96497842550275,5.3415000438690186,9.63144974708558,494.96497842550275,5.3415000438690186,9.63144974708558,0.0,2.634531642004731,
E2,KERB-R3,school1,0,385,5000,0,0,0,0.0,2.4980219096570013,0.0,499.6043819314003,5.333500146865845,9.408499622344976,499.6043819314003,5.333500146865845,9.408499622344976,0.0,2.652810370986117,
E2,KERB-R5,school1,0,385,5000,0,0,0,0.0,2.4784422873802185,0.0,495.6884574760437,5.421000003814697,9.34580025672913,495.6884574760437,5.421000003814697,9.34580025672913,0.0,2.633325593007612,
E2,KERB-R10,school1,0,385,5000,0,0,0,0.0,2.5773254348773955,0.0,515.4650869754792,5.267000198364258,9.563250255584721,515.4650869754792,5.267000198364258,9.563250255584721,0.0,2.7313648179988377,
E2,KERB-R25,school1,0,385,5000,0,326,287,0.110824972,7.023535076495171,0.015779087139592248,1404.707015299034,12.371500015258789,13926.59028320314,1382.542020899034,12.371500015258789,13604.71933320314,339.9539018404908,7.19949498900678,
E2,KERB-kempe,school1,0,385,5000,0,0,0,0.0,2.4702017524819375,0.0,494.0403504963875,5.3470001220703125,9.274100160598755,494.0403504963875,5.3470001220703125,9.274100160598755,0.0,2.6232419980078703,
E2,KERB-direct,school1,0,385,5000,0,0,0,0.0,3.058657754799843,0.0,611.7315509599686,5.494999885559082,10.243400049209596,611.7315509599686,5.494999885559082,10.243400049209596,0.0,3.2139690429903567,
E2,KERB-noElim,school1,0,385,5000,0,0,0,0.0,2.471748478899121,0.0,494.34969577982423,2.4509999752044678,5.156650209426886,494.34969577982423,2.4509999752044678,5.156650209426886,0.0,2.6332164330087835,
E2,KERB-noMig,school1,0,385,5000,0,0,0,0.0,0.02923281198978424,0.0,5.846562397956848,5.1539998054504395,8.451250219345093,5.846562397956848,5.1539998054504395,8.451250219345093,0.0,0.1862436980009079,
E2,KERB-R1,school1,1,385,5000,0,0,0,0.0,2.407416567267418,0.0,481.48331345348356,5.427000045776367,9.546399545669557,481.48331345348356,5.427000045776367,9.546399545669557,0.0,2.5649827949964674,
E2,KERB-R2,school1,1,385,5000,0,0,0,0.0,2.4018580169115067,0.0,480.3716033823013,5.676000118255615,11.590250158309937,480.3716033823013,5.676000118255615,11.590250158309937,0.0,2.5733397010044428,
E2,KERB-R3,school1,1,385,5000,0,0,0,0.0,2.465620964011192,0.0,493.12419280223844,5.454499959945679,9.884099817276,493.12419280223844,5.454499959945679,9.884099817276,0.0,2.626843321006163,
E2,KERB-R5,school1,1,385,5000,0,0,0,0.0,2.444923073003292,0.0,488.9846146006584,5.4730000495910645,10.023099756240844,488.9846146006584,5.4730000495910645,10.023099756240844,0.0,2.6232654159975937,
E2,KERB-R10,school1,1,385,5000,0,0,0,0.0,2.4711617904953957,0.0,494.23235809907914,5.482999801635742,10.224449968338014,494.23235809907914,5.482999801635742,10.224449968338014,0.0,2.63172793200647,
E2,KERB-R25,school1,1,385,5000,0,320,160,0.108646931,4.904170299399376,0.022153988211483237,980.8340598798752,12.268500328063965,40.42024974822999,959.1046736798752,12.268500328063965,40.42024974822999,339.521659375,5.068569932001992,
E2,KERB-kempe,school1,1,385,5000,0,0,0,0.0,2.4123100436210634,0.0,482.46200872421264,5.400000095367432,10.275399637222291,482.46200872421264,5.400000095367432,10.275399637222291,0.0,2.583059928001603,
E2,KERB-direct,school1,1,385,5000,0,0,0,0.0,2.460680606247902,0.0,492.13612124958036,5.51800012588501,10.160549831390384,492.13612124958036,5.51800012588501,10.160549831390384,0.0,2.6669771910092095,
E2,KERB-noElim,school1,1,385,5000,0,0,0,0.0,2.331941779008746,0.0,466.38835580174924,2.3320000171661377,4.201600193977358,466.38835580174924,2.3320000171661377,4.201600193977358,0.0,2.4880537029966945,
E2,KERB-noMig,school1,1,385,5000,0,0,0,0.0,0.030232051984786987,0.0,6.0464103969573975,5.185999870300293,9.280099725723266,6.0464103969573975,5.185999870300293,9.280099725723266,0.0,0.1862134539987892,
E2,KERB-R1,school1,2,385,5000,0,0,0,0.0,3.159568504270077,0.0,631.9137008540154,5.486000061035156,10.487100458145141,631.9137008540154,5.486000061035156,10.487100458145141,0.0,3.365046277991496,
E2,KERB-R2,school1,2,385,5000,0,0,0,0.0,2.4358202349882125,0.0,487.1640469976425,5.492000102996826,10.186099863052368,487.1640469976425,5.492000102996826,10.186099863052368,0.0,2.593811172002461,
E2,KERB-R3,school1,2,385,5000,0,0,0,0.0,2.527018395773411,0.0,505.40367915468215,5.414000034332275,10.329250431060792,505.40367915468215,5.414000034332275,10.329250431060792,0.0,2.6886510210024426,
E2,KERB-R5,school1,2,385,5000,0,0,0,0.0,2.526170548130989,0.0,505.23410962619784,5.406000137329102,10.336250019073491,505.23410962619784,5.406000137329102,10.336250019073491,0.0,2.6832677130005322,
E2,KERB-R10,school1,2,385,5000,0,0,0,0.0,2.5905805300326348,0.0,518.1161060065269,5.410999774932861,10.40420026779175,518.1161060065269,5.410999774932861,10.40420026779175,0.0,2.7490024120052112,
E2,KERB-R25,school1,2,385,5000,0,334,287,0.113542586,7.387203789366722,0.015370171073855483,1477.4407578733444,11.924499988555908,15852.259130859375,1454.7322406733447,11.924499988555908,15517.247696875002,339.9478622754491,7.5525593839993235,
E2,KERB-kempe,school1,2,385,5000,0,0,0,0.0,2.497674889743805,0.0,499.53497794876097,5.499500036239624,10.133350372314455,499.53497794876097,5.499500036239624,10.133350372314455,0.0,2.6607187230110867,
E2,KERB-direct,school1,2,385,5000,0,0,0,0.0,3.233302742872715,0.0,646.660548574543,5.539000034332275,10.870199871063233,646.660548574543,5.539000034332275,10.870199871063233,0.0,3.391772272007074,
E2,KERB-noElim,school1,2,385,5000,0,0,0,0.0,2.418663569740534,0.0,483.7327139481068,2.441999912261963,4.220349812507631,483.7327139481068,2.441999912261963,4.220349812507631,0.0,2.578784152996377,
E2,KERB-noMig,school1,2,385,5000,0,0,0,0.0,0.030079802983283995,0.0,6.015960596656799,5.1620001792907715,8.188049745559693,6.015960596656799,5.1620001792907715,8.188049745559693,0.0,0.18347838299814612,
E2,KERB-R1,school1,3,385,5000,0,0,0,0.0,3.0455403228516578,0.0,609.1080645703315,5.666499853134155,10.980449581146242,609.1080645703315,5.666499853134155,10.980449581146242,0.0,3.2050294979999308,
E2,KERB-R2,school1,3,385,5000,0,0,0,0.0,2.3180260552339553,0.0,463.60521104679106,5.609000205993652,10.789599561691286,463.60521104679106,5.609000205993652,10.789599561691286,0.0,2.481988478000858,
E2,KERB-R3,school1,3,385,5000,0,0,0,0.0,2.4722786067905425,0.0,494.4557213581085,5.691999912261963,10.328149700164799,494.4557213581085,5.691999912261963,10.328149700164799,0.0,2.6309910470008617,
E2,KERB-R5,school1,3,385,5000,0,0,0,0.0,2.417487395374775,0.0,483.497479074955,5.5960001945495605,11.470100259780883,483.497479074955,5.5960001945495605,11.470100259780883,0.0,2.581533135002246,
E2,KERB-R10,school1,3,385,5000,0,0,0,0.0,2.329478747141361,0.0,465.89574942827227,5.4730000495910645,9.17300033569336,465.89574942827227,5.4730000495910645,9.17300033569336,0.0,2.4868656850012485,
E2,KERB-R25,school1,3,385,5000,0,332,194,0.112792174,5.636390403067589,0.02001141970907714,1127.2780806135177,12.128999710083008,48.90334987640381,1104.7196458135177,12.128999710083008,48.90334987640381,339.7354638554217,5.8043663750140695,
E2,KERB-kempe,school1,3,385,5000,0,0,0,0.0,2.554486164739132,0.0,510.8972329478264,5.639999866485596,10.484350204467775,510.8972329478264,5.639999866485596,10.484350204467775,0.0,2.7162483550055185,
E2,KERB-direct,school1,3,385,5000,0,0,0,0.0,3.281149309167385,0.0,656.229861833477,5.731499910354614,11.271049928665162,656.229861833477,5.731499910354614,11.271049928665162,0.0,3.46117999299895,
E2,KERB-noElim,school1,3,385,5000,0,0,0,0.0,2.3059523622373344,0.0,461.19047244746685,2.36299991607666,4.659099912643433,461.19047244746685,2.36299991607666,4.659099912643433,0.0,2.4670407779922243,
E2,KERB-noMig,school1,3,385,5000,0,0,0,0.0,0.031701638956546783,0.0,6.340327791309357,5.206999778747559,8.901949644088752,6.340327791309357,5.206999778747559,8.901949644088752,0.0,0.1897702160058543,
E2,KERB-R1,school1,4,385,5000,0,0,0,0.0,2.4508648113675116,0.0,490.1729622735024,5.565999984741211,10.286100244522094,490.1729622735024,5.565999984741211,10.286100244522094,0.0,2.607837574003497,
E2,KERB-R2,school1,4,385,5000,0,0,0,0.0,2.3603603742628096,0.0,472.07207485256197,5.575500011444092,10.495650434494024,472.07207485256197,5.575500011444092,10.495650434494024,0.0,2.5188759549928363,
E2,KERB-R3,school1,4,385,5000,0,0,0,0.0,2.519939737128258,0.0,503.98794742565156,5.671499967575073,11.083999633789062,503.98794742565156,5.671499967575073,11.083999633789062,0.0,2.6824200530099915,
E2,KERB-R5,school1,4,385,5000,0,0,0,0.0,2.495419256637573,0.0,499.08385132751465,5.663500070571899,10.927050065994264,499.08385132751465,5.663500070571899,10.927050065994264,0.0,2.6581220799998846,
E2,KERB-R10,school1,4,385,5000,0,0,0,0.0,2.4301432572517396,0.0,486.0286514503479,5.707499980926514,12.554349899291994,486.0286514503479,5.707499980926514,12.554349899291994,0.0,2.5912786340049934,
E2,KERB-R25,school1,4,385,5000,0,320,160,0.10962825500000001,5.233358919567108,0.02094797178731785,1046.6717839134217,12.262999534606934,46.841950607299815,1024.7461329134217,12.262999534606934,46.841950607299815,342.588296875,5.402479270007461,
E2,KERB-kempe,school1,4,385,5000,0,0,0,0.0,2.3859560918769835,0.0,477.1912183753967,5.650000095367432,10.361600065231325,477.1912183753967,5.650000095367432,10.361600065231325,0.0,2.541852943992126,
E2,KERB-direct,school1,4,385,5000,0,0,0,0.0,2.4470972248826026,0.0,489.41944497652054,5.626999855041504,10.763000059127812,489.41944497652054,5.626999855041504,10.763000059127812,0.0,2.619668990999344,
E2,KERB-noElim,school1,4,385,5000,0,0,0,0.0,2.466675264263749,0.0,493.3350528527498,2.375999927520752,4.527449941635133,493.3350528527498,2.375999927520752,4.527449941635133,0.0,2.628773998003453,
E2,KERB-noMig,school1,4,385,5000,0,0,0,0.0,0.029792346021175385,0.0,5.958469204235077,5.335999965667725,8.107450103759778,5.958469204235077,5.335999965667725,8.107450103759778,0.0,0.1827839559991844,
E2,KERB-R1,inithx.i.1,0,864,5000,0,0,0,0.0,1.5278871670470238,0.0,305.57743340940476,23.728500366210938,97.58439903259283,305.57743340940476,23.728500366210938,97.58439903259283,0.0,1.7655319630139275,
E2,KERB-R2,inithx.i.1,0,864,5000,0,219,218,0.013080623,2.5883461810445785,0.005053660555838421,517.6692362089157,9.75499963760376,284.6870071411133,515.0531116089157,9.75499963760376,234.00546318359375,59.72887214611872,2.8301568320021033,
E2,KERB-R3,inithx.i.1,0,864,5000,0,326,312,0.022571887000000002,2.659190750693798,0.008488254178121997,531.8381501387596,10.070499897003174,708.8955291748048,527.3237727387595,10.070499897003174,647.0721614990237,69.23891717791412,2.9024477200000547,
E2,KERB-R5,inithx.i.1,0,864,5000,10,375,343,0.036687499,4.958714633738518,0.0073985905037532345,991.7429267477036,10.286499977111816,6233.184619140632,984.4054269477034,10.286499977111816,6067.401769140631,95.29220519480519,5.205285465999623,
E2,KERB-R10,inithx.i.1,0,864,5000,9,390,372,0.042013615,5.539231137091637,0.007584737657663293,1107.8462274183273,10.973000049591064,8300.567968750003,1099.4435044183274,10.973000049591064,8219.465466406251,105.29728070175437,5.7884932220040355,
E2,KERB-R25,inithx.i.1,0,864,5000,9,418,368,0.049886695,5.88585402967453,0.008475693543959429,1177.170805934906,11.185500144958496,8296.877685546875,1167.1934669349062,11.185500144958496,8188.478792578125,116.8306674473068,6.13864293199731,
E2,KERB-kempe,inithx.i.1,0,864,5000,0,0,0,0.0,1.564961766778946,0.0,312.9923533557892,26.206000328063965,77.22695159912112,312.9923533557892,26.206000328063965,77.22695159912112,0.0,1.8054347580036847,
E2,KERB-direct,inithx.i.1,0,864,5000,0,0,0,0.0,1.9134761205382347,0.0,382.69522410764694,14.11549997329712,73.70995140075685,382.69522410764694,14.11549997329712,73.70995140075685,0.0,2.169478188996436,
E2,KERB-noElim,inithx.i.1,0,864,5000,0,0,0,0.0,2.67204836906898,0.0,534.4096738137961,3.1080000400543213,116.99024963378908,534.4096738137961,3.1080000400543213,116.99024963378908,0.0,2.9315312590042595,
E2,KERB-noMig,inithx.i.1,0,864,5000,0,312,307,0.017799510999999997,0.3635255449948311,0.04896357696197962,72.70510899896621,9.746500015258789,591.5553833007814,69.14520679896621,9.746500015258789,543.1987563964847,57.04971474358974,0.6220310380012961,
E2,KERB-R1,inithx.i.1,1,864,5000,0,0,0,0.0,1.034054596010685,0.0,206.810919202137,30.810500144958496,79.76919975280764,206.810919202137,30.810500144958496,79.76919975280764,0.0,1.2761501079949085,
E2,KERB-R2,inithx.i.1,1,864,5000,0,153,153,0.008529690000000001,2.5614502614188193,0.00333002366997956,512.2900522837639,9.234999656677246,140.7334999084478,510.584114283764,9.234999656677246,131.44895070800794,55.749607843137255,2.8085588850080967,
E2,KERB-R3,inithx.i.1,1,864,5000,0,227,221,0.016867976000000003,2.776349349876404,0.006075595638117704,555.2698699752808,10.095999717712402,627.9884399414068,551.8962747752809,10.095999717712402,575.1039339843751,74.30826431718063,3.023540216003312,
E2,KERB-R5,inithx.i.1,1,864,5000,8,423,391,0.047412246,4.915139741843223,0.009646164400245507,983.0279483686447,10.888499736785889,6471.082275390625,973.5454991686447,10.888499736785889,6354.651052539063,110.00521113689095,5.161178618989652,
E2,KERB-R10,inithx.i.1,1,864,5000,7,418,405,0.050431604,6.404818090789795,0.007874010359875989,1280.963618157959,11.983500003814697,9402.464501953125,1270.877297357959,11.983500003814697,9289.313465234376,118.66259764705882,6.67146424499515,
E2,KERB-R25,inithx.i.1,1,864,5000,9,423,400,0.047964678,5.560590953624725,0.00862582383779439,1112.1181907249452,11.9399995803833,8411.207470703126,1102.525255124945,11.9399995803833,8281.840676953127,111.02934722222223,5.8223209569987375,
E2,KERB-kempe,inithx.i.1,1,864,5000,0,0,0,0.0,1.0871219290475844,0.0,217.4243858095169,32.493499755859375,100.96545028686526,217.4243858095169,32.493499755859375,100.96545028686526,0.0,1.3367706999997608,
E2,KERB-direct,inithx.i.1,1,864,5000,0,0,0,0.0,1.6725495881605148,0.0,334.50991763210294,32.08600044250488,90.9880512237549,334.50991763210294,32.08600044250488,90.9880512237549,0.0,1.9266694700054359,
E2,KERB-noElim,inithx.i.1,1,864,5000,0,0,0,0.0,2.3184181061512232,0.0,463.6836212302446,2.850499987602234,42.66064987182617,463.6836212302446,2.850499987602234,42.66064987182617,0.0,2.5640796329971636,
E2,KERB-noMig,inithx.i.1,1,864,5000,0,352,343,0.023942764999999998,0.4867008150930405,0.04919401048346912,97.3401630186081,10.936500072479248,600.3338470458987,92.55161001860809,10.936500072479248,540.4021814208985,68.01921875,0.7431114290084224,
E2,KERB-R1,inithx.i.1,2,864,5000,0,0,0,0.0,0.9785930423946381,0.0,195.71860847892762,31.489500045776367,96.8476974487305,195.71860847892762,31.489500045776367,96.8476974487305,0.0,1.2324708300002385,
E2,KERB-R2,inithx.i.1,2,864,5000,0,275,267,0.015790712000000002,2.4097673201413157,0.006552795312650348,481.9534640282631,24.930999755859375,484.7779037475588,478.795321628263,24.930999755859375,452.03299722900414,57.42077090909091,2.6555050850001862,
E2,KERB-R3,inithx.i.1,2,864,5000,0,390,358,0.032361501,3.1307684448699953,0.01033659996574541,626.153688973999,11.112500190734863,1005.104025268556,619.681388773999,11.112500190734863,947.1294243896491,82.9782076923077,3.412830731002032,
E2,KERB-R5,inithx.i.1,2,864,5000,14,462,439,0.046512128,5.081842393692494,0.00915261127691212,1016.3684787384987,11.08650016784668,6214.776562500001,1007.0660531384985,11.08650016784668,6089.884866796875,97.71455462184873,5.3287704510003095,
E2,KERB-R10,inithx.i.1,2,864,5000,11,468,420,0.053297117,5.7661154350757595,0.009243158171234172,1153.223087015152,11.304500102996826,8642.603564453126,1142.5636636151519,11.304500102996826,8545.972290234376,111.26746764091858,6.014115671991021,
E2,KERB-R25,inithx.i.1,2,864,5000,14,470,440,0.052532692000000006,6.563453383526802,0.008003818863381966,1312.6906767053604,12.582499980926514,8913.306738281251,1302.1841383053604,12.582499980926514,8835.304824609375,108.53861983471074,6.815949263997027,
E2,KERB-kempe,inithx.i.1,2,864,5000,0,0,0,0.0,0.5242592032761574,0.0,104.85184065523147,29.23099994659424,82.5459499359131,104.85184065523147,29.23099994659424,82.5459499359131,0.0,0.7620184760016855,
E2,KERB-direct,inithx.i.1,2,864,5000,0,0,0,0.0,0.5021924540901184,0.0,100.43849081802368,27.142000198364258,82.10384712219239,100.43849081802368,27.142000198364258,82.10384712219239,0.0,0.7458764330076519,
E2,KERB-noElim,inithx.i.1,2,864,5000,0,0,0,0.0,2.7329883181108237,0.0,546.5976636221648,3.180000066757202,73.51734809875504,546.5976636221648,3.180000066757202,73.51734809875504,0.0,2.9725190670142183,
E2,KERB-noMig,inithx.i.1,2,864,5000,0,357,344,0.023706231,0.6667747720975876,0.035553581197175846,133.35495441951753,10.803500175476074,863.4703704833989,128.61370821951752,10.803500175476074,795.5871207031252,66.40400840336135,0.9206321079982445,
E2,KERB-R1,inithx.i.1,3,864,5000,0,0,0,0.0,1.0089020050187112,0.0,201.7804010037422,27.97800064086914,92.86949768066413,201.7804010037422,27.97800064086914,92.86949768066413,0.0,1.2553781360038556,
E2,KERB-R2,inithx.i.1,3,864,5000,0,284,282,0.016182468000000002,2.0627583585891722,0.00784506238097032,412.5516717178345,14.974999904632568,469.6231094360353,409.3151781178345,14.974999904632568,424.77924346923857,56.980521126760564,2.3069981610024115,
E2,KERB-R3,inithx.i.1,3,864,5000,0,361,355,0.024833998,3.467208717353344,0.00716253332996831,693.4417434706688,10.074000358581543,858.7977172851579,688.4749438706688,10.074000358581543,790.7977672851567,68.79223822714681,3.711330562000512,
E2,KERB-R5,inithx.i.1,3,864,5000,11,438,431,0.040756392,5.403721534581662,0.007542282062311197,1080.7443069163323,11.022000312805176,7005.4725341796875,1072.5930285163322,11.022000312805176,6918.895855468751,90.77147438752785,5.668357173999539,
E2,KERB-R10,inithx.i.1,3,864,5000,10,398,337,0.039740915999999994,4.845999804220677,0.008200767149306776,969.1999608441353,10.525499820709229,8254.275390625,961.2517776441352,10.525499820709229,8142.971619921879,97.40420588235294,5.100665063000633,
E2,KERB-R25,inithx.i.1,3,864,5000,13,451,407,0.044801555,6.6313363429679875,0.0067560371971644205,1326.2672685935975,11.061500072479248,8777.912939453125,1317.3069575935974,11.061500072479248,8690.049010546874,96.55507543103448,6.886284624997643,
E2,KERB-kempe,inithx.i.1,3,864,5000,0,0,0,0.0,0.9658945254240036,0.0,193.17890508480073,31.33300018310547,93.67289733886719,193.17890508480073,31.33300018310547,93.67289733886719,0.0,1.2222042469948065,
E2,KERB-direct,inithx.i.1,3,864,5000,0,0,0,0.0,0.6301021208620071,0.0,126.02042417240143,35.143001556396484,80.17180023193362,126.02042417240143,35.143001556396484,80.17180023193362,0.0,0.8707416070101317,
E2,KERB-noElim,inithx.i.1,3,864,5000,0,0,0,0.0,2.895558818206668,0.0,579.1117636413336,3.106500029563904,74.29334983825684,579.1117636413336,3.106500029563904,74.29334983825684,0.0,3.1348719609959517,
E2,KERB-noMig,inithx.i.1,3,864,5000,0,372,333,0.021973932999999998,0.44485837078475954,0.049395345672009115,88.9716741569519,10.093500137329102,573.7854980468754,84.5768875569519,10.093500137329102,519.9123758789063,59.06971236559139,0.6902485489990795,
E2,KERB-R1,inithx.i.1,4,864,5000,0,0,0,0.0,0.8144247114739418,0.0,162.88494229478837,29.65149974822998,82.33259658813479,162.88494229478837,29.65149974822998,82.33259658813479,0.0,1.0735280490043806,
E2,KERB-R2,inithx.i.1,4,864,5000,0,204,200,0.012246454,2.3396811538596154,0.005234240562992032,467.9362307719231,9.939499855041504,367.6721084594733,465.4869399719231,9.939499855041504,320.63913920898483,60.03163725490196,2.587494555002195,
E2,KERB-R3,inithx.i.1,4,864,5000,0,361,355,0.027962154000000003,3.4149404141492843,0.008188182108286014,682.9880828298569,10.230500221252441,929.7579864501962,677.3956520298568,10.230500221252441,881.0500772705087,77.45749030470915,3.663888538008905,
E2,KERB-R5,inithx.i.1,4,864,5000,9,445,430,0.048172281000000004,4.911414768772126,0.009808229047623946,982.2829537544251,11.22599983215332,6252.538891601571,972.6484975544251,11.22599983215332,6197.206134765635,106.10634581497798,5.168007393003791,
E2,KERB-R10,inithx.i.1,4,864,5000,20,545,488,0.063955779,7.8189854273118975,0.008179549584093223,1563.7970854623795,12.815999984741211,9075.66181640625,1551.0059296623795,12.815999984741211,8972.727765234375,113.19606902654867,8.073946553005953,
E2,KERB-R25,inithx.i.1,4,864,5000,13,462,438,0.053877521,6.95361954846096,0.007748126083763768,1390.7239096921921,11.983500003814697,9192.862451171875,1379.948405492192,11.983500003814697,9089.7603484375,113.42636,7.209854184999131,
E2,KERB-kempe,inithx.i.1,4,864,5000,0,0,0,0.0,1.105270164144993,0.0,221.05403282899857,30.776999473571777,81.21694641113282,221.05403282899857,30.776999473571777,81.21694641113282,0.0,1.3738870170054724,
E2,KERB-direct,inithx.i.1,4,864,5000,0,0,0,0.0,1.371338928574562,0.0,274.2677857149124,33.04349899291992,127.99334831237795,274.2677857149124,33.04349899291992,127.99334831237795,0.0,1.6477855190023547,
E2,KERB-noElim,inithx.i.1,4,864,5000,0,0,0,0.0,2.4061413452517986,0.0,481.2282690503597,3.2799999713897705,254.62559738159263,481.2282690503597,3.2799999713897705,254.62559738159263,0.0,2.6430041849962436,
E2,KERB-noMig,inithx.i.1,4,864,5000,0,387,368,0.032934495,0.48519638769626616,0.06787868960932383,97.03927753925323,10.539999961853027,615.6515258789082,90.45237853925323,10.539999961853027,512.6579303710943,85.1020542635659,0.7351958460058086,
E2,KERB-R1,fpsol2.i.1,0,496,5000,0,0,0,0.0,0.4208388762626648,0.0,84.16777525253296,31.113500595092773,93.67074928283692,84.16777525253296,31.113500595092773,93.67074928283692,0.0,0.5759473520010943,
E2,KERB-R2,fpsol2.i.1,0,496,5000,0,523,507,0.025972725000000002,1.6457919166793824,0.0157812933316647,329.15838333587647,42.871999740600586,713.7469055175787,323.9638383358765,42.871999740600586,688.5306945556641,49.66104206500957,1.8103646980016492,
E2,KERB-R3,fpsol2.i.1,0,496,5000,0,691,643,0.041036681000000005,4.022268379381656,0.010202372673677377,804.4536758763313,16.539000511169434,2056.9628295898456,796.2463396763313,16.539000511169434,2002.269549414066,59.38738205499277,4.191508422998595,
E2,KERB-R5,fpsol2.i.1,0,496,5000,31,606,546,0.040710066,7.070745679566383,0.005757535038722616,1414.1491359132767,12.718500137329102,7358.277319335938,1406.0071227132767,12.718500137329102,7314.888745117188,63.909051805337526,7.268163768996601,
E2,KERB-R10,fpsol2.i.1,0,496,5000,24,676,591,0.044833119000000005,7.352365208301068,0.006097781833440742,1470.4730416602135,28.82699966430664,7618.56318359375,1461.5064178602136,28.82699966430664,7552.923595703125,64.04731285714287,7.5280110530002275,
E2,KERB-R25,fpsol2.i.1,0,496,5000,26,558,472,0.036713702,6.568304664126396,0.005589524828304083,1313.6609328252791,12.445499897003174,7399.2453125,1306.3181924252792,12.445499897003174,7312.836305859375,62.86592808219178,6.73430996100069,
E2,KERB-kempe,fpsol2.i.1,0,496,5000,0,0,0,0.0,0.6008708658370971,0.0,120.17417316741944,32.81649971008301,90.82869873046877,120.17417316741944,32.81649971008301,90.82869873046877,0.0,0.7592936029977864,
E2,KERB-direct,fpsol2.i.1,0,496,5000,0,0,0,0.0,0.5590215032601357,0.0,111.80430065202712,32.24700164794922,89.11955223083501,111.80430065202712,32.24700164794922,89.11955223083501,0.0,0.7110737250040984,
E2,KERB-noElim,fpsol2.i.1,0,496,5000,0,0,0,0.0,2.4484100252408982,0.0,489.68200504817963,3.183000087738037,540.7079254150407,489.68200504817963,3.183000087738037,540.7079254150407,0.0,2.618802417986444,
E2,KERB-noMig,fpsol2.i.1,0,496,5000,0,416,391,0.023061214,0.7095119382996559,0.03250292596241038,141.90238765993118,10.239500045776367,1144.5595764160164,137.2901448599312,10.239500045776367,1083.182974755861,55.435610576923075,0.8725687219994143,
E2,KERB-R1,fpsol2.i.1,1,496,5000,0,0,0,0.0,0.7629037670302391,0.0,152.58075340604782,29.148499488830566,96.04565353393559,152.58075340604782,29.148499488830566,96.04565353393559,0.0,0.9457471420028014,
E2,KERB-R2,fpsol2.i.1,1,496,5000,0,486,466,0.022987339,1.7717201772079467,0.01297458780213574,354.34403544158937,28.812999725341797,511.82179870605506,349.7465676415893,28.812999725341797,480.832278637696,47.299051440329215,1.9388795779959764,
E2,KERB-R3,fpsol2.i.1,1,496,5000,0,561,527,0.031816464,3.4489256007437707,0.009225036339762935,689.7851201487541,15.724999904632568,1916.9661682128913,683.421827348754,15.724999904632568,1888.3704488769533,56.71383957219251,3.617519784005708,
E2,KERB-R5,fpsol2.i.1,1,496,5000,20,556,500,0.04313857,5.891989351655006,0.0073215627906528325,1178.3978703310013,12.286499977111816,7177.756420898439,1169.7701563310013,12.286499977111816,7126.51871484375,74.89335069444445,6.060269926005276,
E2,KERB-R10,fpsol2.i.1,1,496,5000,24,567,506,0.039451731,6.794276748987198,0.00580661230879077,1358.8553497974397,48.25200080871582,7662.727490234375,1350.9650035974396,48.25200080871582,7589.852519335938,66.75419796954314,6.9954816160025075,
E2,KERB-R25,fpsol2.i.1,1,496,5000,26,722,597,0.050521121999999995,7.8220219954662324,0.0064588314925837385,1564.4043990932464,53.37699890136719,7754.263623046875,1554.3001746932466,53.37699890136719,7690.020435156252,67.54160695187166,8.004842112990445,
E2,KERB-kempe,fpsol2.i.1,1,496,5000,0,0,0,0.0,0.5697991476063728,0.0,113.95982952127457,31.211999893188477,81.32569694519043,113.95982952127457,31.211999893188477,81.32569694519043,0.0,0.7300447699963115,
E2,KERB-direct,fpsol2.i.1,1,496,5000,0,0,0,0.0,0.6600180028781891,0.0,132.00360057563782,31.061500549316406,96.09584922790532,132.00360057563782,31.061500549316406,96.09584922790532,0.0,0.8238886410108535,
E2,KERB-noElim,fpsol2.i.1,1,496,5000,0,0,0,0.0,2.551283059156656,0.0,510.25661183133127,3.152500033378601,591.6587036132819,510.25661183133127,3.152500033378601,591.6587036132819,0.0,2.707788920000894,
E2,KERB-noMig,fpsol2.i.1,1,496,5000,0,414,396,0.023589251,0.6582758876948357,0.035834900595562345,131.65517753896714,10.109000205993652,905.6143585205097,126.93732733896712,10.109000205993652,848.832818823244,56.97886714975846,0.8113395349937491,
E2,KERB-R1,fpsol2.i.1,2,496,5000,0,0,0,0.0,0.6940129057950973,0.0,138.80258115901947,30.948500633239746,93.61654815673829,138.80258115901947,30.948500633239746,93.61654815673829,0.0,0.8478717999969376,
E2,KERB-R2,fpsol2.i.1,2,496,5000,0,430,417,0.020353779000000002,1.609937846920967,0.012642586817203498,321.9875693841934,36.760000228881836,603.7649719238291,317.9168135841934,36.760000228881836,570.5688254638686,47.33436976744186,1.7710843690001639,
E2,KERB-R3,fpsol2.i.1,2,496,5000,0,539,498,0.031215733,3.369865242091656,0.009263199195652279,673.9730484183311,34.303998947143555,1721.7110046386722,667.7299018183312,34.303998947143555,1700.8632934570326,57.91416141001855,3.5361547089996748,
E2,KERB-R5,fpsol2.i.1,2,496,5000,25,584,531,0.042076230000000006,6.982117592782497,0.006026284925864716,1396.4235185564994,19.139999389648438,7524.659692382814,1388.0082725564994,19.139999389648438,7468.635766601564,69.09068965517243,7.163176243004273,
E2,KERB-R10,fpsol2.i.1,2,496,5000,27,563,522,0.041623221,7.3043868527374265,0.005698386714608508,1460.8773705474853,47.18349838256836,8004.807250976563,1452.552726347485,47.18349838256836,7944.691821289067,70.54783220338985,7.493039951004903,
E2,KERB-R25,fpsol2.i.1,2,496,5000,24,561,488,0.038359864,7.084734323955536,0.005414439306537467,1416.9468647911071,14.633999824523926,7829.896899414063,1409.274891991107,14.633999824523926,7739.20113515625,65.5724170940171,7.256082826002967,
E2,KERB-kempe,fpsol2.i.1,2,496,5000,0,0,0,0.0,0.5274548734750748,0.0,105.49097469501496,31.166500091552734,78.19300346374513,105.49097469501496,31.166500091552734,78.19300346374513,0.0,0.7617458300082944,
E2,KERB-direct,fpsol2.i.1,2,496,5000,0,0,0,0.0,0.5281445350952149,0.0,105.62890701904297,29.55900001525879,75.32729721069337,105.62890701904297,29.55900001525879,75.32729721069337,0.0,0.6831965360033792,
E2,KERB-noElim,fpsol2.i.1,2,496,5000,0,0,0,0.0,3.123881541608691,0.0,624.7763083217383,3.146000027656555,599.7289276123064,624.7763083217383,3.146000027656555,599.7289276123064,0.0,3.336417408005218,
E2,KERB-noMig,fpsol2.i.1,2,496,5000,0,365,352,0.029755701000000002,0.8704482471146584,0.03418434249093327,174.08964942293167,16.45449924468994,943.6340820312505,168.13850922293167,16.45449924468994,881.4605311523441,81.52246849315068,1.1004997550044209,
E2,KERB-R1,fpsol2.i.1,3,496,5000,0,0,0,0.0,0.7718996671380997,0.0,154.37993342761993,24.69950008392334,88.99400062561038,154.37993342761993,24.69950008392334,88.99400062561038,0.0,0.9280783110007178,
E2,KERB-R2,fpsol2.i.1,3,496,5000,0,344,336,0.014654003,2.0735022796354294,0.00706727122700657,414.7004559270859,12.415499687194824,481.1648117065433,411.7696553270859,12.415499687194824,460.5838455200196,42.59884593023256,2.251558928997838,
E2,KERB-R3,fpsol2.i.1,3,496,5000,0,533,506,0.036557328,3.1478794550037383,0.01161331890962025,629.5758910007477,13.444499969482422,1738.7800659179713,622.2644254007477,13.444499969482422,1684.4696028320327,68.58785741088181,3.3196609759907005,
E2,KERB-R5,fpsol2.i.1,3,496,5000,18,547,491,0.036717662000000005,4.996413832941055,0.007348803207196864,999.2827665882111,10.963500022888184,6832.439062500004,991.939234188211,10.963500022888184,6777.484321289063,64.98701238938054,5.161266534996685,
E2,KERB-R10,fpsol2.i.1,3,496,5000,22,588,538,0.038636022000000006,7.262167964737892,0.005320177416385944,1452.4335929475785,54.16950035095215,7547.455078125,1444.7063885475784,54.16950035095215,7491.7526328125,63.337740983606565,7.437877390999347,
E2,KERB-R25,fpsol2.i.1,3,496,5000,22,527,472,0.036500309,6.899681200469017,0.005290144274712118,1379.9362400938035,41.10449981689453,7432.393432617188,1372.6361782938034,41.10449981689453,7380.6217041015625,66.4850801457195,7.097359844003222,
E2,KERB-kempe,fpsol2.i.1,3,496,5000,0,0,0,0.0,0.8937540785446167,0.0,178.75081570892334,30.344999313354492,87.61385002136231,178.75081570892334,30.344999313354492,87.61385002136231,0.0,1.0444358779932372,
E2,KERB-direct,fpsol2.i.1,3,496,5000,0,0,0,0.0,0.6941896992301941,0.0,138.8379398460388,30.187999725341797,90.1574478149414,138.8379398460388,30.187999725341797,90.1574478149414,0.0,0.8555637829995248,
E2,KERB-noElim,fpsol2.i.1,3,496,5000,0,0,0,0.0,2.854560896488905,0.0,570.912179297781,3.99399995803833,557.9130279541021,570.912179297781,3.99399995803833,557.9130279541021,0.0,3.0194988590083085,
E2,KERB-noMig,fpsol2.i.1,3,496,5000,1,398,393,0.024142234000000002,0.6655077532954216,0.03627641282983395,133.10155065908432,10.474500179290771,959.2045959472663,128.27310385908433,10.474500179290771,902.103235668946,60.50685213032582,0.8388990740058944,
E2,KERB-R1,fpsol2.i.1,4,496,5000,0,0,0,0.0,0.863795271496296,0.0,172.7590542992592,29.30900001525879,102.99414710998536,172.7590542992592,29.30900001525879,102.99414710998536,0.0,1.0256263040064368,
E2,KERB-R2,fpsol2.i.1,4,496,5000,0,442,425,0.020417854,2.089613706090927,0.009771114125297348,417.9227412181854,37.296499252319336,638.6547119140629,413.83917041818546,37.296499252319336,600.2289020263673,46.19423981900452,2.249848393999855,
E2,KERB-R3,fpsol2.i.1,4,496,5000,0,553,522,0.032888664000000005,3.5191355401277544,0.00934566561161951,703.8271080255508,24.797499656677246,2271.545629882813,697.2493752255509,24.797499656677246,2236.0509187500006,59.47317179023509,3.6883866760035744,
E2,KERB-R5,fpsol2.i.1,4,496,5000,31,711,666,0.045288712,7.772345211655617,0.005826904334110615,1554.4690423311233,46.36000061035156,7451.55341796875,1545.4112999311235,46.36000061035156,7386.320143359376,61.036,7.944758739002282,
E2,KERB-R10,fpsol2.i.1,4,496,5000,28,647,581,0.04486671699999999,7.3997779420642855,0.006063251809889273,1479.955588412857,20.039999961853027,7523.478320312501,1470.982245012857,20.039999961853027,7473.752505273438,66.46921037037036,7.5733982539968565,
E2,KERB-R25,fpsol2.i.1,4,496,5000,25,547,484,0.03822980199999999,6.69090831649971,0.0057136938950016255,1338.181663299942,15.226499557495117,7406.972412109376,1330.535702899942,15.226499557495117,7342.26577109375,66.83531818181818,6.863967206998495,
E2,KERB-kempe,fpsol2.i.1,4,496,5000,0,0,0,0.0,0.43701113740634917,0.0,87.40222748126983,29.64050006866455,80.48660163879401,87.40222748126983,29.64050006866455,80.48660163879401,0.0,0.6050714640005026,
E2,KERB-direct,fpsol2.i.1,4,496,5000,0,0,0,0.0,0.4638575890893936,0.0,92.77151781787872,31.270999908447266,83.8940036773682,92.77151781787872,31.270999908447266,83.8940036773682,0.0,0.6267940179968718,
E2,KERB-noElim,fpsol2.i.1,4,496,5000,0,0,0,0.0,2.823261872964382,0.0,564.6523745928764,4.184999942779541,955.3032928466803,564.6523745928764,4.184999942779541,955.3032928466803,0.0,2.9936899790045572,
E2,KERB-noMig,fpsol2.i.1,4,496,5000,0,417,396,0.023982108,0.712174124540329,0.033674500622272945,142.4348249080658,10.746000289916992,929.0080932617198,137.6384033080658,10.746000289916992,871.82179326172,57.51105035971223,0.8807176270056516,
E2,KERB-R1,miles750,0,128,5000,0,0,0,0.0,0.17687135391426087,0.0,35.37427078285217,21.397000312805176,72.32554779052735,35.37427078285217,21.397000312805176,72.32554779052735,0.0,0.2422355580056319,
E2,KERB-R2,miles750,0,128,5000,0,476,460,0.010224393,0.7078921714873314,0.01444343278795954,141.5784342974663,40.33099937438965,413.47190704345707,139.53355569746628,40.33099937438965,404.9646051269533,21.479817226890756,0.774990580001031,
E2,KERB-R3,miles750,0,128,5000,0,744,697,0.019134235,2.0207038106331825,0.009469094332040842,404.1407621266365,33.34800148010254,1260.449902343751,400.3139151266365,33.34800148010254,1239.1707419433596,25.718057795698925,2.0920856739976443,
E2,KERB-R5,miles750,0,128,5000,52,916,823,0.032625140000000004,4.741158094063282,0.006881259673844688,948.2316188126564,30.31599998474121,4302.861791992188,941.7065908126563,30.31599998474121,4262.219616796875,33.703657024793394,4.812772969991784,
E2,KERB-R10,miles750,0,128,5000,55,1088,982,0.039458488,5.93810727058506,0.006644960456585402,1187.621454117012,51.24449920654297,4589.8841796875,1179.729756517012,51.24449920654297,4555.19317734375,34.52186176727909,6.018238147997181,
E2,KERB-R25,miles750,0,128,5000,57,1032,865,0.037181675000000004,5.600172016663551,0.006639380877830956,1120.0344033327103,45.57549858093262,4516.389550781251,1112.5980683327102,45.57549858093262,4482.179412890626,34.14295224977043,5.676260067004478,
E2,KERB-kempe,miles750,0,128,5000,0,0,0,0.0,0.20338083457136155,0.0,40.67616691427231,23.476500511169434,67.18514862060547,40.67616691427231,23.476500511169434,67.18514862060547,0.0,0.2627451279986417,
E2,KERB-direct,miles750,0,128,5000,0,0,0,0.0,0.2390781606411934,0.0,47.815632128238676,25.554499626159668,91.67014884948736,47.815632128238676,25.554499626159668,91.67014884948736,0.0,0.306055594002828,
E2,KERB-noElim,miles750,0,128,5000,0,31,31,0.000662572,1.3445451297886373,0.0004927852441101449,268.9090259577274,17.02050018310547,642.4649047851568,268.7765115577275,17.02050018310547,642.4649047851568,21.373290322580644,1.4086945279996144,
E2,KERB-noMig,miles750,0,128,5000,0,337,316,0.010150136999999998,0.2932194415841103,0.0346161801044438,58.64388831682205,7.697499990463257,238.08824462890664,56.613860916822055,7.697499990463257,218.43094325561628,30.11910089020771,0.3517978450108785,
E2,KERB-R1,miles750,1,128,5000,0,0,0,0.0,0.1496745341591835,0.0,29.9349068318367,18.878999710083008,71.54944725036621,29.9349068318367,18.878999710083008,71.54944725036621,0.0,0.20796379999956116,
E2,KERB-R2,miles750,1,128,5000,0,647,615,0.012639909999999999,0.6929825029859543,0.01823986889356742,138.59650059719087,34.798500061035156,400.6738494873048,136.06851859719086,34.798500061035156,395.2527435302737,19.536182380216385,0.7681407689960906,
E2,KERB-R3,miles750,1,128,5000,0,754,720,0.019874515,1.7343782392396927,0.01145915841789648,346.8756478479385,41.22649955749512,1284.2511657714847,342.9007448479385,41.22649955749512,1259.3761770996095,26.35877320954907,1.8056608699989738,
E2,KERB-R5,miles750,1,128,5000,65,1065,949,0.038234765,5.208883371976375,0.0073402996898916575,1041.7766743952752,43.13699913024902,4432.40126953125,1034.1297213952753,43.13699913024902,4393.247754492188,33.836075221238936,5.280994501998066,
E2,KERB-R10,miles750,1,128,5000,66,1043,902,0.03913559,5.8464349410882,0.006693923800461495,1169.2869882176399,49.59149932861328,4719.655786132813,1161.45987021764,49.59149932861328,4674.404404101563,35.28908025247971,5.9218169009982375,
E2,KERB-R25,miles750,1,128,5000,61,1073,933,0.039784437,5.470055970758438,0.007273131611939206,1094.0111941516877,24.352999687194824,4423.669189453125,1086.0543067516876,24.352999687194824,4396.793658789063,35.083277777777774,5.5396648899914,
E2,KERB-kempe,miles750,1,128,5000,0,0,0,0.0,0.27329108946228026,0.0,54.65821789245606,26.98050022125244,82.28604774475109,54.65821789245606,26.98050022125244,82.28604774475109,0.0,0.342524334002519,
E2,KERB-direct,miles750,1,128,5000,0,0,0,0.0,0.25262444761419295,0.0,50.52488952283859,29.34000015258789,90.59240112304691,50.52488952283859,29.34000015258789,90.59240112304691,0.0,0.34047669598658103,
E2,KERB-noElim,miles750,1,128,5000,0,156,156,0.002515494,1.0700412541930675,0.0023508383346368903,214.00825083861352,20.048500061035156,1016.1437774658208,213.50515203861352,20.048500061035156,1016.1437774658208,16.12496153846154,1.1356505689909682,
E2,KERB-noMig,miles750,1,128,5000,0,344,330,0.010614196,0.34369333699083326,0.030882751737148436,68.73866739816665,7.875,382.50109252929724,66.61582819816665,7.875,372.2867904663097,30.85522093023256,0.4075363029987784,
E2,KERB-R1,miles750,2,128,5000,0,0,0,0.0,0.16854363561534882,0.0,33.708727123069764,20.354000091552734,64.96419868469239,33.708727123069764,20.354000091552734,64.96419868469239,0.0,0.22776890599925537,
E2,KERB-R2,miles750,2,128,5000,0,604,575,0.012868051,0.7786706007714271,0.016525666934454248,155.73412015428542,35.637001037597656,498.02425384521524,153.16050995428543,35.637001037597656,483.9637029663086,21.304720198675497,0.8546479619981255,
E2,KERB-R3,miles750,2,128,5000,0,943,865,0.023146139000000003,2.034846168735981,0.011374883937481168,406.9692337471962,38.861000061035156,1617.796783447266,402.34000594719623,38.861000061035156,1587.0431479003914,24.545216330858963,2.102127460006159,
E2,KERB-R5,miles750,2,128,5000,68,1068,941,0.036474589,4.9877510596966745,0.007312832690214128,997.5502119393349,37.856000900268555,4220.9410400390625,990.255294139335,37.856000900268555,4176.867839648437,32.107912852112676,5.058944210992195,
E2,KERB-R10,miles750,2,128,5000,69,1080,951,0.038618417999999995,5.739989447716713,0.00672795975528524,1147.9978895433426,57.51300048828125,4629.059838867188,1140.2742059433426,57.51300048828125,4585.4200984375,33.610459530026105,5.813139510995825,
E2,KERB-R25,miles750,2,128,5000,73,1090,936,0.03784827400000001,5.910143526070595,0.006403951753970977,1182.0287052141189,48.38599967956543,4530.321728515625,1174.459050414119,48.38599967956543,4486.6378882812505,32.543657781599315,5.981020288993022,
E2,KERB-kempe,miles750,2,128,5000,0,0,0,0.0,0.21623034617996215,0.0,43.24606923599243,24.067999839782715,73.643552017212,43.24606923599243,24.067999839782715,73.643552017212,0.0,0.2821535440016305,
E2,KERB-direct,miles750,2,128,5000,0,0,0,0.0,0.33257295258426667,0.0,66.51459051685333,25.246999740600586,70.1825508117676,66.51459051685333,25.246999740600586,70.1825508117676,0.0,0.39524823999090586,
E2,KERB-noElim,miles750,2,128,5000,0,38,38,0.0006507829999999999,0.903653331121087,0.0007201688718312231,180.7306662242174,12.457499980926514,680.7924255371095,180.6005096242174,12.457499980926514,680.7924255371095,17.12586842105263,0.9785075009858701,
E2,KERB-noMig,miles750,2,128,5000,1,366,345,0.00971293,0.37640487560796737,0.025804474462005098,75.28097512159347,7.469499826431274,425.94174957275413,73.3383891215935,7.469499826431274,410.7688366333009,26.46574931880109,0.4342718830012018,
E2,KERB-R1,miles750,3,128,5000,0,0,0,0.0,0.21380170681762695,0.0,42.76034136352539,19.704500198364258,74.21649856567385,42.76034136352539,19.704500198364258,74.21649856567385,0.0,0.27163201100484,
E2,KERB-R2,miles750,3,128,5000,0,530,497,0.012072533,0.7877008004770278,0.015326292664281831,157.54016009540558,40.326499938964844,468.7422988891603,155.12565349540557,40.326499938964844,463.8936019897461,22.778364150943396,0.856836717997794,
E2,KERB-R3,miles750,3,128,5000,0,693,655,0.017924281,1.7072730721487999,0.010498778017649061,341.45461442976,37.30500030517578,1168.9311157226568,337.86975822976,37.30500030517578,1147.6556515625002,25.864763347763347,1.7765480530069908,
E2,KERB-R5,miles750,3,128,5000,55,938,850,0.033594913,4.7778491178922655,0.007031388428360479,955.5698235784531,17.23900032043457,4219.157934570314,948.8508409784529,17.23900032043457,4184.133228125,33.831735146022154,4.849587272998178,
E2,KERB-R10,miles750,3,128,5000,65,1009,865,0.036784596999999995,5.614793932638645,0.0065513707967396854,1122.958786527729,30.13949966430664,4488.9608154296875,1115.601867127729,30.13949966430664,4450.3634308593755,34.25009031657355,5.685673043990391,
E2,KERB-R25,miles750,3,128,5000,65,1026,886,0.037637330999999996,5.5080391898889545,0.006833163255100004,1101.6078379777907,30.39550018310547,4445.592163085938,1094.0803717777908,30.39550018310547,4390.809165820314,34.49801191567369,5.578929187991889,
E2,KERB-kempe,miles750,3,128,5000,0,0,0,0.0,0.2809056117115021,0.0,56.18112234230041,21.751500129699707,75.71975212097169,56.18112234230041,21.751500129699707,75.71975212097169,0.0,0.34122184799343813,
E2,KERB-direct,miles750,3,128,5000,0,0,0,0.0,0.32359899915361406,0.0,64.7197998307228,25.542499542236328,82.89545211792002,64.7197998307228,25.542499542236328,82.89545211792002,0.0,0.39023420099692885,
E2,KERB-noElim,miles750,3,128,5000,0,0,0,0.0,1.0400317328252793,0.0,208.00634656505585,13.985499858856201,622.5490295410161,208.00634656505585,13.985499858856201,622.5490295410161,0.0,1.1036955890012905,
E2,KERB-noMig,miles750,3,128,5000,1,300,287,0.008564058000000001,0.36593404300642013,0.023403283087957326,73.18680860128403,7.322999954223633,399.03829345703144,71.47399700128402,7.322999954223633,377.6795349365236,28.45201993355482,0.43494239999563433,
E2,KERB-R1,miles750,4,128,5000,0,0,0,0.0,0.17537477625894546,0.0,35.07495525178909,20.593000411987305,65.01585197448732,35.07495525178909,20.593000411987305,65.01585197448732,0.0,0.24034525000024587,
E2,KERB-R2,miles750,4,128,5000,0,424,412,0.008876607,0.551751627161026,0.016088048612875962,110.3503254322052,32.629499435424805,348.0030487060548,108.57500403220519,32.629499435424805,336.61413763427737,20.935393867924528,0.6257874159928178,
E2,KERB-R3,miles750,4,128,5000,0,658,627,0.014828171000000001,1.7071875567970276,0.008685730481670189,341.4375113594055,32.54349899291992,1038.3677124023448,338.4718771594055,32.54349899291992,1029.6132507324226,22.535214285714286,1.7748161670024274,
E2,KERB-R5,miles750,4,128,5000,56,820,756,0.026826163,4.1389277474017145,0.00648142819522293,827.7855494803429,25.153499603271484,4075.592675781251,822.420316880343,25.153499603271484,4044.857376171875,30.623473744292237,4.204981176997535,
E2,KERB-R10,miles750,4,128,5000,49,902,788,0.035329988,4.77237592411375,0.007403018656071382,954.4751848227501,48.19449996948242,4486.447705078126,947.4091872227501,48.19449996948242,4435.419622460939,37.15035541535226,4.841599386010785,
E2,KERB-R25,miles750,4,128,5000,49,1003,828,0.037199034,5.184706430667878,0.007174761868862099,1036.9412861335754,49.75299835205078,4380.733496093751,1029.5014793335754,49.75299835205078,4340.292036914063,35.360298479087454,5.252572400000645,
E2,KERB-kempe,miles750,4,128,5000,0,0,0,0.0,0.1981346426820755,0.0,39.6269285364151,22.27299976348877,70.63045272827152,39.6269285364151,22.27299976348877,70.63045272827152,0.0,0.25631555799918715,
E2,KERB-direct,miles750,4,128,5000,0,0,0,0.0,0.15827040893173216,0.0,31.654081786346435,21.52500057220459,52.10550003051761,31.654081786346435,21.52500057220459,52.10550003051761,0.0,0.2150957989942981,
E2,KERB-noElim,miles750,4,128,5000,1,0,1,2.8006e-05,0.7959015358698368,3.518776976525417e-05,159.18030717396735,21.875,551.4636749267582,159.17470597396735,21.875,551.4636749267582,28.006,0.8557449839863693,
E2,KERB-noMig,miles750,4,128,5000,0,289,277,0.008293546999999998,0.23269418469047545,0.03564140208760218,46.538836938095095,7.149500131607056,264.66006164550834,44.8801275380951,7.149500131607056,240.88426181030286,28.697394463667816,0.29704608100291807,
E2,KERB-R1,homer,0,561,5000,0,0,0,0.0,0.24253613020372392,0.0,48.50722604074478,18.368999481201172,49.97669849395753,48.50722604074478,18.368999481201172,49.97669849395753,0.0,0.3621566239889944,
E2,KERB-R2,homer,0,561,5000,0,302,291,0.004522844,0.6953945641441345,0.0065039967713387955,139.0789128288269,16.54199981689453,152.05845108032227,138.1743440288269,16.54199981689453,142.36330062255863,14.97630463576159,0.8208037960139336,
E2,KERB-R3,homer,0,561,5000,0,304,303,0.005378697,1.062363583814621,0.005062953099998734,212.4727167629242,6.204999923706055,279.8816879272462,211.39697736292416,6.204999923706055,267.07514791259774,17.693082236842105,1.195199155001319,
E2,KERB-R5,homer,0,561,5000,7,331,331,0.008520574,1.5334662803370953,0.005556414320455066,306.69325606741904,6.451500177383423,1152.9409973144552,304.98914126741903,6.451500177383423,1135.069399267579,25.208798816568045,1.6605749260052107,
E2,KERB-R10,homer,0,561,5000,18,490,466,0.022928724999999997,2.8719137706205844,0.007983779051641021,574.3827541241169,7.65149998664856,4734.027905273438,569.7970091241169,7.65149998664856,4676.851848828125,45.13528543307086,3.0013483079965226,
E2,KERB-R25,homer,0,561,5000,23,924,789,0.051609353,5.006529739772319,0.010308408355194754,1001.3059479544639,11.107500076293945,5340.09079589844,990.9840773544639,11.107500076293945,5265.327985546875,54.4977328405491,5.136107383994386,
E2,KERB-kempe,homer,0,561,5000,0,0,0,0.0,0.3063048883435726,0.0,61.260977668714524,17.576499938964844,48.655049896240264,61.260977668714524,17.576499938964844,48.655049896240264,0.0,0.42730683500121813,
E2,KERB-direct,homer,0,561,5000,0,0,0,0.0,0.21951896935629844,0.0,43.90379387125969,18.315499305725098,44.93154983520508,43.90379387125969,18.315499305725098,44.93154983520508,0.0,0.33871997499954887,
E2,KERB-noElim,homer,0,561,5000,0,0,0,0.0,0.7467261294227838,0.0,149.34522588455678,2.693000078201294,135.68815612792972,149.34522588455678,2.693000078201294,135.68815612792972,0.0,0.870943032001378,
E2,KERB-noMig,homer,0,561,5000,0,112,112,0.0023085749999999998,0.07799573094081878,0.029598735368627917,15.599146188163758,5.6529998779296875,25.22135038375856,15.137431188163754,5.6529998779296875,25.22135038375856,20.612276785714283,0.21179359799134545,
E2,KERB-R1,homer,1,561,5000,0,0,0,0.0,0.4644621294314861,0.0,92.89242588629723,13.21649980545044,42.32999877929693,92.89242588629723,13.21649980545044,42.32999877929693,0.0,0.5819803109916393,
E2,KERB-R2,homer,1,561,5000,0,233,226,0.0037417509999999998,0.7711882572715283,0.004851929428021054,154.23765145430565,7.397500038146973,158.51450042724625,153.48930125430567,7.397500038146973,153.67684555053722,16.059017167381974,0.8967058029957116,
E2,KERB-R3,homer,1,561,5000,1,362,348,0.0067769629999999996,1.0082222877175808,0.006721695287397114,201.64445754351615,6.580499887466431,343.65290222167977,200.28906494351617,6.580499887466431,331.6896453857422,18.66931955922865,1.1310977669927524,
E2,KERB-R5,homer,1,561,5000,21,377,365,0.009589466,1.7655288714585304,0.005431497697388542,353.1057742917061,6.379500150680542,2157.3234008789113,351.1878810917061,6.379500150680542,2127.088791796878,24.09413567839196,1.8952578510070452,
E2,KERB-R10,homer,1,561,5000,23,591,573,0.023956862,3.269399556641102,0.00732760300017067,653.8799113282204,8.332499980926514,4626.673974609376,649.0885389282204,8.332499980926514,4590.3622609375,39.01769055374592,3.3989145459927386,
E2,KERB-R25,homer,1,561,5000,29,876,750,0.043106087,4.380856682347774,0.009839647841868847,876.171336469555,9.681000232696533,5213.449951171875,867.5501190695549,9.681000232696533,5155.8920046875,47.63103535911602,4.51663424000435,
E2,KERB-kempe,homer,1,561,5000,0,0,0,0.0,0.42766930716204643,0.0,85.53386143240928,8.52150011062622,42.2226001739502,85.53386143240928,8.52150011062622,42.2226001739502,0.0,0.5518532280111685,
E2,KERB-direct,homer,1,561,5000,0,0,0,0.0,0.28811070668005945,0.0,57.622141336011886,16.826000213623047,46.158399963378926,57.622141336011886,16.826000213623047,46.158399963378926,0.0,0.411149180989014,
E2,KERB-noElim,homer,1,561,5000,1,167,168,0.0030848679999999993,0.8406109843747616,0.003669792635763016,168.12219687495232,3.015500068664551,231.5013023376467,167.5052232749523,3.015500068664551,217.55675244140627,18.36230952380952,0.9643559859978268,
E2,KERB-noMig,homer,1,561,5000,0,148,148,0.0030827409999999995,0.11957781882810593,0.025780207652319403,23.915563765621187,5.5315001010894775,25.580849170684825,23.299015565621183,5.5315001010894775,25.580849170684825,20.82933108108108,0.24263986499863677,
E2,KERB-R1,homer,2,561,5000,0,0,0,0.0,0.2432499973909855,0.0,48.649999478197095,17.37950038909912,44.97559852600098,48.649999478197095,17.37950038909912,44.97559852600098,0.0,0.3831464889954077,
E2,KERB-R2,homer,2,561,5000,0,247,241,0.003696661,0.6398175024683476,0.005777680331873819,127.96350049366951,11.105499744415283,143.74575347900392,127.22416829366952,11.105499744415283,132.90310010376004,14.966238866396761,0.7630033590103267,
E2,KERB-R3,homer,2,561,5000,0,281,279,0.005783683,0.7623688915371895,0.007586462491062784,152.4737783074379,6.293000221252441,220.149955749512,151.3170417074379,6.293000221252441,211.3811429870607,20.58250177935943,0.8868456760101253,
E2,KERB-R5,homer,2,561,5000,13,341,332,0.009301322,1.5066683029441834,0.006173437100803322,301.33366058883666,6.695500135421753,862.34857788086,299.47339618883666,6.695500135421753,839.6568293701177,26.274920903954804,1.6462863070046296,
E2,KERB-R10,homer,2,561,5000,23,551,524,0.020490008999999997,3.1529317969410418,0.006498716217039423,630.5863593882084,7.6549999713897705,4678.664038085938,626.4883575882084,7.6549999713897705,4641.2689974609375,35.69687979094076,3.2793366629921366,
E2,KERB-R25,homer,2,561,5000,12,747,647,0.04605497,4.056033100903511,0.011354682975772787,811.2066201807022,11.434999942779541,5163.356958007814,801.9956261807023,11.434999942779541,5096.841350000002,60.67848484848485,4.206038357006037,
E2,KERB-kempe,homer,2,561,5000,0,0,0,0.0,0.34447040818214414,0.0,68.89408163642884,30.566499710083008,77.02044715881348,68.89408163642884,30.566499710083008,77.02044715881348,0.0,0.5306593909917865,
E2,KERB-direct,homer,2,561,5000,0,0,0,0.0,0.2578720083808899,0.0,51.57440167617798,18.1875,50.470201683044436,51.57440167617798,18.1875,50.470201683044436,0.0,0.3863014169910457,
E2,KERB-noElim,homer,2,561,5000,0,0,0,0.0,0.5905266284368038,0.0,118.10532568736076,2.381999969482422,34.1534505844117,118.10532568736076,2.381999969482422,34.1534505844117,0.0,0.712589789996855,
E2,KERB-noMig,homer,2,561,5000,0,138,138,0.0031017499999999995,0.07436836394453049,0.04170792303987644,14.873672788906097,5.6534998416900635,22.511200714111336,14.253322788906097,5.6534998416900635,22.511200714111336,22.476449275362317,0.20126546500250697,
E2,KERB-R1,homer,3,561,5000,0,0,0,0.0,0.34342014435768126,0.0,68.68402887153626,14.832500457763672,41.53970088958743,68.68402887153626,14.832500457763672,41.53970088958743,0.0,0.4653286590037169,
E2,KERB-R2,homer,3,561,5000,0,243,242,0.004234511000000001,0.5581948571956158,0.007586080282563484,111.63897143912315,12.663000106811523,157.4191452026368,110.79206923912314,12.663000106811523,148.3748486999512,17.425971193415638,0.6845737189869396,
E2,KERB-R3,homer,3,561,5000,0,239,239,0.004500919,0.6601804727931022,0.006817709983086047,132.03609455862045,5.797999858856201,186.40049896240242,131.13591075862044,5.797999858856201,175.91050474243175,18.832297071129705,0.7841544980037725,
E2,KERB-R5,homer,3,561,5000,8,384,372,0.009896796999999999,1.4335684880344868,0.006903609477053402,286.71369760689737,6.033999919891357,1871.351733398438,284.7343382068974,6.033999919891357,1851.865283398438,25.246931122448977,1.5628513819974614,
E2,KERB-R10,homer,3,561,5000,26,565,536,0.023116294000000003,3.106272656355381,0.007441810992574801,621.2545312710762,8.281499862670898,4749.410205078125,616.6312724710763,8.281499862670898,4712.9714638671885,39.11386463620982,3.2367562529980205,
E2,KERB-R25,homer,3,561,5000,22,855,742,0.040083482000000004,3.9881606488337518,0.010050618701059978,797.6321297667504,9.08899974822998,4904.411669921875,789.6154333667504,9.08899974822998,4846.519625976563,45.705224629418474,4.114207220001845,
E2,KERB-kempe,homer,3,561,5000,0,0,0,0.0,0.43930482349562644,0.0,87.86096469912529,15.113000392913818,45.51915149688724,87.86096469912529,15.113000392913818,45.51915149688724,0.0,0.5680377050011884,
E2,KERB-direct,homer,3,561,5000,0,0,0,0.0,0.41021116917037964,0.0,82.04223383407593,17.183500289916992,54.890100479125984,82.04223383407593,17.183500289916992,54.890100479125984,0.0,0.5418189659976633,
E2,KERB-noElim,homer,3,561,5000,1,0,1,3.769e-05,0.684069278301239,5.509675875752851e-05,136.8138556602478,2.527500033378601,65.11719970703132,136.80631766024783,2.527500033378601,65.11719970703132,37.69,0.8068004119995749,
E2,KERB-noMig,homer,3,561,5000,1,98,98,0.0018982659999999996,0.08046753018808366,0.023590459351281443,16.09350603761673,4.855999946594238,18.348250675201424,15.713852837616729,4.855999946594238,18.348250675201424,19.17440404040404,0.1986059640039457,
E2,KERB-R1,homer,4,561,5000,0,0,0,0.0,0.28117103938364985,0.0,56.23420787672997,15.564000129699707,43.94585075378419,56.23420787672997,15.564000129699707,43.94585075378419,0.0,0.40540843798953574,
E2,KERB-R2,homer,4,561,5000,0,189,189,0.0030218409999999995,0.6521841597938538,0.00463341673455418,130.43683195877074,6.194499969482422,122.91634712219242,129.83246375877076,6.194499969482422,120.1899482727051,15.988576719576717,0.7732621720060706,
E2,KERB-R3,homer,4,561,5000,0,255,253,0.004607577999999999,0.8191473523204327,0.00562484635633372,163.82947046408654,5.58299994468689,230.3678550720216,162.90795486408655,5.58299994468689,224.71709747924825,18.06893333333333,0.943837001992506,
E2,KERB-R5,homer,4,561,5000,2,171,168,0.004220738,0.8830786379203797,0.004779572077453596,176.61572758407593,5.436499834060669,266.03949432373054,175.77157998407594,5.436499834060669,245.09599509277515,24.39732947976879,1.0026868210115936,
E2,KERB-R10,homer,4,561,5000,15,500,490,0.021361333,2.7058982092072963,0.007894359413563413,541.1796418414593,7.558500051498413,4596.449243164063,536.9073752414594,7.558500051498413,4558.478866992189,41.47831650485437,2.8299799419910414,
E2,KERB-R25,homer,4,561,5000,14,755,661,0.041821557,3.9450960372724535,0.01060089706432456,789.0192074544907,9.732500076293945,5089.03115234375,780.6548960544907,9.732500076293945,5027.787768164063,54.38433940182055,4.079300213998067,
E2,KERB-kempe,homer,4,561,5000,0,0,0,0.0,0.3356497909550667,0.0,67.12995819101333,13.980000019073486,40.77579994201662,67.12995819101333,13.980000019073486,40.77579994201662,0.0,0.45832731599512044,
E2,KERB-direct,homer,4,561,5000,0,0,0,0.0,0.38594882002162934,0.0,77.18976400432587,14.118500232696533,41.898098945617676,77.18976400432587,14.118500232696533,41.898098945617676,0.0,0.5056579039955977,
E2,KERB-noElim,homer,4,561,5000,0,32,32,0.000449815,0.7338745059622526,0.0006129317701399162,146.77490119245053,2.618000030517578,93.1930015563966,146.68493819245055,2.618000030517578,93.1930015563966,14.05671875,0.8555242319998797,
E2,KERB-noMig,homer,4,561,5000,0,44,44,0.0007714970000000001,0.047587619966745376,0.016212136697299182,9.517523993349075,4.513000011444092,14.0415997028351,9.363224593349075,4.513000011444092,14.0415997028351,17.534022727272728,0.165221893999842,
